"customer_id","first_purchase","last_purchase","purchase_invoice_count","gross_spending","gross_units","product_diversity","net_spending","net_units","cancellation_invoice_count","recency_days"
"12346",2011-01-18 10:01:00,2011-01-18 10:01:00,1,77183.6,74215,1,0,0,1,325.117361111111
"12347",2010-12-07 14:57:00,2011-12-07 15:52:00,7,4310,2458,103,4310,2458,0,1.87361111111111
"12348",2010-12-16 19:09:00,2011-09-25 13:13:00,4,1797.24,2341,22,1797.24,2341,0,74.9840277777778
"12349",2011-11-21 09:51:00,2011-11-21 09:51:00,1,1757.55,631,73,1757.55,631,0,18.1243055555556
"12350",2011-02-02 16:01:00,2011-02-02 16:01:00,1,334.4,197,17,334.4,197,0,309.867361111111
"12352",2011-02-16 12:33:00,2011-11-03 14:37:00,8,2506.04,536,59,1545.41,470,3,35.9256944444444
"12353",2011-05-19 17:47:00,2011-05-19 17:47:00,1,89,20,4,89,20,0,203.79375
"12354",2011-04-21 13:11:00,2011-04-21 13:11:00,1,1079.4,530,58,1079.4,530,0,231.985416666667
"12355",2011-05-09 13:49:00,2011-05-09 13:49:00,1,459.4,240,13,459.4,240,0,213.959027777778
"12356",2011-01-18 09:50:00,2011-11-17 08:40:00,3,2811.43,1591,53,2811.43,1591,0,22.1736111111111
"12357",2011-11-06 16:07:00,2011-11-06 16:07:00,1,6207.67,2708,131,6207.67,2708,0,32.8631944444444
"12358",2011-07-12 10:04:00,2011-12-08 10:26:00,2,1168.06,248,13,1168.06,248,0,1.1
"12359",2011-01-12 12:43:00,2011-10-13 12:47:00,4,6310.03,1609,214,6182.98,1599,2,57.0020833333333
"12360",2011-05-23 09:43:00,2011-10-18 15:22:00,3,2662.06,1165,105,2662.06,1165,0,51.8944444444444
"12361",2011-02-25 13:51:00,2011-02-25 13:51:00,1,189.9,91,10,189.9,91,0,286.957638888889
"12362",2011-02-17 10:30:00,2011-12-06 15:40:00,10,5226.23,2229,201,5154.58,2212,3,2.88194444444444
"12363",2011-04-11 13:29:00,2011-08-22 10:18:00,2,552,408,23,552,408,0,109.105555555556
"12364",2011-08-19 15:24:00,2011-12-02 10:22:00,4,1313.1,1506,70,1313.1,1506,0,7.10277777777778
"12365",2011-02-21 13:51:00,2011-02-21 14:04:00,2,641.38,174,22,320.69,173,1,290.948611111111
"12367",2011-12-05 16:48:00,2011-12-05 16:48:00,1,168.9,173,11,168.9,173,0,3.83472222222222
"12370",2010-12-14 12:58:00,2011-10-19 14:51:00,4,3541.94,2352,143,3541.94,2352,0,50.9159722222222
"12371",2011-10-11 10:43:00,2011-10-26 10:16:00,2,1887.96,591,63,1887.96,591,0,44.1069444444444
"12372",2011-02-16 12:46:00,2011-09-29 12:12:00,3,1298.04,794,34,1298.04,794,0,71.0263888888889
"12373",2011-02-01 13:10:00,2011-02-01 13:10:00,1,364.6,197,14,364.6,197,0,310.986111111111
"12374",2011-11-14 15:37:00,2011-11-14 15:37:00,1,742.93,342,33,742.93,342,0,24.8840277777778
"12375",2011-09-02 14:23:00,2011-11-29 10:36:00,2,457.5,178,14,455.42,177,1,10.0930555555556
"12377",2010-12-20 09:37:00,2011-01-28 15:45:00,2,1628.12,944,72,1628.12,944,0,314.878472222222
"12378",2011-08-02 10:34:00,2011-08-02 10:34:00,1,4008.62,2529,219,4008.62,2529,0,129.094444444444
"12379",2011-06-22 16:32:00,2011-09-19 10:09:00,2,852.24,407,39,850.29,406,1,81.1118055555555
"12380",2011-06-07 09:49:00,2011-11-18 11:27:00,4,2724.81,1127,77,2720.56,1126,1,21.0576388888889
"12381",2011-08-12 09:57:00,2011-12-05 12:44:00,5,1845.31,808,70,1803.96,783,1,4.00416666666667
"12383",2010-12-22 14:28:00,2011-06-08 08:02:00,5,1850.56,1532,84,1839.31,1529,1,184.2
"12384",2011-08-10 11:23:00,2011-11-11 08:39:00,2,585.27,126,26,566.16,121,1,28.1743055555556
"12386",2010-12-08 09:53:00,2011-01-06 12:37:00,2,401.9,354,10,401.9,354,0,337.009027777778
"12388",2011-01-17 11:12:00,2011-11-24 12:30:00,6,2780.66,1462,57,2780.66,1462,0,15.0138888888889
"12390",2011-09-21 09:33:00,2011-09-21 09:33:00,1,549.84,353,32,549.84,353,0,79.1368055555556
"12391",2011-11-18 12:07:00,2011-11-18 12:07:00,1,439.66,293,92,439.66,293,0,21.0298611111111
"12393",2011-01-11 09:47:00,2011-09-28 15:41:00,4,1582.6,816,47,1582.6,816,0,71.88125
"12394",2011-05-06 14:01:00,2011-10-07 08:08:00,2,1272.48,819,26,1272.48,819,0,63.1958333333333
"12395",2010-12-03 16:35:00,2011-11-20 15:21:00,12,3018.63,2118,91,2998.28,2113,3,18.8951388888889
"12397",2011-07-27 14:21:00,2011-11-04 09:52:00,2,2409.9,1263,110,2409.9,1263,0,35.1236111111111
"12398",2011-10-25 10:27:00,2011-10-25 10:27:00,1,1635.66,1394,85,1635.66,1394,0,45.0993055555556
"12399",2011-03-23 09:42:00,2011-08-12 13:15:00,4,1108.65,1178,47,1108.65,1178,0,118.982638888889
"12401",2011-02-09 13:50:00,2011-02-09 13:50:00,1,84.3,11,5,84.3,11,0,302.958333333333
"12402",2011-01-20 13:49:00,2011-01-20 13:49:00,1,225.6,94,11,225.6,94,0,322.959027777778
"12403",2011-10-21 10:51:00,2011-10-21 10:51:00,1,427.7,96,5,409.7,95,1,49.0826388888889
"12405",2011-07-14 08:52:00,2011-07-14 08:52:00,1,1710.39,857,54,1710.39,857,0,148.165277777778
"12406",2011-06-09 10:23:00,2011-11-17 19:22:00,2,3415.3,1818,92,3280.75,1809,1,21.7277777777778
"12407",2011-03-20 13:21:00,2011-10-21 10:11:00,5,1708.12,1416,57,1708.12,1416,0,49.1104166666667
"12408",2011-03-24 14:46:00,2011-11-07 12:27:00,5,2888.55,1409,81,2842.57,1399,4,32.0159722222222
"12409",2011-06-10 12:19:00,2011-09-22 10:38:00,3,11072.67,5551,91,11056.93,5543,4,78.0916666666667
"12410",2011-02-04 10:38:00,2011-02-04 10:39:00,2,693.33,211,26,681.08,209,1,308.090972222222
"12412",2011-06-23 13:51:00,2011-09-26 10:16:00,3,1226.88,829,43,1226.88,829,0,74.1069444444445
"12413",2011-01-06 16:12:00,2011-10-04 09:00:00,3,758.1,286,29,694.15,282,2,66.1597222222222
"12414",2011-02-02 14:51:00,2011-05-06 14:51:00,3,562.41,300,16,562.41,300,0,216.915972222222
"12415",2011-01-06 11:12:00,2011-11-15 14:22:00,21,124914.53,77374,444,123725.45,76946,5,23.9361111111111
"12417",2010-12-17 11:51:00,2011-12-06 14:52:00,9,3649.1,1552,158,3578.8,1539,3,2.91527777777778
"12418",2011-08-19 11:08:00,2011-08-19 11:08:00,1,668.58,407,34,668.58,407,0,112.070833333333
"12420",2011-10-07 08:55:00,2011-10-07 08:55:00,1,600.39,345,29,600.39,345,0,63.1631944444444
"12421",2011-01-24 15:09:00,2011-11-24 09:07:00,4,807.04,484,32,806.27,483,1,15.1548611111111
"12422",2011-01-19 09:13:00,2011-09-05 09:48:00,3,803.56,370,39,803.56,370,0,95.1263888888889
"12423",2010-12-21 10:54:00,2011-12-09 10:10:00,8,1859.31,1339,97,1849.11,1327,1,0.111111111111111
"12424",2011-06-30 12:06:00,2011-06-30 12:06:00,2,1760.96,740,30,1760.96,740,0,162.030555555556
"12425",2011-09-22 17:31:00,2011-09-22 17:31:00,1,777.2,496,36,777.2,496,0,77.8048611111111
"12426",2011-05-29 12:26:00,2011-05-29 12:26:00,1,582.73,258,30,582.73,258,0,194.016666666667
"12427",2010-12-03 10:44:00,2011-11-18 08:56:00,3,825.8,533,26,708.37,236,2,21.1625
"12428",2011-03-01 09:33:00,2011-11-14 08:22:00,9,7956.46,3536,258,7877.2,3503,3,25.1861111111111
"12429",2010-12-09 12:05:00,2011-11-30 17:22:00,4,3750.4,1557,82,3750.4,1557,0,8.81111111111111
"12430",2011-10-27 15:09:00,2011-10-27 15:09:00,1,256.4,117,11,256.4,117,0,42.9034722222222
"12431",2010-12-01 10:03:00,2011-11-04 11:55:00,15,6419.95,2896,163,6348.89,2846,3,35.0381944444444
"12432",2011-06-20 13:27:00,2011-10-28 11:43:00,5,5059.32,1801,107,5059.32,1801,0,42.0465277777778
"12433",2010-12-01 13:24:00,2011-12-09 10:02:00,7,13375.87,11071,219,13375.87,11071,0,0.116666666666667
"12434",2011-03-24 13:05:00,2011-09-16 12:38:00,2,806.14,394,46,765.19,373,2,84.0083333333333
"12435",2011-03-17 07:40:00,2011-09-21 09:06:00,2,7829.89,2055,31,7829.89,2055,0,79.1555555555556
"12436",2011-09-01 12:09:00,2011-09-01 12:09:00,1,509.01,211,16,509.01,211,0,99.0284722222222
"12437",2011-01-12 14:13:00,2011-12-08 11:35:00,18,4951.41,2922,118,4896.66,2917,1,1.05208333333333
"12438",2011-07-22 13:29:00,2011-11-25 13:28:00,2,2906.85,1180,84,2906.85,1180,0,13.9736111111111
"12441",2010-12-08 10:45:00,2010-12-08 10:45:00,1,173.55,121,11,173.55,121,0,366.086805555556
"12442",2011-12-06 14:22:00,2011-12-06 14:22:00,1,172.06,182,12,172.06,182,0,2.93611111111111
"12444",2011-06-21 14:00:00,2011-11-18 13:23:00,5,5005.46,1153,138,5005.46,1153,0,20.9770833333333
"12445",2011-11-17 18:43:00,2011-11-17 18:43:00,1,133.4,62,4,133.4,62,0,21.7548611111111
"12446",2011-10-13 12:50:00,2011-10-13 12:50:00,1,1002.31,351,57,1002.31,351,0,57
"12447",2011-04-10 13:25:00,2011-04-10 13:25:00,1,476.49,190,26,476.49,190,0,242.975694444444
"12448",2011-10-26 13:46:00,2011-10-26 13:46:00,1,449.45,243,22,449.45,243,0,43.9611111111111
"12449",2011-06-05 15:37:00,2011-11-17 13:46:00,4,4067.29,1553,118,4067.29,1553,0,21.9611111111111
"12450",2011-06-19 14:36:00,2011-07-06 14:41:00,2,197.88,128,7,197.88,128,0,155.922916666667
"12451",2011-01-19 09:05:00,2011-11-29 08:40:00,5,9035.52,6575,265,8933.52,6455,1,10.1736111111111
"12452",2011-11-23 08:05:00,2011-11-23 10:28:00,2,430.57,185,21,428.57,183,1,16.0986111111111
"12453",2011-07-28 14:08:00,2011-07-28 14:08:00,1,707.09,473,43,707.09,473,0,133.945833333333
"12454",2011-10-14 17:13:00,2011-10-14 17:13:00,1,3528.34,1006,15,0,0,1,55.8173611111111
"12455",2011-02-16 09:56:00,2011-09-27 15:31:00,6,2466.86,2089,85,2466.86,2089,0,72.8881944444445
"12456",2011-03-30 09:12:00,2011-10-26 14:41:00,3,3181.04,1633,105,3153.89,1616,1,43.9229166666667
"12457",2011-04-14 18:57:00,2011-10-04 13:13:00,7,2363.23,843,53,1917.78,694,5,65.9840277777778
"12458",2011-02-28 10:55:00,2011-09-29 15:25:00,2,947.4,506,35,947.4,506,0,70.8923611111111
"12461",2011-07-08 10:23:00,2011-09-06 16:57:00,2,826.88,287,35,826.88,287,0,93.8284722222222
"12462",2011-02-09 14:44:00,2011-11-21 09:11:00,2,1189.59,536,51,1124.01,514,2,18.1520833333333
"12463",2011-04-12 12:47:00,2011-10-17 13:44:00,4,1344.78,776,65,1303.63,757,3,52.9625
"12464",2011-02-03 13:30:00,2011-11-29 13:33:00,8,1212.05,112,6,1212.05,112,0,9.97013888888889
"12465",2011-06-23 13:37:00,2011-11-22 16:34:00,2,742.19,479,46,733.89,475,1,16.8444444444444
"12468",2011-01-27 13:29:00,2011-06-05 11:36:00,2,729.54,366,36,724.04,364,1,187.051388888889
"12471",2010-12-10 09:35:00,2011-12-07 15:43:00,30,19788.65,8200,150,18705.52,7953,19,1.87986111111111
"12472",2010-12-05 14:19:00,2011-11-07 14:01:00,7,6572.11,4148,219,6229.48,4020,6,31.9506944444444
"12473",2011-06-01 10:15:00,2011-11-10 13:46:00,5,3928.05,2414,140,2837.73,2338,4,28.9611111111111
"12474",2011-01-14 10:06:00,2011-11-22 14:39:00,18,7324.09,4833,253,7064.77,4750,12,16.9243055555556
"12475",2011-10-17 10:10:00,2011-10-17 10:10:00,1,723.38,535,36,723.38,535,0,53.1111111111111
"12476",2010-12-13 14:39:00,2011-11-24 12:40:00,11,6816.42,2408,177,6546.58,2337,9,15.0069444444444
"12477",2011-02-11 12:45:00,2011-11-17 09:51:00,6,13219.74,3653,191,13117.01,3620,3,22.1243055555556
"12478",2011-12-06 09:56:00,2011-12-06 09:56:00,1,680.99,236,36,680.99,236,0,3.12083333333333
"12479",2011-11-28 13:26:00,2011-11-28 13:26:00,1,527.2,385,31,477.3,351,2,10.975
"12480",2011-01-07 15:27:00,2011-11-11 14:52:00,4,3281.63,1707,129,3281.63,1707,0,27.9152777777778
"12481",2010-12-09 10:13:00,2011-11-17 08:29:00,10,5579.82,3294,150,5574.36,3280,1,22.18125
"12483",2011-01-04 14:20:00,2011-11-22 17:02:00,8,2484.98,1110,46,2327.13,1097,5,16.825
"12484",2011-01-07 14:04:00,2011-11-07 11:37:00,6,4527.32,2187,256,4480.87,2181,2,32.0506944444444
"12488",2011-09-25 10:34:00,2011-11-30 08:50:00,3,1298.66,529,46,1298.66,529,0,9.16666666666667
"12489",2011-01-07 13:13:00,2011-01-07 13:13:00,1,334.93,105,15,334.93,105,0,335.984027777778
"12490",2011-01-14 09:13:00,2011-12-04 16:07:00,10,5417.93,3064,131,5417.93,3064,0,4.86319444444444
"12491",2011-11-01 12:18:00,2011-11-01 12:18:00,1,460.4,260,25,460.4,260,0,38.0222222222222
"12492",2011-08-26 14:51:00,2011-10-07 15:15:00,2,263.21,192,19,263.21,192,0,62.8993055555556
"12493",2011-05-26 14:53:00,2011-06-27 10:17:00,2,433.74,207,20,416.79,206,1,165.10625
"12494",2010-12-09 11:31:00,2011-11-24 09:34:00,7,1246.1,707,63,1139.35,690,6,15.1361111111111
"12497",2011-09-19 12:29:00,2011-09-19 12:29:00,1,1043.1,1236,14,1043.1,1236,0,81.0145833333333
"12498",2011-10-13 09:30:00,2011-11-18 12:53:00,3,403.7,159,21,403.7,159,0,20.9979166666667
"12500",2011-01-10 09:48:00,2011-11-16 16:20:00,11,4257.82,2678,34,4206.27,2671,2,22.8541666666667
"12501",2011-01-07 12:28:00,2011-01-07 12:28:00,1,2169.39,1783,149,2089.68,1722,1,336.015277777778
"12502",2011-02-03 10:41:00,2011-09-05 11:52:00,5,3723.87,820,102,3723.87,820,0,95.0402777777778
"12504",2011-11-09 14:56:00,2011-11-21 16:02:00,2,482.05,90,6,114,51,2,17.8666666666667
"12506",2011-04-21 08:54:00,2011-04-21 08:54:00,1,73.5,23,23,73.5,23,0,232.163888888889
"12507",2011-02-14 09:24:00,2011-07-28 17:09:00,3,1304.81,894,19,1258.06,883,1,133.820138888889
"12508",2011-11-10 16:27:00,2011-11-13 15:37:00,2,397.88,271,57,397.88,271,0,25.8840277777778
"12509",2011-02-28 14:45:00,2011-02-28 14:45:00,1,176.5,55,7,176.5,55,0,283.920138888889
"12510",2011-01-18 14:04:00,2011-07-20 10:15:00,2,982.57,353,29,982.57,353,0,142.107638888889
"12512",2011-10-04 14:53:00,2011-10-04 14:55:00,2,132.18,96,31,132.18,96,0,65.9131944444444
"12513",2011-08-19 10:51:00,2011-08-19 10:51:00,1,612.29,462,35,586.79,456,1,112.082638888889
"12514",2011-03-17 16:38:00,2011-03-17 16:38:00,1,1017.68,440,51,1017.68,440,0,266.841666666667
"12515",2010-12-21 15:43:00,2010-12-21 15:43:00,1,383.7,131,16,383.7,131,0,352.879861111111
"12516",2011-06-12 11:37:00,2011-09-23 09:13:00,2,1312.06,875,20,1312.06,875,0,77.1506944444444
"12517",2011-06-02 15:13:00,2011-11-11 14:04:00,5,2481.6,1361,232,2443.65,1338,1,27.9486111111111
"12518",2011-08-21 13:18:00,2011-12-09 10:13:00,5,2056.89,1318,84,2056.89,1318,0,0.109027777777778
"12519",2011-10-07 09:26:00,2011-10-07 09:26:00,1,330.84,175,17,330.84,175,0,63.1416666666667
"12520",2011-03-11 11:35:00,2011-09-21 15:23:00,5,2634.26,1439,121,2582.51,1430,1,78.89375
"12521",2011-07-20 10:51:00,2011-07-20 10:51:00,1,599.68,309,38,599.68,309,0,142.082638888889
"12522",2011-10-19 14:41:00,2011-10-31 15:30:00,2,192.72,194,11,192.72,194,0,38.8888888888889
"12523",2011-01-12 09:43:00,2011-11-20 12:55:00,11,1789.77,865,84,1745.57,861,2,18.9965277777778
"12524",2011-01-10 10:35:00,2011-11-30 15:31:00,8,4485.72,3699,113,4485.72,3699,0,8.88819444444444
"12526",2011-09-06 14:19:00,2011-12-09 12:09:00,3,1316.66,632,64,1316.66,632,0,0.0284722222222222
"12527",2011-01-18 12:05:00,2011-09-19 11:55:00,3,348.71,234,18,348.71,234,0,81.0381944444444
"12528",2011-01-31 09:05:00,2011-11-30 14:40:00,6,1933.48,756,50,1922.28,750,2,8.92361111111111
"12530",2011-01-07 10:04:00,2011-10-11 12:34:00,4,1662.28,913,51,1623.63,900,1,59.0111111111111
"12531",2011-11-25 11:12:00,2011-11-25 11:12:00,1,125.22,45,17,125.22,45,0,14.0680555555556
"12532",2011-11-09 13:47:00,2011-11-09 13:47:00,1,349.83,153,16,349.83,153,0,29.9604166666667
"12534",2011-08-01 10:26:00,2011-08-01 10:26:00,1,1089.18,651,63,1089.18,651,0,130.1
"12535",2011-06-06 12:47:00,2011-09-09 08:48:00,2,716.35,219,28,716.35,219,0,91.1680555555556
"12536",2011-10-11 14:52:00,2011-10-27 14:20:00,3,12601.83,2803,260,4106.82,2652,2,42.9375
"12538",2011-11-10 17:16:00,2011-11-10 17:16:00,1,363.95,191,21,363.95,191,0,28.8152777777778
"12539",2011-01-10 09:11:00,2011-11-17 13:30:00,4,5568.35,2067,157,3852.5,2066,1,21.9722222222222
"12540",2010-12-13 09:39:00,2011-11-20 11:31:00,17,13400.24,6685,277,13309.04,6677,2,19.0548611111111
"12541",2011-03-04 09:32:00,2011-11-10 10:40:00,3,981.18,680,46,981.18,680,0,29.0902777777778
"12544",2011-11-03 16:15:00,2011-11-03 16:15:00,1,372.7,136,19,355.7,132,1,35.8576388888889
"12545",2011-03-25 12:04:00,2011-09-25 13:39:00,2,1000.39,523,42,1000.39,523,0,74.9659722222222
"12546",2011-09-23 09:44:00,2011-10-24 12:09:00,2,1161.5,633,59,1141.5,617,1,46.0284722222222
"12547",2011-03-04 12:46:00,2011-05-26 12:38:00,2,207.8,134,7,207.8,134,0,197.008333333333
"12548",2011-06-26 15:35:00,2011-06-26 15:35:00,1,95.2,49,5,95.2,49,0,165.885416666667
"12550",2011-09-21 14:35:00,2011-09-21 14:35:00,1,964.83,569,57,964.83,569,0,78.9270833333333
"12551",2010-12-17 11:23:00,2010-12-17 11:23:00,1,168,100,10,168,100,0,357.060416666667
"12552",2011-10-31 12:11:00,2011-11-01 10:02:00,2,437.82,88,20,437.82,88,0,38.1166666666667
"12553",2011-01-14 10:42:00,2011-12-01 16:38:00,10,3692.28,1965,95,3652.25,1924,4,7.84166666666667
"12556",2011-07-11 13:35:00,2011-10-20 13:06:00,2,599.56,355,100,599.56,355,0,49.9888888888889
"12557",2010-12-03 12:20:00,2011-11-23 16:59:00,5,11990.96,4384,15,11990.96,4384,0,15.8270833333333
"12558",2011-12-02 10:41:00,2011-12-02 10:41:00,1,269.96,196,11,0,0,1,7.08958333333333
"12559",2011-01-24 10:12:00,2011-02-02 09:49:00,2,561.71,283,21,536.21,281,1,310.125694444444
"12560",2011-07-19 15:55:00,2011-12-04 13:54:00,3,2134.01,1110,91,2101.39,1078,1,4.95555555555556
"12561",2011-02-10 11:39:00,2011-02-10 11:39:00,1,238.85,177,16,238.85,177,0,302.049305555556
"12562",2011-05-25 12:44:00,2011-12-01 17:20:00,7,3781.74,1779,99,3781.74,1779,0,7.8125
"12564",2011-03-23 14:55:00,2011-03-23 14:55:00,1,456.9,133,21,456.9,133,0,260.913194444444
"12565",2011-02-24 10:34:00,2011-02-24 10:34:00,1,145.92,80,9,131.17,75,1,288.094444444444
"12566",2011-09-14 14:30:00,2011-09-14 14:30:00,1,351.65,265,19,346.7,264,1,85.9305555555556
"12567",2010-12-05 11:57:00,2011-11-17 11:02:00,10,9401.28,4305,323,9114.94,4089,1,22.075
"12569",2011-04-01 13:47:00,2011-12-07 16:24:00,32,4124.69,1801,92,4064.99,1793,3,1.85138888888889
"12571",2011-08-10 12:35:00,2011-10-31 10:19:00,2,519.61,523,31,519.61,523,0,39.1048611111111
"12572",2011-10-19 08:20:00,2011-12-01 09:20:00,2,1020.42,452,53,1004.72,450,1,8.14583333333333
"12573",2011-04-26 15:52:00,2011-04-26 15:52:00,1,160.54,84,26,160.54,84,0,226.873611111111
"12574",2011-01-28 09:20:00,2011-01-28 09:20:00,1,218.45,61,11,218.45,61,0,315.145833333333
"12576",2011-02-08 11:31:00,2011-11-04 10:11:00,5,1315.83,967,72,1306.98,964,1,35.1104166666667
"12577",2010-12-15 16:21:00,2011-11-04 13:24:00,3,626.6,469,137,564.2,463,1,34.9763888888889
"12578",2011-01-13 15:34:00,2011-11-18 13:30:00,2,2794.51,1196,111,2753.36,1171,2,20.9722222222222
"12579",2011-09-22 17:15:00,2011-09-22 17:15:00,1,440.42,285,29,410.72,278,2,77.8159722222222
"12580",2011-04-07 10:24:00,2011-04-07 10:24:00,1,415.7,238,24,415.7,238,0,246.101388888889
"12581",2011-10-31 08:56:00,2011-10-31 08:56:00,1,197.71,161,15,197.71,161,0,39.1625
"12582",2011-02-24 11:42:00,2011-04-15 08:45:00,2,511.36,300,21,511.36,300,0,238.170138888889
"12583",2010-12-01 08:45:00,2011-12-07 08:07:00,15,7281.38,5060,115,7187.34,5009,3,2.19652777777778
"12584",2011-03-04 15:15:00,2011-12-06 09:35:00,9,2338.15,416,44,1893.95,354,9,3.13541666666667
"12585",2010-12-23 12:58:00,2011-04-19 13:39:00,2,2040.1,1279,77,1982.81,1258,2,233.965972222222
"12586",2011-11-22 16:24:00,2011-11-22 16:24:00,1,196.94,79,11,179.94,77,1,16.8513888888889
"12587",2011-12-02 12:47:00,2011-12-02 12:47:00,1,144,51,4,144,51,0,7.00208333333333
"12588",2011-10-31 15:01:00,2011-10-31 15:01:00,1,214.9,53,10,214.9,53,0,38.9090277777778
"12589",2011-07-18 12:05:00,2011-11-11 10:19:00,2,646.68,306,29,646.68,306,0,28.1048611111111
"12590",2011-05-12 14:46:00,2011-05-12 14:52:00,2,9864.26,4283,68,9861.38,4279,1,210.915277777778
"12591",2011-01-26 14:35:00,2011-01-26 14:35:00,1,452.85,228,26,452.85,228,0,316.927083333333
"12592",2011-05-10 13:44:00,2011-09-08 15:04:00,2,437.6,290,11,437.6,290,0,91.9069444444444
"12593",2011-05-05 09:29:00,2011-08-23 12:43:00,3,418.1,206,14,418.1,206,0,108.004861111111
"12594",2011-01-21 09:52:00,2011-11-02 12:20:00,10,3338.22,1777,50,3320.22,1776,1,37.0208333333333
"12596",2011-04-11 13:22:00,2011-10-19 13:02:00,2,618.27,474,25,618.27,474,0,50.9916666666667
"12597",2011-03-16 14:00:00,2011-11-20 13:33:00,4,3811.22,2236,184,3683.13,2187,1,18.9701388888889
"12598",2011-02-28 11:58:00,2011-11-30 12:18:00,8,3023.08,1964,84,3002.68,1940,1,9.02222222222222
"12599",2011-02-08 13:28:00,2011-11-10 13:34:00,7,1032.58,956,32,1032.58,956,0,28.9694444444444
"12600",2010-12-03 12:57:00,2011-11-11 10:29:00,10,2599.04,774,32,2581.04,773,1,28.0979166666667
"12601",2011-01-11 10:38:00,2011-06-03 10:17:00,5,577.06,245,21,569.56,244,1,189.10625
"12602",2011-10-12 11:22:00,2011-10-12 11:22:00,1,153.12,162,12,153.12,162,0,58.0611111111111
"12603",2011-11-18 10:42:00,2011-11-18 10:42:00,1,739.2,63,2,739.2,63,0,21.0888888888889
"12604",2011-03-23 12:06:00,2011-09-21 14:08:00,2,254.18,201,15,254.18,201,0,78.9458333333333
"12607",2011-10-10 16:06:00,2011-10-10 16:06:00,1,1579.51,1228,101,0,0,1,59.8638888888889
"12609",2011-01-25 15:13:00,2011-09-22 16:34:00,3,1126.85,648,57,1126.85,648,0,77.8444444444444
"12610",2011-08-05 13:52:00,2011-11-17 09:34:00,5,2099.54,1049,85,2057.99,1028,2,22.1361111111111
"12611",2011-10-18 13:12:00,2011-10-18 13:12:00,1,1193.32,846,65,1193.32,846,0,51.9847222222222
"12612",2011-09-26 15:35:00,2011-09-26 15:35:00,1,704.04,262,19,643.59,251,1,73.8854166666667
"12613",2011-03-22 15:42:00,2011-10-13 14:59:00,5,3344.38,1644,124,3218.98,1596,1,56.9104166666667
"12614",2011-03-07 10:22:00,2011-03-07 10:22:00,1,315.6,76,20,315.6,76,0,277.102777777778
"12615",2011-06-24 13:35:00,2011-12-07 15:02:00,4,2291.19,1376,82,2291.19,1376,0,1.90833333333333
"12616",2011-02-15 14:17:00,2011-09-05 15:17:00,2,713.3,284,25,657.25,273,3,94.8979166666667
"12617",2011-11-10 14:39:00,2011-11-10 14:39:00,1,352.98,210,39,352.98,210,0,28.9243055555556
"12618",2011-11-18 11:10:00,2011-11-18 11:10:00,1,177.31,96,11,177.31,96,0,21.0694444444444
"12619",2011-03-31 13:10:00,2011-11-23 14:52:00,9,3641.24,3378,50,3214.81,3354,4,15.9152777777778
"12620",2011-05-19 12:10:00,2011-11-25 10:20:00,3,1339.41,1181,89,1339.41,1181,0,14.1041666666667
"12621",2010-12-09 10:16:00,2011-12-08 11:25:00,20,13689.67,7440,261,13612.07,7404,3,1.05902777777778
"12622",2011-04-21 16:39:00,2011-04-21 16:39:00,1,180.1,69,11,180.1,69,0,231.840972222222
"12623",2011-03-08 13:50:00,2011-03-08 13:50:00,1,305.1,191,18,305.1,191,0,275.958333333333
"12624",2011-06-15 12:34:00,2011-08-25 15:04:00,2,641.13,355,36,641.13,355,0,105.906944444444
"12625",2011-01-24 13:27:00,2011-05-12 09:54:00,2,2683.82,1612,73,2614.32,1577,1,211.122222222222
"12626",2011-01-17 11:01:00,2011-11-16 16:06:00,9,6620.48,3453,232,6388.35,3350,4,22.8638888888889
"12627",2011-07-22 13:59:00,2011-11-29 12:07:00,7,4478.53,2752,162,4478.53,2752,0,10.0298611111111
"12628",2011-10-06 09:28:00,2011-12-05 13:15:00,3,786.46,448,34,769.61,445,1,3.98263888888889
"12630",2011-10-27 10:41:00,2011-11-30 10:48:00,2,1270.88,548,60,1270.88,548,0,9.08472222222222
"12631",2011-10-13 13:53:00,2011-10-13 13:53:00,1,640.5,236,31,640.5,236,0,56.95625
"12633",2011-02-25 08:44:00,2011-10-12 11:40:00,4,2163.98,1162,73,2140.63,1149,1,58.0486111111111
"12635",2011-07-08 08:43:00,2011-09-11 11:04:00,2,1689.18,1172,96,1689.18,1172,0,89.0736111111111
"12637",2011-01-20 10:47:00,2011-10-03 13:46:00,8,6002.9,2994,205,5934.25,2982,2,66.9611111111111
"12638",2011-11-06 13:11:00,2011-11-06 13:11:00,1,671.69,577,39,671.69,577,0,32.9854166666667
"12639",2011-04-15 12:48:00,2011-04-15 12:48:00,1,486.1,201,22,486.1,201,0,238.001388888889
"12640",2011-09-19 12:01:00,2011-11-16 11:52:00,3,1174.58,311,47,1174.58,311,0,23.0402777777778
"12641",2011-08-16 13:26:00,2011-08-16 13:26:00,1,185.9,72,10,185.9,72,0,114.975
"12642",2011-08-24 09:23:00,2011-11-14 15:03:00,3,1013.26,552,39,1013.26,552,0,24.9076388888889
"12643",2011-01-11 11:48:00,2011-08-03 12:56:00,6,3344.64,1808,11,3344.64,1808,0,127.995833333333
"12644",2011-08-02 10:33:00,2011-08-02 10:33:00,1,477.91,325,31,477.91,325,0,129.095138888889
"12645",2011-01-27 13:08:00,2011-11-06 12:38:00,4,1775.18,1084,58,1755.38,1072,1,33.0083333333333
"12646",2011-10-21 12:52:00,2011-12-05 10:14:00,2,1346.97,897,43,1346.97,897,0,4.10833333333333
"12647",2010-12-05 14:02:00,2011-11-17 12:56:00,12,3722.82,1431,78,3669.92,1419,1,21.9958333333333
"12648",2011-07-08 11:55:00,2011-07-08 11:55:00,1,318.05,160,21,318.05,160,0,154.038194444444
"12649",2011-05-11 14:37:00,2011-08-24 14:41:00,3,623.51,586,28,603.71,574,1,106.922916666667
"12650",2011-12-06 16:34:00,2011-12-06 16:34:00,1,314.44,254,20,314.44,254,0,2.84444444444444
"12651",2011-01-09 12:46:00,2011-01-09 12:46:00,1,114,78,9,114,78,0,334.002777777778
"12652",2011-01-12 15:00:00,2011-01-12 15:00:00,1,919.98,505,48,914.53,502,1,330.909722222222
"12653",2011-02-16 10:53:00,2011-07-14 10:41:00,2,2209.85,919,37,2209.85,919,0,148.089583333333
"12654",2011-02-17 13:16:00,2011-11-29 10:10:00,5,601.98,264,31,601.98,264,0,10.1111111111111
"12656",2011-04-20 09:20:00,2011-11-22 13:42:00,5,4051.17,1723,89,3982.72,1708,3,16.9638888888889
"12657",2011-09-22 11:40:00,2011-11-28 15:47:00,4,1643.18,1044,35,1152.06,654,1,10.8770833333333
"12658",2011-11-21 10:22:00,2011-11-21 10:22:00,1,686.05,320,36,686.05,320,0,18.1027777777778
"12659",2011-11-10 11:53:00,2011-11-10 11:53:00,1,91.68,105,5,91.68,105,0,29.0395833333333
"12660",2011-11-28 13:26:00,2011-11-28 13:26:00,1,245.1,127,13,245.1,127,0,10.975
"12662",2010-12-01 13:04:00,2011-12-09 11:59:00,11,3849.78,2058,129,3817.08,2040,1,0.0354166666666667
"12664",2011-01-21 11:42:00,2011-12-01 17:07:00,9,4881.88,1203,10,4863.88,1202,1,7.82152777777778
"12665",2011-01-19 08:34:00,2011-01-19 08:34:00,1,63,37,3,61.75,36,1,324.177777777778
"12667",2011-10-12 17:00:00,2011-10-12 17:00:00,1,620.13,395,33,620.13,395,0,57.8263888888889
"12668",2010-12-19 12:46:00,2011-11-28 10:56:00,4,3807.15,1634,115,3743.18,1595,2,11.0791666666667
"12669",2011-03-28 10:15:00,2011-07-12 09:54:00,3,2744.03,1115,98,1607.73,1114,1,150.122222222222
"12670",2011-04-21 10:16:00,2011-11-29 15:23:00,5,2996.05,1397,58,2986.15,1391,1,9.89375
"12672",2011-01-14 09:20:00,2011-01-14 09:20:00,1,225.9,78,10,225.9,78,0,329.145833333333
"12673",2011-01-17 11:46:00,2011-12-04 13:55:00,2,610.52,351,42,610.52,351,0,4.95486111111111
"12674",2011-05-16 09:10:00,2011-11-01 12:12:00,4,1970.6,1133,52,1922.26,1103,3,38.0263888888889
"12676",2011-02-01 15:41:00,2011-11-15 12:25:00,6,1331.39,670,33,1331.39,670,0,24.0173611111111
"12678",2010-12-21 11:00:00,2011-10-28 13:04:00,12,17628.46,10923,105,17588.26,10899,1,41.9902777777778
"12679",2011-03-01 12:26:00,2011-10-12 12:30:00,4,1113.02,554,43,1058.67,530,5,58.0138888888889
"12680",2011-08-18 15:44:00,2011-12-09 12:50:00,4,880.81,444,33,880.81,444,0,0
"12681",2010-12-07 10:08:00,2011-11-25 11:33:00,22,13787.54,7536,267,13677.59,7518,5,14.0534722222222
"12682",2010-12-03 13:59:00,2011-12-06 10:00:00,31,12279.82,5555,209,12279.82,5555,0,3.11805555555556
"12683",2010-12-09 10:37:00,2011-12-05 16:31:00,15,8476.57,4987,177,8221.09,4903,5,3.84652777777778
"12684",2011-05-10 12:55:00,2011-12-02 09:53:00,7,2283.63,1985,61,2283.63,1985,0,7.12291666666667
"12685",2011-09-07 10:28:00,2011-11-11 13:46:00,6,2863.08,1523,117,2863.08,1523,0,27.9611111111111
"12686",2010-12-03 09:51:00,2010-12-03 09:51:00,1,89.14,107,7,89.14,107,0,371.124305555556
"12688",2011-08-18 08:49:00,2011-08-18 08:49:00,1,4873.81,3028,171,4873.81,3028,0,113.167361111111
"12689",2011-08-04 10:04:00,2011-11-14 08:31:00,2,1247.61,628,57,1247.61,628,0,25.1798611111111
"12690",2011-05-18 09:09:00,2011-05-18 09:09:00,1,389.01,106,16,389.01,106,0,205.153472222222
"12691",2010-12-17 14:46:00,2011-11-11 16:49:00,6,1035.8,394,21,1035.8,394,0,27.8340277777778
"12693",2011-01-24 12:58:00,2011-08-04 17:51:00,4,855.91,255,35,830.96,250,2,126.790972222222
"12694",2011-06-09 17:48:00,2011-09-30 13:06:00,2,869.67,509,32,869.67,509,0,69.9888888888889
"12695",2011-05-13 13:15:00,2011-12-02 13:22:00,4,582.1,220,23,582.1,220,0,6.97777777777778
"12697",2011-06-23 15:44:00,2011-11-11 08:47:00,3,957.59,508,37,939.02,499,2,28.16875
"12700",2011-05-08 16:10:00,2011-12-02 10:47:00,4,4939.99,2967,193,4867.99,2963,2,7.08541666666667
"12701",2011-04-11 13:02:00,2011-09-21 10:47:00,2,797.71,678,50,797.71,678,0,79.0854166666667
"12702",2011-11-20 10:36:00,2011-11-20 10:36:00,1,219,53,12,219,53,0,19.0930555555556
"12703",2011-09-29 17:52:00,2011-09-29 17:52:00,1,283.55,164,21,274.7,161,1,70.7902777777778
"12704",2011-06-23 10:20:00,2011-12-02 13:15:00,8,2340.84,1006,64,2220.84,1003,2,6.98263888888889
"12705",2010-12-17 15:58:00,2011-11-24 13:17:00,9,6868.29,3997,228,6814.24,3973,5,14.98125
"12707",2011-02-21 08:38:00,2011-02-21 08:38:00,1,603.42,256,33,603.42,256,0,291.175
"12708",2010-12-06 10:43:00,2011-11-10 09:52:00,10,2712.91,1307,86,2616.32,1270,6,29.1236111111111
"12709",2010-12-08 09:49:00,2011-11-24 15:38:00,15,9706.52,3912,93,9264.1,3808,11,14.8833333333333
"12710",2011-05-22 14:05:00,2011-09-04 12:00:00,3,1149.02,851,75,1130.57,849,1,96.0347222222222
"12712",2010-12-03 14:30:00,2011-11-11 08:19:00,13,4396.13,1062,58,4241.63,1044,4,28.1881944444444
"12713",2011-12-09 12:16:00,2011-12-09 12:16:00,1,848.55,508,38,848.55,508,0,0.0236111111111111
"12714",2011-02-18 10:53:00,2011-11-30 15:43:00,5,4708.86,3069,216,4708.86,3069,0,8.87986111111111
"12715",2011-08-25 15:22:00,2011-08-25 15:22:00,1,343.36,192,20,343.36,192,0,105.894444444444
"12716",2011-07-29 13:28:00,2011-12-06 08:55:00,2,1053.49,708,60,1053.49,708,0,3.16319444444444
"12717",2011-04-08 10:32:00,2011-07-11 14:47:00,2,1030.98,506,49,980.98,505,1,150.91875
"12718",2011-09-29 16:38:00,2011-09-29 16:38:00,1,238.25,203,19,238.25,203,0,70.8416666666667
"12719",2011-10-05 14:50:00,2011-12-04 13:45:00,2,644.95,374,34,608.1,361,1,4.96180555555556
"12720",2010-12-05 15:21:00,2011-12-07 08:03:00,25,5781.73,4672,211,5713.28,4654,4,2.19930555555556
"12721",2010-12-20 11:38:00,2011-11-08 12:13:00,6,2656.13,1959,133,2628.98,1954,1,31.0256944444444
"12722",2011-07-12 11:55:00,2011-09-15 14:50:00,4,997.63,566,50,904.33,560,2,84.9166666666667
"12723",2011-10-05 15:52:00,2011-12-06 10:19:00,5,725.07,434,53,725.07,434,0,3.10486111111111
"12724",2011-01-11 15:00:00,2011-12-04 16:02:00,4,1031.41,445,47,1031.41,445,0,4.86666666666667
"12725",2010-12-03 15:45:00,2010-12-03 15:45:00,1,427.8,164,24,427.8,164,0,370.878472222222
"12726",2010-12-17 12:56:00,2011-11-11 13:35:00,7,2609.1,3143,57,2609.1,3143,0,27.96875
"12727",2011-01-23 15:17:00,2011-11-29 11:46:00,7,3980.7,2098,109,3947.7,2085,2,10.0444444444444
"12728",2011-01-11 13:31:00,2011-09-29 15:31:00,4,836.33,419,38,836.33,419,0,70.8881944444445
"12729",2011-08-18 11:40:00,2011-08-18 11:40:00,1,453.01,233,26,453.01,233,0,113.048611111111
"12731",2010-12-10 10:56:00,2011-11-16 11:59:00,12,18895.91,8437,109,18793.41,8366,2,23.0354166666667
"12732",2011-06-13 11:33:00,2011-06-13 11:33:00,1,236.26,111,12,236.26,111,0,179.053472222222
"12733",2011-04-19 16:19:00,2011-04-19 16:19:00,1,383.95,137,22,383.95,137,0,233.854861111111
"12734",2010-12-22 12:47:00,2010-12-22 12:47:00,1,110.4,88,4,110.4,88,0,352.002083333333
"12735",2011-01-06 14:26:00,2011-01-28 13:37:00,2,779.57,368,38,779.57,368,0,314.967361111111
"12736",2011-01-11 07:57:00,2011-01-11 07:57:00,1,234,173,4,234,173,0,332.203472222222
"12738",2010-12-02 18:27:00,2010-12-02 18:27:00,1,155.35,148,11,155.35,148,0,371.765972222222
"12739",2011-09-01 17:45:00,2011-09-22 13:00:00,2,1013.04,486,38,1013.04,486,0,77.9930555555556
"12740",2011-10-07 10:44:00,2011-10-07 10:44:00,1,427.6,342,27,427.6,342,0,63.0875
"12743",2011-07-28 16:06:00,2011-07-28 16:21:00,2,540.13,315,114,540.13,315,0,133.853472222222
"12744",2011-01-25 13:26:00,2011-10-19 11:18:00,7,21279.29,5241,178,9120.39,5234,3,51.0638888888889
"12747",2010-12-05 15:38:00,2011-12-07 14:34:00,11,4196.01,1275,42,4196.01,1275,0,1.92777777777778
"12748",2010-12-01 12:48:00,2011-12-09 12:20:00,209,33053.19,25287,1768,28405.56,23749,14,0.0208333333333333
"12749",2011-05-10 15:25:00,2011-12-06 09:56:00,5,4090.88,1471,160,3868.2,1422,3,3.12083333333333
"12750",2011-08-03 09:13:00,2011-08-03 09:13:00,1,275.88,137,15,275.88,137,0,128.150694444444
"12752",2011-09-19 13:32:00,2011-09-19 13:32:00,1,4366.78,2262,53,4366.78,2262,0,80.9708333333333
"12753",2010-12-12 11:44:00,2011-11-17 10:52:00,6,21429.39,11421,132,21024.01,11250,5,22.0819444444444
"12754",2011-02-04 10:31:00,2011-04-18 09:00:00,3,3010.74,6481,49,2949.12,6479,2,235.159722222222
"12755",2010-12-09 10:44:00,2011-03-04 12:42:00,2,3811.95,1491,4,2203.2,866,2,280.005555555556
"12756",2011-09-14 09:31:00,2011-09-14 09:31:00,1,112.08,144,4,112.08,144,0,86.1381944444445
"12757",2011-05-12 19:01:00,2011-11-24 12:30:00,13,7834.65,2395,237,4205.25,2378,6,15.0138888888889
"12758",2011-03-08 12:05:00,2011-08-15 10:22:00,2,2791.59,2135,84,2791.59,2135,0,116.102777777778
"12759",2011-03-09 08:09:00,2011-10-18 14:49:00,3,1531.44,902,81,1531.44,902,0,51.9173611111111
"12762",2011-11-14 14:23:00,2011-12-02 10:23:00,2,1898.52,1227,62,1898.52,1227,0,7.10208333333333
"12763",2010-12-05 15:46:00,2011-07-24 14:12:00,2,494.08,316,16,494.08,316,0,137.943055555556
"12764",2011-01-27 10:19:00,2011-01-27 10:19:00,1,1693.88,386,45,1693.88,386,0,316.104861111111
"12766",2010-12-08 13:53:00,2011-12-06 08:46:00,7,6989.63,3646,205,6989.63,3646,0,3.16944444444444
"12769",2011-04-15 10:25:00,2011-04-15 10:25:00,1,1143.6,356,32,1143.6,356,0,238.100694444444
"12770",2011-05-13 09:33:00,2011-05-13 09:33:00,1,1351.45,743,12,1351.45,743,0,210.136805555556
"12772",2011-10-11 09:19:00,2011-10-11 09:19:00,1,892.47,556,55,892.47,556,0,59.1465277777778
"12775",2011-02-01 13:45:00,2011-11-22 16:33:00,5,1386.04,877,47,1351.24,853,1,16.8451388888889
"12778",2011-01-31 14:35:00,2011-11-20 11:30:00,6,822.23,825,40,804.23,824,1,19.0555555555556
"12779",2010-12-03 13:40:00,2011-11-02 11:43:00,8,3981.36,2024,88,3868.7,1996,4,37.0465277777778
"12781",2011-02-28 08:43:00,2011-10-07 10:37:00,2,826.74,671,25,707.72,592,3,63.0923611111111
"12782",2010-12-17 11:30:00,2011-12-05 09:16:00,5,2330.92,1086,81,2273.32,1070,1,4.14861111111111
"12783",2011-09-25 15:35:00,2011-12-07 15:56:00,6,2225.91,624,76,1603.87,622,2,1.87083333333333
"12784",2011-11-24 12:53:00,2011-11-30 15:38:00,2,532.82,280,54,532.82,280,0,8.88333333333333
"12785",2010-12-10 13:48:00,2010-12-10 13:48:00,1,311.95,131,14,305.71,128,1,363.959722222222
"12787",2011-05-31 09:36:00,2011-11-30 08:44:00,3,463.66,261,17,463.66,261,0,9.17083333333333
"12789",2011-10-05 13:34:00,2011-10-05 13:34:00,1,91.85,4,4,91.85,4,0,64.9694444444444
"12790",2011-05-31 14:14:00,2011-05-31 14:14:00,1,324.92,166,21,324.92,166,0,191.941666666667
"12791",2010-12-01 11:27:00,2010-12-01 11:27:00,1,192.6,97,2,192.6,97,0,373.057638888889
"12792",2011-03-28 11:36:00,2011-03-28 11:36:00,1,400.54,217,25,400.54,217,0,256.051388888889
"12793",2010-12-03 15:14:00,2011-01-09 12:12:00,2,545.48,295,21,545.48,295,0,334.026388888889
"12794",2011-09-02 12:01:00,2011-10-17 14:54:00,2,860.41,592,43,860.41,592,0,52.9138888888889
"12795",2011-11-21 10:27:00,2011-11-21 10:27:00,1,430.48,68,14,430.48,68,0,18.0993055555556
"12797",2010-12-09 10:55:00,2010-12-09 10:55:00,1,254.03,118,13,194.18,79,2,365.079861111111
"12798",2011-06-22 10:11:00,2011-11-29 15:52:00,3,6977.04,5256,6,6977.04,5256,0,9.87361111111111
"12802",2011-06-06 09:36:00,2011-06-06 09:36:00,1,427.58,314,25,412.58,302,1,186.134722222222
"12808",2010-12-06 10:27:00,2011-11-03 10:05:00,3,483.65,188,27,483.65,188,0,36.1145833333333
"12809",2011-06-15 10:51:00,2011-06-15 10:51:00,1,489.31,220,25,484.36,219,1,177.082638888889
"12811",2011-02-28 15:39:00,2011-03-24 09:42:00,3,514.85,230,27,514.85,230,0,260.130555555556
"12812",2011-10-26 09:54:00,2011-10-26 09:54:00,1,229.64,164,15,229.64,164,0,44.1222222222222
"12814",2011-08-30 12:11:00,2011-08-30 12:11:00,1,125.92,49,2,125.92,49,0,101.027083333333
"12815",2011-05-25 13:34:00,2011-07-15 10:21:00,2,1063.46,379,38,1063.46,379,0,147.103472222222
"12816",2011-06-16 13:24:00,2011-09-05 12:41:00,2,572.2,128,27,572.2,128,0,95.00625
"12817",2011-03-03 16:28:00,2011-03-03 16:28:00,1,166.04,53,4,166.04,53,0,280.848611111111
"12818",2011-03-23 12:06:00,2011-03-23 12:06:00,1,1542.08,929,14,1517.88,923,1,261.030555555556
"12820",2011-01-17 12:34:00,2011-12-06 15:12:00,4,942.34,722,55,942.34,722,0,2.90138888888889
"12821",2011-05-09 15:51:00,2011-05-09 15:51:00,1,92.72,70,6,92.72,70,0,213.874305555556
"12822",2011-09-13 13:46:00,2011-09-30 10:04:00,2,948.88,550,41,918.98,548,1,70.1152777777778
"12823",2011-02-16 12:15:00,2011-09-26 07:35:00,5,1759.5,230,1,1759.5,230,0,74.21875
"12824",2011-10-11 12:49:00,2011-10-11 12:49:00,1,397.12,232,25,397.12,232,0,59.0006944444444
"12826",2010-12-09 15:21:00,2011-12-07 10:25:00,7,1474.72,1058,58,1468.12,1054,1,2.10069444444444
"12827",2011-10-26 15:44:00,2011-12-04 12:17:00,3,430.15,197,19,430.15,197,0,5.02291666666667
"12828",2011-08-01 16:16:00,2011-12-07 08:45:00,6,1018.71,494,46,1018.71,494,0,2.17013888888889
"12829",2010-12-14 14:54:00,2011-01-07 11:13:00,2,293,376,9,253.05,375,1,336.067361111111
"12830",2011-06-21 10:53:00,2011-11-02 11:54:00,6,6814.64,9848,13,6748.4,9847,1,37.0388888888889
"12831",2011-03-22 13:02:00,2011-03-22 13:02:00,1,215.05,135,9,215.05,135,0,261.991666666667
"12832",2011-09-02 13:48:00,2011-11-07 13:30:00,2,383.03,195,27,383.03,195,0,31.9722222222222
"12833",2011-07-17 13:46:00,2011-07-17 13:46:00,1,417.38,156,24,417.38,156,0,144.961111111111
"12834",2011-03-02 09:49:00,2011-03-02 09:49:00,1,312.38,110,18,312.38,110,0,282.125694444444
"12836",2011-02-01 11:19:00,2011-10-11 15:10:00,4,2610.36,1062,148,2610.36,1062,0,58.9027777777778
"12837",2011-06-19 16:07:00,2011-06-19 16:07:00,1,134.1,24,12,134.1,24,0,172.863194444444
"12838",2010-12-01 11:57:00,2011-11-06 12:20:00,2,671.95,355,115,671.95,355,0,33.0208333333333
"12839",2010-12-07 15:48:00,2011-12-07 12:33:00,14,5591.42,3807,95,5583.62,3804,2,2.01180555555556
"12840",2011-04-27 12:21:00,2011-07-19 09:29:00,4,2726.77,1511,67,2714.27,1505,2,143.139583333333
"12841",2010-12-03 10:43:00,2011-12-05 11:13:00,25,3991.58,2720,229,3845.63,2646,1,4.06736111111111
"12842",2011-02-04 12:36:00,2011-09-30 15:33:00,2,1118.99,547,34,1118.99,547,0,69.8868055555556
"12843",2011-03-20 14:38:00,2011-10-05 12:09:00,8,1702.26,781,69,1680.76,753,1,65.0284722222222
"12844",2011-08-01 13:11:00,2011-11-10 13:31:00,2,325.96,125,47,325.96,125,0,28.9715277777778
"12845",2011-02-22 14:10:00,2011-03-17 13:34:00,4,354.09,204,26,354.09,204,0,266.969444444444
"12847",2011-11-17 13:16:00,2011-11-17 13:16:00,1,843.64,873,72,843.64,873,0,21.9819444444444
"12849",2011-03-16 12:26:00,2011-11-08 13:41:00,2,1010.29,597,47,1010.29,597,0,30.9645833333333
"12851",2011-09-04 12:41:00,2011-09-04 12:41:00,1,131.81,106,43,131.81,106,0,96.00625
"12852",2011-02-18 08:47:00,2011-02-18 08:47:00,1,311.55,149,17,299.75,145,1,294.16875
"12853",2011-01-28 10:28:00,2011-07-28 11:29:00,6,1957.1,800,66,1881.7,782,3,134.05625
"12854",2011-01-25 13:35:00,2011-09-22 12:15:00,3,1316.25,626,95,1280.9,621,2,78.0243055555556
"12855",2010-12-02 09:37:00,2010-12-02 09:37:00,1,38.1,30,3,38.1,30,0,372.134027777778
"12856",2011-10-07 12:38:00,2011-12-02 10:52:00,6,2170.78,1076,155,2153.53,1073,2,7.08194444444444
"12857",2011-02-10 12:32:00,2011-05-13 10:20:00,2,1106.4,343,37,1106.4,343,0,210.104166666667
"12863",2011-10-18 14:15:00,2011-10-18 14:15:00,1,521.2,188,5,504.2,186,1,51.9409722222222
"12864",2011-07-24 13:03:00,2011-07-24 13:03:00,1,147.12,216,3,147.12,216,0,137.990972222222
"12865",2011-08-08 10:11:00,2011-11-13 14:31:00,2,1568.23,925,86,1548.07,877,1,25.9298611111111
"12866",2011-03-01 14:11:00,2011-03-01 14:11:00,1,559.12,171,26,559.12,171,0,282.94375
"12867",2010-12-14 16:39:00,2011-11-13 15:30:00,7,4009.34,4284,240,3958.74,4260,3,25.8888888888889
"12868",2010-12-01 12:50:00,2011-06-07 10:42:00,6,1607.06,928,72,1607.06,928,0,185.088888888889
"12871",2011-05-16 13:32:00,2011-09-16 15:07:00,2,380.64,200,8,380.64,200,0,83.9048611111111
"12872",2010-12-09 14:44:00,2011-01-17 10:52:00,2,599.97,319,58,599.97,319,0,326.081944444444
"12873",2011-03-02 14:58:00,2011-03-02 14:58:00,1,374,128,4,374,128,0,281.911111111111
"12875",2010-12-12 12:03:00,2011-07-19 15:30:00,2,343.23,2019,1,343.23,2019,0,142.888888888889
"12876",2011-05-27 13:34:00,2011-10-13 12:26:00,2,2218.02,1941,67,2218.02,1941,0,57.0166666666667
"12877",2010-12-16 12:23:00,2011-12-06 10:30:00,12,1535.77,1178,100,1535.77,1178,0,3.09722222222222
"12878",2011-03-18 14:02:00,2011-04-17 13:07:00,2,854.99,547,38,841.64,536,1,235.988194444444
"12879",2011-09-09 12:11:00,2011-10-26 12:24:00,3,573.22,370,7,552.57,363,1,44.0180555555556
"12881",2011-03-09 11:44:00,2011-03-09 11:44:00,1,298,21,7,298,21,0,275.045833333333
"12882",2011-11-06 11:22:00,2011-11-30 16:18:00,2,1463.04,246,12,1463.04,246,0,8.85555555555556
"12883",2011-09-11 15:18:00,2011-11-15 09:32:00,4,703.47,196,39,703.47,196,0,24.1375
"12884",2011-09-12 13:10:00,2011-09-12 13:10:00,1,309.05,43,7,309.05,43,0,87.9861111111111
"12885",2011-08-08 11:45:00,2011-10-07 13:40:00,3,1175.22,655,66,1158.27,654,1,62.9652777777778
"12886",2011-05-04 11:21:00,2011-10-03 10:09:00,2,1378.4,770,75,1351.09,761,1,67.1118055555555
"12888",2011-03-29 14:31:00,2011-05-09 16:02:00,2,354.12,76,4,313.77,68,2,213.866666666667
"12890",2011-11-15 17:26:00,2011-11-15 17:26:00,1,376.72,256,78,376.72,256,0,23.8083333333333
"12891",2011-02-20 11:28:00,2011-06-07 12:31:00,3,331,950,2,331,950,0,185.013194444444
"12893",2011-11-09 12:34:00,2011-11-09 12:34:00,1,176.55,90,27,176.55,90,0,30.0111111111111
"12895",2011-09-14 08:35:00,2011-10-28 13:51:00,2,372.8,210,22,347.3,204,1,41.9576388888889
"12897",2011-02-11 11:40:00,2011-05-19 12:13:00,2,216.5,110,3,216.5,110,0,204.025694444444
"12901",2011-03-14 10:41:00,2011-12-01 10:07:00,28,17654.54,23075,30,16293.1,20915,8,8.11319444444444
"12902",2011-03-20 12:06:00,2011-03-20 12:06:00,1,138.68,66,10,138.68,66,0,264.030555555556
"12904",2011-06-20 13:18:00,2011-11-21 14:34:00,2,496.06,294,59,496.06,294,0,17.9277777777778
"12906",2011-09-22 15:03:00,2011-11-28 09:55:00,5,2919.81,1749,55,2919.81,1749,0,11.1215277777778
"12908",2011-01-31 12:37:00,2011-06-16 15:39:00,2,750,1200,1,246,0,2,175.882638888889
"12909",2011-03-31 12:51:00,2011-10-31 12:43:00,5,2178.67,1280,78,2128.83,1270,3,39.0048611111111
"12910",2011-04-12 10:01:00,2011-11-16 14:28:00,8,3075.04,1692,48,3075.04,1692,0,22.9319444444444
"12912",2011-10-30 11:35:00,2011-12-07 08:55:00,5,1662.3,670,17,1662.3,670,0,2.16319444444444
"12913",2010-12-06 16:36:00,2011-12-05 12:11:00,5,2483.63,1419,37,2483.63,1419,0,4.02708333333333
"12915",2010-12-02 12:33:00,2011-07-14 11:34:00,2,363.65,93,19,363.65,93,0,148.052777777778
"12916",2011-01-23 10:43:00,2011-07-24 10:35:00,4,2944.95,1083,53,2921.15,1075,1,138.09375
"12917",2011-08-03 16:42:00,2011-08-03 16:42:00,1,594,120,2,594,120,0,127.838888888889
"12919",2011-06-23 09:22:00,2011-12-01 13:47:00,6,1335.19,673,34,1301.44,668,2,7.96041666666667
"12920",2011-11-22 15:05:00,2011-11-22 15:05:00,1,162.78,128,27,162.78,128,0,16.90625
"12921",2010-12-01 15:06:00,2011-11-30 16:22:00,37,16587.09,9526,233,16389.74,9454,13,8.85277777777778
"12922",2011-07-01 15:35:00,2011-07-01 15:35:00,1,405.38,370,28,405.38,370,0,160.885416666667
"12923",2011-10-06 16:20:00,2011-10-06 16:20:00,1,172.82,68,28,172.82,68,0,63.8541666666667
"12924",2011-01-16 11:49:00,2011-09-12 13:55:00,4,933.7,481,22,929.95,480,1,87.9548611111111
"12925",2011-09-26 11:05:00,2011-12-05 11:11:00,2,694.05,541,42,694.05,541,0,4.06875
"12928",2010-12-15 15:45:00,2011-11-04 14:24:00,5,2062.7,1472,59,2062.7,1472,0,34.9347222222222
"12929",2011-02-01 12:08:00,2011-02-01 12:08:00,1,117.85,37,8,105.1,36,1,311.029166666667
"12930",2011-06-21 13:25:00,2011-09-22 15:18:00,2,415.8,252,20,409.9,250,2,77.8972222222222
"12931",2010-12-17 09:45:00,2011-11-18 12:39:00,15,42055.96,28004,28,33462.81,23377,5,21.0076388888889
"12933",2011-03-01 11:30:00,2011-11-15 16:38:00,3,607.53,499,102,606.28,498,1,23.8416666666667
"12935",2011-01-24 13:58:00,2011-12-07 17:25:00,7,2160.7,1853,80,2156.45,1852,1,1.80902777777778
"12936",2011-09-22 13:51:00,2011-11-22 17:32:00,4,1063.9,559,56,1012.9,539,1,16.8041666666667
"12937",2011-03-17 14:19:00,2011-11-24 15:05:00,4,1504.27,1007,81,1504.27,1007,0,14.90625
"12938",2011-11-14 11:21:00,2011-11-14 11:21:00,1,114.14,140,9,114.14,140,0,25.0618055555556
"12939",2011-01-09 11:20:00,2011-10-06 14:33:00,8,11581.8,4876,21,11581.8,4876,0,63.9284722222222
"12940",2011-09-13 10:16:00,2011-10-16 12:09:00,2,899.69,404,87,862.44,399,2,54.0284722222222
"12942",2010-12-09 09:34:00,2011-07-31 14:39:00,3,675.6,198,68,675.6,198,0,130.924305555556
"12944",2010-12-20 10:41:00,2011-11-04 11:04:00,2,604.51,289,29,604.51,289,0,35.0736111111111
"12945",2011-02-24 14:15:00,2011-02-24 14:15:00,1,462.95,165,23,462.95,165,0,287.940972222222
"12947",2010-12-01 16:21:00,2011-07-19 10:06:00,6,1603.99,1165,83,1407.29,1157,5,143.113888888889
"12948",2011-03-20 10:17:00,2011-11-23 17:10:00,7,2064.95,1080,82,2053.7,1077,1,15.8194444444444
"12949",2011-04-01 13:20:00,2011-11-09 11:25:00,8,4167.22,2381,166,4143.02,2363,2,30.0590277777778
"12950",2011-11-15 13:48:00,2011-12-07 13:17:00,3,1843,1380,13,1843,1380,0,1.98125
"12951",2011-01-13 10:33:00,2011-12-01 12:14:00,6,1064.07,503,53,1042.07,500,2,8.025
"12952",2011-09-22 16:37:00,2011-12-04 10:35:00,4,1387.79,653,64,1382.84,652,1,5.09375
"12953",2011-11-30 09:24:00,2011-11-30 09:24:00,1,329.85,84,17,329.85,84,0,9.14305555555556
"12955",2011-03-17 09:03:00,2011-12-08 16:29:00,11,4757.16,3664,81,4734.26,3642,3,0.847916666666667
"12956",2011-02-06 16:08:00,2011-02-06 16:08:00,1,108.07,34,19,108.07,34,0,305.8625
"12957",2011-01-04 12:18:00,2011-11-30 09:53:00,8,4017.54,2549,208,3979.04,2531,4,9.12291666666667
"12962",2011-08-18 13:38:00,2011-12-02 15:55:00,2,266.39,129,15,266.39,129,0,6.87152777777778
"12963",2010-12-09 09:14:00,2011-12-01 12:55:00,8,1856.63,881,75,1841.03,873,1,7.99652777777778
"12965",2011-09-11 15:31:00,2011-09-11 15:31:00,1,769.81,282,108,769.81,282,0,88.8881944444445
"12966",2011-11-30 12:38:00,2011-11-30 12:38:00,1,160.18,75,10,160.18,75,0,9.00833333333333
"12967",2010-12-03 09:49:00,2010-12-16 19:10:00,2,1660.9,438,19,1194.75,243,2,357.736111111111
"12968",2011-08-19 15:44:00,2011-08-19 15:44:00,1,135.95,73,5,135.95,73,0,111.879166666667
"12970",2011-01-21 14:04:00,2011-12-02 14:30:00,4,405.47,268,116,405.47,268,0,6.93055555555556
"12971",2010-12-02 16:42:00,2011-12-06 12:20:00,86,11189.91,9289,94,10930.26,9203,3,3.02083333333333
"12974",2011-05-26 09:33:00,2011-05-26 09:33:00,1,144.8,24,8,144.8,24,0,197.136805555556
"12976",2011-05-12 09:55:00,2011-05-12 09:55:00,1,738.6,561,22,738.6,561,0,211.121527777778
"12977",2011-07-06 16:40:00,2011-07-06 16:40:00,1,39.24,12,9,39.24,12,0,155.840277777778
"12980",2010-12-16 11:36:00,2011-07-05 09:34:00,9,7374.9,886,6,7092.06,864,3,157.136111111111
"12981",2011-07-29 14:14:00,2011-11-10 12:00:00,2,372.22,242,12,372.22,242,0,29.0347222222222
"12982",2011-04-11 11:51:00,2011-04-11 11:51:00,1,390.54,288,28,377.2,278,1,242.040972222222
"12984",2011-11-21 12:37:00,2011-11-21 12:37:00,1,97.5,26,4,97.5,26,0,18.0090277777778
"12985",2011-11-11 12:44:00,2011-12-09 10:46:00,2,1239.38,1533,73,1215.62,1413,1,0.0861111111111111
"12987",2011-05-26 12:00:00,2011-09-27 12:03:00,2,558.7,219,27,545,217,1,73.0326388888889
"12988",2011-02-20 14:31:00,2011-02-20 14:31:00,1,505.82,126,75,505.82,126,0,291.929861111111
"12989",2010-12-10 13:24:00,2011-12-06 15:28:00,15,6924.11,2943,41,6854.51,2915,4,2.89027777777778
"12990",2011-02-02 15:39:00,2011-11-08 13:01:00,3,409.5,200,8,409.5,200,0,30.9923611111111
"12991",2011-08-19 14:39:00,2011-11-16 15:34:00,2,503.76,405,31,503.76,405,0,22.8861111111111
"12993",2011-02-14 14:29:00,2011-11-16 15:49:00,4,414.76,240,26,414.76,240,0,22.8756944444444
"12994",2011-03-16 08:31:00,2011-12-05 15:43:00,3,974.42,459,52,902.22,440,2,3.87986111111111
"12995",2011-09-15 15:44:00,2011-09-15 15:44:00,1,211.32,108,3,200.72,98,1,84.8791666666667
"12997",2011-01-26 15:49:00,2011-11-17 15:47:00,4,1226.89,664,45,1197.94,648,3,21.8770833333333
"12999",2011-04-08 10:26:00,2011-05-27 13:24:00,3,455.88,342,25,455.88,342,0,195.976388888889
"13000",2010-12-10 10:26:00,2011-08-25 10:43:00,3,534.85,379,30,534.85,379,0,106.088194444444
"13001",2011-01-17 12:45:00,2011-12-05 14:51:00,13,9785.97,5490,166,9765.07,5482,2,3.91597222222222
"13002",2011-01-25 15:18:00,2011-01-25 15:18:00,1,120.95,73,7,120.95,73,0,317.897222222222
"13003",2011-05-09 08:23:00,2011-08-26 10:50:00,3,149.05,103,4,149.05,103,0,105.083333333333
"13004",2010-12-17 08:20:00,2011-11-28 11:27:00,18,5655.91,4822,277,5613.43,4796,4,11.0576388888889
"13005",2011-04-07 13:32:00,2011-06-19 10:53:00,2,513.7,172,21,468.95,167,1,173.08125
"13006",2011-10-14 13:49:00,2011-10-14 13:49:00,1,81.57,55,4,81.57,55,0,55.9590277777778
"13008",2011-01-20 14:24:00,2011-01-20 14:24:00,1,229.47,175,14,178.47,115,1,322.934722222222
"13011",2010-12-02 17:22:00,2010-12-02 17:22:00,1,50.55,13,3,50.55,13,0,371.811111111111
"13012",2011-02-18 09:43:00,2011-11-30 13:05:00,8,1646.84,820,67,1296.62,667,3,8.98958333333333
"13013",2010-12-03 12:28:00,2011-12-08 15:01:00,13,4810.94,2224,155,4786.99,2217,2,0.909027777777778
"13014",2011-03-03 18:28:00,2011-11-29 12:27:00,10,3466.28,905,67,3365.43,884,6,10.0159722222222
"13015",2011-04-04 14:28:00,2011-10-17 13:19:00,5,3339.64,1609,156,3339.64,1609,0,52.9798611111111
"13016",2011-08-08 15:00:00,2011-09-27 14:08:00,3,789.89,527,39,789.89,527,0,72.9458333333333
"13017",2011-12-02 15:53:00,2011-12-02 15:53:00,1,204,48,1,204,48,0,6.87291666666667
"13018",2011-02-17 11:05:00,2011-11-23 13:28:00,28,7277.7,5435,313,7272.75,5434,1,15.9736111111111
"13021",2010-12-16 10:12:00,2011-12-05 16:37:00,9,2616.38,1352,101,2584.4,1336,3,3.84236111111111
"13023",2011-08-02 09:34:00,2011-10-06 16:27:00,2,689.9,286,36,689.9,286,0,63.8493055555556
"13026",2011-03-09 11:35:00,2011-12-08 16:58:00,5,975.36,1620,32,936.15,1586,3,0.827777777777778
"13027",2010-12-20 12:45:00,2011-08-18 09:39:00,6,6912,17280,6,6912,17280,0,113.132638888889
"13028",2011-10-25 14:09:00,2011-11-17 11:10:00,2,661.32,798,40,659.68,796,1,22.0694444444444
"13029",2010-12-21 13:53:00,2011-11-09 09:13:00,3,1247.5,134,8,1247.5,134,0,30.1506944444444
"13030",2010-12-06 14:31:00,2011-11-28 14:30:00,2,752.44,348,76,752.44,348,0,10.9305555555556
"13032",2011-09-13 16:40:00,2011-10-18 15:54:00,2,1010.18,375,55,996.52,367,1,51.8722222222222
"13033",2010-12-17 14:23:00,2010-12-17 14:23:00,1,190.55,83,11,190.55,83,0,356.935416666667
"13034",2010-12-05 14:52:00,2011-10-16 12:21:00,2,642.77,369,37,642.77,369,0,54.0201388888889
"13035",2011-03-24 09:21:00,2011-09-27 08:57:00,2,921.88,644,23,886.63,627,1,73.1618055555556
"13037",2011-03-28 15:42:00,2011-07-24 15:46:00,3,881.07,431,44,881.07,431,0,137.877777777778
"13038",2011-02-22 11:43:00,2011-09-20 14:37:00,3,908.46,360,24,908.46,360,0,79.9256944444444
"13040",2011-11-06 13:53:00,2011-12-01 10:38:00,2,676.99,355,38,676.99,355,0,8.09166666666667
"13043",2011-03-11 14:52:00,2011-03-11 14:52:00,1,516.42,254,13,471.57,251,1,272.915277777778
"13044",2011-02-21 15:20:00,2011-02-21 15:20:00,1,560.47,429,33,560.47,429,0,290.895833333333
"13045",2011-09-01 15:04:00,2011-09-01 15:04:00,1,305.28,221,18,305.28,221,0,98.9069444444444
"13046",2011-03-18 15:43:00,2011-11-09 08:36:00,2,629.31,264,33,629.31,264,0,30.1763888888889
"13047",2010-12-01 08:34:00,2011-11-08 12:06:00,10,3237.54,1391,106,3079.1,1355,8,31.0305555555556
"13048",2011-01-16 14:36:00,2011-11-25 13:23:00,4,1819.41,1228,77,1789.41,1220,1,13.9770833333333
"13049",2011-01-25 16:33:00,2011-10-06 15:31:00,2,656.68,268,14,656.68,268,0,63.8881944444444
"13050",2010-12-08 09:30:00,2011-11-25 09:18:00,17,5836.86,3748,246,5684.61,3707,11,14.1472222222222
"13052",2011-05-11 14:12:00,2011-05-11 14:12:00,1,348.15,222,18,348.15,222,0,211.943055555556
"13055",2011-05-10 08:58:00,2011-09-22 14:26:00,3,1214.41,894,74,1201.96,891,1,77.9333333333333
"13058",2011-07-11 12:01:00,2011-11-15 12:43:00,3,271.4,52,5,271.4,52,0,24.0048611111111
"13059",2011-04-04 10:40:00,2011-04-04 10:40:00,1,183.4,35,8,183.4,35,0,249.090277777778
"13060",2011-03-31 11:37:00,2011-03-31 11:37:00,1,307.53,123,15,307.53,123,0,253.050694444444
"13061",2011-09-28 16:04:00,2011-09-28 16:04:00,1,248.61,107,10,248.61,107,0,71.8652777777778
"13062",2011-06-01 15:12:00,2011-06-01 15:12:00,1,346.98,343,11,346.98,343,0,190.901388888889
"13064",2011-01-16 13:41:00,2011-11-27 12:31:00,4,1105.59,514,51,1105.59,514,0,12.0131944444444
"13065",2010-12-01 16:52:00,2010-12-01 16:52:00,1,205.86,74,14,205.86,74,0,372.831944444444
"13066",2011-11-07 17:06:00,2011-11-15 12:57:00,2,470.8,322,48,430.9,320,1,23.9951388888889
"13067",2011-09-18 13:38:00,2011-09-18 13:38:00,1,115.46,32,14,115.46,32,0,81.9666666666667
"13068",2011-01-24 08:20:00,2011-11-29 15:00:00,2,344,200,1,344,200,0,9.90972222222222
"13069",2010-12-05 11:02:00,2011-12-09 08:39:00,24,4431.44,5873,281,3713.14,5454,3,0.174305555555556
"13070",2011-05-31 13:45:00,2011-05-31 13:45:00,1,228.8,110,9,228.8,110,0,191.961805555556
"13072",2011-03-18 08:12:00,2011-03-18 08:12:00,1,177.15,69,7,177.15,69,0,266.193055555556
"13075",2011-08-02 10:19:00,2011-08-02 10:19:00,1,919.61,485,22,919.61,485,0,129.104861111111
"13077",2010-12-08 14:59:00,2011-12-08 19:24:00,4,728.02,862,99,728.02,862,0,0.726388888888889
"13078",2010-12-08 09:07:00,2011-12-06 15:36:00,26,12627.94,5630,95,12432.28,5557,17,2.88472222222222
"13079",2011-07-22 14:41:00,2011-12-05 16:53:00,5,220.1,62,2,220.1,62,0,3.83125
"13080",2011-06-13 14:59:00,2011-06-13 14:59:00,1,58.08,120,6,58.08,120,0,178.910416666667
"13081",2010-12-03 17:20:00,2011-11-28 10:54:00,11,28337.38,19068,503,27964.48,18929,10,11.0805555555556
"13082",2011-01-05 15:42:00,2011-08-05 16:16:00,9,3613.63,4324,63,3595.48,4313,1,125.856944444444
"13083",2011-09-25 10:46:00,2011-12-05 15:01:00,2,303.75,187,15,303.75,187,0,3.90902777777778
"13085",2011-02-17 13:57:00,2011-07-05 12:11:00,2,416.08,216,17,272.38,108,1,157.027083333333
"13089",2010-12-05 10:27:00,2011-12-07 09:02:00,97,58762.08,31025,636,57322.13,30742,21,2.15833333333333
"13090",2010-12-02 07:48:00,2011-12-01 12:39:00,14,8910.82,2263,98,8689.39,2194,4,8.00763888888889
"13091",2011-11-11 15:54:00,2011-11-11 15:54:00,1,345.82,466,21,319.82,450,1,27.8722222222222
"13092",2010-12-15 12:27:00,2011-09-30 11:18:00,5,477.83,279,19,459.83,271,1,70.0638888888889
"13093",2010-12-01 15:00:00,2011-03-09 12:14:00,8,7832.47,3961,97,7741.47,3943,5,275.025
"13094",2010-12-06 10:34:00,2011-11-18 14:07:00,12,1927.32,1716,4,1708.86,1542,4,20.9465277777778
"13095",2011-09-30 12:03:00,2011-09-30 12:03:00,1,74.4,144,6,74.4,144,0,70.0326388888889
"13097",2010-12-14 15:13:00,2011-11-07 10:43:00,10,6003.22,2360,214,5886.12,2338,4,32.0881944444444
"13098",2011-01-26 13:46:00,2011-12-08 14:14:00,28,28882.44,15968,156,28658.88,15911,13,0.941666666666667
"13099",2011-09-01 17:40:00,2011-09-01 17:40:00,1,207.36,288,1,207.36,288,0,98.7986111111111
"13101",2011-04-19 14:37:00,2011-04-19 14:37:00,1,101.19,113,8,101.19,113,0,233.925694444444
"13102",2010-12-09 13:38:00,2011-12-08 12:52:00,24,6424.09,4204,140,6336.29,4160,3,0.998611111111111
"13103",2011-10-31 09:38:00,2011-10-31 09:38:00,1,243.94,82,8,243.94,82,0,39.1333333333333
"13104",2010-12-20 11:58:00,2011-12-06 13:10:00,6,1098.48,504,14,1098.48,504,0,2.98611111111111
"13106",2011-07-29 15:12:00,2011-07-29 15:12:00,1,76.5,18,1,59.5,14,1,132.901388888889
"13107",2011-01-10 12:28:00,2011-10-26 14:52:00,4,1531.62,1293,54,1524.07,1288,1,43.9152777777778
"13108",2010-12-02 10:35:00,2010-12-02 10:35:00,1,350.06,298,10,350.06,298,0,372.09375
"13109",2011-07-05 14:56:00,2011-10-11 10:16:00,2,786.54,520,41,766.84,514,3,59.1069444444444
"13110",2011-02-01 15:24:00,2011-11-08 14:30:00,7,1488.67,388,109,1452.87,384,1,30.9305555555556
"13113",2010-12-08 13:21:00,2011-12-09 12:49:00,24,12245.96,3045,95,10510,2589,16,0.000694444444444444
"13115",2011-06-08 16:15:00,2011-11-28 12:38:00,4,2294.78,1567,88,2205.63,1534,10,11.0083333333333
"13116",2011-07-24 14:33:00,2011-07-24 14:33:00,1,501.14,291,30,485.19,290,1,137.928472222222
"13117",2010-12-02 13:11:00,2011-11-18 12:02:00,8,984.91,945,66,984.91,945,0,21.0333333333333
"13118",2011-02-24 12:32:00,2011-11-20 12:46:00,5,1197.81,410,68,1125,389,2,19.0027777777778
"13120",2011-04-15 10:19:00,2011-04-15 10:19:00,1,30.6,12,1,30.6,12,0,238.104861111111
"13121",2011-03-15 16:47:00,2011-03-15 16:47:00,1,283.73,252,50,254.73,227,1,268.835416666667
"13122",2011-04-13 14:12:00,2011-09-06 15:53:00,2,922.39,585,54,922.39,585,0,93.8729166666667
"13124",2010-12-15 15:00:00,2011-09-11 12:45:00,3,3756.33,2119,185,3756.33,2119,0,89.0034722222222
"13126",2010-12-08 11:42:00,2011-12-05 10:00:00,8,2099.64,2143,124,2056.29,2130,2,4.11805555555556
"13127",2011-09-23 10:26:00,2011-09-23 10:26:00,1,259.17,127,15,259.17,127,0,77.1
"13130",2011-09-06 15:30:00,2011-09-06 15:30:00,1,64,32,2,64,32,0,93.8888888888889
"13131",2011-06-05 10:54:00,2011-11-16 13:21:00,3,1073.3,447,30,1039.3,443,1,22.9784722222222
"13132",2011-03-23 12:44:00,2011-03-23 12:44:00,1,77.3,20,3,77.3,20,0,261.004166666667
"13133",2011-02-08 15:48:00,2011-03-11 10:31:00,2,109.8,32,7,109.8,32,0,273.096527777778
"13134",2011-04-13 12:57:00,2011-09-15 10:35:00,4,1793.58,1059,94,1740.63,1044,3,85.09375
"13135",2011-05-27 10:52:00,2011-05-27 10:52:00,1,3096,4300,1,3096,4300,0,196.081944444444
"13136",2011-05-11 12:47:00,2011-10-14 13:41:00,5,2607.61,1328,94,2545.38,1312,6,55.9645833333333
"13137",2011-02-04 11:54:00,2011-11-29 12:09:00,8,3603.29,2204,345,3557.96,2203,1,10.0284722222222
"13138",2010-12-02 15:03:00,2011-11-17 16:51:00,6,962.39,473,31,962.39,473,0,21.8326388888889
"13139",2011-03-25 11:57:00,2011-11-23 13:54:00,7,5064.94,2425,132,5055.79,2418,1,15.9555555555556
"13140",2010-12-08 15:12:00,2011-08-23 15:33:00,3,422.47,185,40,422.47,185,0,107.886805555556
"13141",2011-01-28 13:04:00,2011-09-16 09:54:00,5,2388.75,1548,113,2385.8,1547,1,84.1222222222222
"13142",2011-11-20 16:07:00,2011-11-20 16:07:00,1,307.09,258,23,307.09,258,0,18.8631944444444
"13144",2011-01-11 11:15:00,2011-01-11 11:15:00,1,110.95,21,3,110.95,21,0,332.065972222222
"13145",2010-12-02 18:06:00,2011-10-31 12:45:00,4,618.52,145,5,614.77,142,1,39.0034722222222
"13146",2011-11-13 15:29:00,2011-11-13 15:29:00,1,228.91,154,16,228.91,154,0,25.8895833333333
"13147",2011-09-01 12:28:00,2011-11-29 13:59:00,4,712.8,144,1,712.8,144,0,9.95208333333333
"13148",2010-12-10 13:06:00,2011-11-10 15:23:00,12,3683.26,1965,231,3324.62,1818,5,28.89375
"13149",2011-02-23 13:57:00,2011-11-25 13:09:00,4,1676.06,1280,76,1676.06,1280,0,13.9868055555556
"13151",2011-02-17 12:29:00,2011-02-17 12:29:00,1,1257.87,363,73,1250.37,361,1,295.014583333333
"13153",2011-12-04 12:14:00,2011-12-04 12:14:00,1,486.22,418,15,486.22,418,0,5.025
"13155",2010-12-06 12:44:00,2011-11-06 15:41:00,4,971.76,497,67,971.76,497,0,32.88125
"13157",2011-02-14 14:03:00,2011-10-21 13:50:00,4,1741.22,1439,69,1721.57,1430,1,48.9583333333333
"13158",2011-01-25 09:58:00,2011-09-06 11:58:00,4,1201.06,784,59,1201.06,784,0,94.0361111111111
"13159",2011-08-16 11:44:00,2011-12-01 11:20:00,4,1429.35,1058,114,1371.25,1044,1,8.0625
"13160",2011-11-17 13:07:00,2011-11-17 13:07:00,1,91.8,56,4,91.8,56,0,21.9881944444444
"13161",2011-01-30 14:03:00,2011-01-30 14:03:00,1,112.75,29,8,112.75,29,0,312.949305555556
"13162",2011-01-09 10:43:00,2011-08-09 15:59:00,4,1688.29,1713,74,1644.99,1663,1,121.86875
"13165",2010-12-23 14:06:00,2011-10-24 15:05:00,2,1021.48,1376,40,1021.48,1376,0,45.90625
"13166",2011-03-01 15:16:00,2011-03-01 15:16:00,1,417.2,216,39,414.7,214,1,282.898611111111
"13167",2011-07-19 12:13:00,2011-11-21 12:24:00,4,791.33,785,51,791.33,785,0,18.0180555555556
"13168",2011-01-25 13:55:00,2011-11-03 12:56:00,4,1299.59,670,102,1290.54,668,1,35.9958333333333
"13169",2011-04-01 14:24:00,2011-10-07 12:11:00,2,712.88,272,11,712.88,272,0,63.0270833333333
"13170",2011-11-13 12:19:00,2011-11-13 12:19:00,1,108.81,141,29,108.81,141,0,26.0215277777778
"13171",2011-02-13 14:16:00,2011-11-18 10:27:00,3,468.41,229,37,426.81,227,2,21.0993055555556
"13173",2010-12-07 14:30:00,2011-12-05 15:51:00,2,353.65,277,41,353.65,277,0,3.87430555555556
"13174",2010-12-05 16:24:00,2011-11-23 14:35:00,3,2742.82,1352,228,2742.82,1352,0,15.9270833333333
"13176",2011-10-24 15:43:00,2011-10-24 15:43:00,1,481.49,448,66,481.49,448,0,45.8798611111111
"13177",2011-10-06 09:56:00,2011-10-06 09:56:00,1,282.45,91,17,282.45,91,0,64.1208333333333
"13178",2010-12-14 12:22:00,2011-11-13 16:14:00,11,5725.47,3570,95,5725.47,3570,0,25.8583333333333
"13182",2011-10-25 13:46:00,2011-10-25 13:46:00,1,121.18,201,11,121.18,201,0,44.9611111111111
"13183",2011-01-09 10:50:00,2011-12-02 10:30:00,9,3957.78,2208,51,3957.78,2208,0,7.09722222222222
"13184",2011-02-22 17:25:00,2011-11-25 12:02:00,10,1668.95,1662,138,1616.45,1632,2,14.0333333333333
"13185",2011-03-17 11:56:00,2011-03-17 11:56:00,1,71.4,12,1,71.4,12,0,267.0375
"13186",2011-08-03 09:09:00,2011-10-31 11:40:00,3,1575.89,820,69,1539.69,804,2,39.0486111111111
"13187",2011-01-06 18:57:00,2011-01-06 18:57:00,1,236.02,95,37,236.02,95,0,336.745138888889
"13188",2011-11-28 15:28:00,2011-11-28 15:28:00,1,114.6,25,2,114.6,25,0,10.8902777777778
"13189",2011-08-16 13:12:00,2011-11-21 10:39:00,2,260.68,842,29,260.68,842,0,18.0909722222222
"13192",2011-05-18 14:57:00,2011-09-05 14:13:00,2,911.94,595,57,911.94,595,0,94.9423611111111
"13193",2011-10-09 14:30:00,2011-10-09 14:30:00,1,112.08,46,22,112.08,46,0,60.9305555555556
"13194",2011-07-27 09:01:00,2011-07-27 09:01:00,1,60.7,26,3,60.7,26,0,135.159027777778
"13196",2011-03-22 14:24:00,2011-11-28 13:54:00,4,1797.78,1224,97,1797.78,1224,0,10.9555555555556
"13198",2010-12-13 09:29:00,2011-11-29 15:17:00,6,3401.24,2648,199,3384.09,2645,2,9.89791666666667
"13199",2010-12-08 10:51:00,2011-12-06 12:30:00,38,9817.12,6176,48,9803.96,6172,1,3.01388888888889
"13200",2011-08-05 14:50:00,2011-11-20 15:35:00,4,870.09,516,42,870.09,516,0,18.8854166666667
"13203",2011-04-11 14:40:00,2011-11-30 10:45:00,4,869.46,800,56,869.46,800,0,9.08680555555556
"13207",2011-07-12 11:35:00,2011-11-24 14:52:00,2,250.26,130,7,250.26,130,0,14.9152777777778
"13208",2011-02-03 19:32:00,2011-10-12 09:54:00,6,1217.65,803,124,1199.65,785,1,58.1222222222222
"13209",2010-12-13 10:31:00,2011-11-09 13:54:00,8,5891.61,4253,255,5820.16,4232,3,29.9555555555556
"13210",2011-09-07 08:18:00,2011-09-07 08:18:00,1,353.48,316,22,353.48,316,0,93.1888888888889
"13211",2010-12-13 16:17:00,2011-11-29 14:43:00,3,1095.42,834,45,1095.42,834,0,9.92152777777778
"13212",2011-10-09 14:48:00,2011-11-20 12:40:00,3,786.83,309,128,779.33,308,1,19.0069444444444
"13213",2011-05-24 12:22:00,2011-10-14 11:42:00,5,1520.58,1360,82,1518.43,1357,1,56.0472222222222
"13216",2011-03-17 12:18:00,2011-03-17 12:18:00,1,333.74,297,5,333.74,297,0,267.022222222222
"13217",2011-07-06 12:08:00,2011-08-09 15:32:00,3,533.98,262,3,133.62,114,2,121.8875
"13218",2011-08-04 16:59:00,2011-08-04 16:59:00,1,62.64,88,5,62.64,88,0,126.827083333333
"13220",2011-04-17 10:59:00,2011-09-22 13:38:00,4,819.29,196,18,819.29,196,0,77.9666666666667
"13221",2010-12-15 13:24:00,2011-04-13 16:58:00,2,847.41,244,62,847.41,244,0,239.827777777778
"13223",2011-04-21 15:16:00,2011-05-23 13:03:00,2,163.2,88,5,163.2,88,0,199.990972222222
"13224",2011-07-11 14:10:00,2011-10-10 14:55:00,2,2155.95,1518,101,2150.85,1512,1,59.9131944444444
"13225",2010-12-13 09:49:00,2011-12-06 13:29:00,7,6463.84,3416,23,6083.04,3352,1,2.97291666666667
"13226",2011-03-11 14:35:00,2011-03-11 14:35:00,1,108.21,80,16,108.21,80,0,272.927083333333
"13227",2011-05-22 11:47:00,2011-05-22 11:47:00,1,257.7,99,9,257.7,99,0,201.04375
"13228",2011-09-19 14:28:00,2011-09-19 14:28:00,1,358,200,2,358,200,0,80.9319444444444
"13229",2011-04-28 12:07:00,2011-04-28 12:07:00,1,160.95,63,10,160.95,63,0,225.029861111111
"13230",2010-12-09 19:28:00,2011-12-05 16:03:00,14,2755.63,1638,393,2712.07,1517,1,3.86597222222222
"13232",2011-04-10 13:48:00,2011-11-27 10:39:00,7,1328.35,773,147,1328.35,773,0,12.0909722222222
"13233",2011-01-07 14:49:00,2011-09-26 13:25:00,2,605.12,1004,43,605.12,1004,0,73.9756944444444
"13235",2011-05-11 17:13:00,2011-05-11 17:13:00,1,1031.07,441,53,101.17,440,1,211.817361111111
"13236",2011-08-25 08:58:00,2011-11-15 12:50:00,2,744.85,416,34,727.27,411,1,24
"13238",2010-12-14 14:37:00,2011-11-22 15:37:00,4,700.73,298,20,680.83,296,1,16.8840277777778
"13239",2011-03-23 10:25:00,2011-03-23 10:25:00,1,329.56,327,21,329.56,327,0,261.100694444444
"13240",2010-12-09 12:49:00,2011-09-04 14:08:00,4,663.65,298,59,663.65,298,0,95.9458333333333
"13242",2011-05-10 12:26:00,2011-08-19 12:53:00,3,270.4,130,12,270.4,130,0,111.997916666667
"13243",2011-05-20 13:14:00,2011-05-20 13:14:00,1,585.12,232,56,585.12,232,0,202.983333333333
"13244",2011-09-08 11:46:00,2011-09-08 11:46:00,1,121.74,38,27,121.74,38,0,92.0444444444445
"13245",2011-10-20 11:40:00,2011-10-20 11:40:00,1,430.5,125,16,430.5,125,0,50.0486111111111
"13246",2011-01-13 13:36:00,2011-11-21 16:50:00,6,1961.52,1587,110,1896.32,1537,1,17.8333333333333
"13247",2011-09-18 11:31:00,2011-11-22 10:59:00,4,501.12,328,18,501.12,328,0,17.0770833333333
"13248",2011-06-03 13:05:00,2011-08-07 12:40:00,2,465.68,305,25,465.68,305,0,124.006944444444
"13249",2011-03-23 15:26:00,2011-09-08 13:26:00,3,711.41,546,21,711.41,546,0,91.975
"13253",2011-01-04 15:43:00,2011-07-06 10:09:00,2,1030.4,1572,35,1030.4,1572,0,156.111805555556
"13255",2010-12-01 11:58:00,2011-11-30 13:14:00,2,399.51,177,13,390.66,174,1,8.98333333333333
"13258",2011-05-18 13:11:00,2011-11-28 09:31:00,3,672.83,282,28,672.83,282,0,11.1381944444444
"13259",2011-10-09 10:48:00,2011-10-09 10:48:00,1,283.18,126,77,283.18,126,0,61.0847222222222
"13260",2011-10-09 13:21:00,2011-10-09 13:21:00,1,557.62,142,8,557.62,142,0,60.9784722222222
"13261",2011-02-27 10:41:00,2011-03-16 12:22:00,2,944.1,210,8,944.1,210,0,268.019444444444
"13262",2011-03-21 15:06:00,2011-03-21 15:06:00,1,200.29,125,11,200.29,125,0,262.905555555556
"13263",2011-01-18 16:31:00,2011-12-08 13:59:00,35,7436.93,4768,450,7436.93,4768,0,0.952083333333333
"13265",2011-03-11 09:54:00,2011-10-17 15:02:00,5,2092.66,1740,66,2092.66,1740,0,52.9083333333333
"13266",2011-03-28 10:14:00,2011-11-28 14:39:00,12,3834.26,4428,82,3717.67,4299,7,10.9243055555556
"13267",2010-12-08 09:20:00,2011-12-07 11:12:00,19,4521.49,1969,88,4404.44,1939,8,2.06805555555556
"13268",2011-03-17 13:20:00,2011-11-22 11:51:00,11,3174.75,3624,257,3127.7,3601,4,17.0409722222222
"13269",2010-12-05 11:51:00,2011-12-08 14:53:00,15,5343.28,3513,177,5312.97,3508,2,0.914583333333333
"13270",2010-12-08 14:53:00,2010-12-08 14:53:00,1,590,200,1,590,200,0,365.914583333333
"13271",2011-11-02 14:31:00,2011-11-02 14:31:00,1,211.49,240,79,172.37,168,1,36.9298611111111
"13272",2011-09-11 12:06:00,2011-11-08 14:00:00,2,276.56,96,15,276.56,96,0,30.9513888888889
"13273",2011-08-18 14:02:00,2011-08-18 14:02:00,1,138.98,153,16,138.98,153,0,112.95
"13276",2011-09-01 10:03:00,2011-10-07 12:44:00,2,590.93,161,30,590.93,161,0,63.0041666666667
"13277",2011-07-29 10:06:00,2011-11-24 09:21:00,4,258.4,176,5,258.4,176,0,15.1451388888889
"13278",2011-10-30 11:49:00,2011-10-30 11:49:00,1,542.73,537,46,542.73,537,0,40.0423611111111
"13279",2011-09-22 17:24:00,2011-09-22 17:24:00,1,137.75,73,9,126.3,70,1,77.8097222222222
"13280",2011-01-06 17:10:00,2011-08-09 13:14:00,3,798.46,518,67,798.46,518,0,121.983333333333
"13282",2011-05-03 12:03:00,2011-11-21 15:33:00,3,1132.14,307,29,1047.84,289,3,17.8868055555556
"13283",2011-06-07 12:39:00,2011-10-11 09:50:00,2,93.66,90,7,93.66,90,0,59.125
"13284",2011-01-13 09:23:00,2011-01-13 09:23:00,1,201.19,91,13,196.15,79,1,330.14375
"13285",2011-02-22 17:13:00,2011-11-16 13:19:00,4,2709.12,2051,157,2709.12,2051,0,22.9798611111111
"13291",2011-07-07 10:36:00,2011-07-07 10:36:00,1,361.11,233,41,361.11,233,0,155.093055555556
"13292",2011-02-28 15:00:00,2011-11-01 10:04:00,2,578.94,347,29,578.94,347,0,38.1152777777778
"13294",2011-04-04 12:37:00,2011-06-03 08:54:00,2,873.74,453,48,873.74,453,0,189.163888888889
"13295",2010-12-15 11:21:00,2010-12-15 11:21:00,1,201.2,82,10,197.95,81,1,359.061805555556
"13296",2011-07-25 13:46:00,2011-07-25 13:46:00,1,87.4,78,5,87.4,78,0,136.961111111111
"13297",2011-10-03 15:08:00,2011-12-02 09:32:00,4,2089.85,963,52,2089.85,963,0,7.1375
"13298",2011-12-08 13:11:00,2011-12-08 13:11:00,1,360,96,2,360,96,0,0.985416666666667
"13299",2011-03-16 12:55:00,2011-03-16 12:55:00,1,142.5,30,5,142.5,30,0,267.996527777778
"13300",2011-06-23 13:09:00,2011-06-23 13:09:00,1,371.89,203,20,365.29,201,1,168.986805555556
"13301",2011-02-20 13:13:00,2011-08-28 11:25:00,4,618.09,345,75,618.09,345,0,103.059027777778
"13302",2011-07-07 17:56:00,2011-07-07 17:56:00,1,63.75,5,1,63.75,5,0,154.7875
"13304",2010-12-23 14:35:00,2010-12-23 14:35:00,1,300.42,238,21,300.42,238,0,350.927083333333
"13305",2010-12-02 12:10:00,2011-12-05 15:15:00,10,2000.86,1232,50,2000.86,1232,0,3.89930555555556
"13307",2011-08-11 17:14:00,2011-08-11 17:14:00,1,15,4,1,15,4,0,119.816666666667
"13308",2011-05-20 13:13:00,2011-11-17 09:31:00,3,1385.51,843,49,1367.61,840,1,22.1381944444444
"13309",2011-02-04 12:29:00,2011-12-02 16:34:00,5,1456.79,1544,82,1456.79,1544,0,6.84444444444444
"13310",2011-01-19 14:50:00,2011-11-11 17:23:00,3,1132.03,587,65,1083.63,575,3,27.8104166666667
"13311",2011-07-12 14:26:00,2011-12-05 12:55:00,2,598.57,305,25,598.57,305,0,3.99652777777778
"13313",2011-01-04 10:00:00,2011-11-17 16:48:00,5,1555.32,851,47,1555.32,851,0,21.8347222222222
"13314",2011-09-27 10:20:00,2011-12-08 12:29:00,3,775.94,560,55,593.51,487,1,1.01458333333333
"13316",2011-03-30 13:01:00,2011-11-02 13:40:00,4,5732.93,5508,66,5570.69,5507,1,36.9652777777778
"13317",2010-12-16 09:22:00,2011-10-04 13:35:00,6,2273.68,1035,100,2140.07,1003,3,65.96875
"13318",2011-11-02 13:26:00,2011-12-08 18:51:00,3,640.76,304,14,640.76,304,0,0.749305555555556
"13319",2010-12-09 10:04:00,2011-12-04 13:34:00,26,10845.55,4724,209,10664.34,4686,10,4.96944444444444
"13320",2011-05-10 10:29:00,2011-09-22 18:07:00,4,1532.2,1086,77,1475.2,1056,2,77.7798611111111
"13321",2011-09-14 15:18:00,2011-09-28 15:24:00,2,567.36,372,10,567.36,372,0,71.8930555555555
"13322",2011-11-22 14:21:00,2011-11-22 14:21:00,1,199.48,117,25,199.48,117,0,16.9368055555556
"13323",2011-09-16 13:23:00,2011-12-06 17:12:00,5,787.85,175,6,787.85,175,0,2.81805555555556
"13324",2010-12-14 09:50:00,2011-11-03 16:28:00,10,7121.95,5205,25,7072.8,5200,2,35.8486111111111
"13325",2011-09-19 10:36:00,2011-09-19 10:36:00,1,675.3,240,12,675.3,240,0,81.0930555555556
"13327",2010-12-09 15:32:00,2011-11-01 10:21:00,8,3627.77,1600,74,3617.57,1588,1,38.1034722222222
"13328",2011-01-27 15:22:00,2011-01-27 15:22:00,1,1308.48,680,17,1308.48,680,0,315.894444444444
"13329",2010-12-08 10:11:00,2011-11-08 10:29:00,2,789,463,16,740.4,427,2,31.0979166666667
"13330",2011-01-28 10:08:00,2011-09-08 12:27:00,3,1140.93,751,37,1140.93,751,0,92.0159722222222
"13332",2011-11-25 13:30:00,2011-11-25 13:30:00,1,350.9,179,21,350.9,179,0,13.9722222222222
"13334",2011-02-07 11:42:00,2011-09-18 15:21:00,3,3502.32,1764,207,3502.32,1764,0,81.8951388888889
"13336",2011-09-23 14:05:00,2011-09-23 14:05:00,1,795.12,559,51,795.12,559,0,76.9479166666667
"13338",2011-07-05 09:06:00,2011-07-05 09:06:00,1,487.02,256,19,431.82,247,2,157.155555555556
"13339",2011-05-23 08:31:00,2011-05-23 08:31:00,1,860.12,326,54,860.12,326,0,200.179861111111
"13340",2011-03-08 11:39:00,2011-10-25 13:15:00,7,10736.48,5770,128,10736.48,5770,0,44.9826388888889
"13341",2011-03-24 09:50:00,2011-03-24 09:50:00,1,775.85,301,42,775.85,301,0,260.125
"13343",2011-06-15 12:24:00,2011-06-15 12:24:00,1,353.43,135,19,303.93,126,1,177.018055555556
"13344",2011-03-07 10:28:00,2011-10-03 09:45:00,3,2511.69,952,115,2511.69,952,0,67.1284722222222
"13345",2011-02-25 09:01:00,2011-02-25 09:01:00,1,389.5,141,20,377.6,139,1,287.159027777778
"13347",2011-09-30 13:28:00,2011-09-30 13:28:00,1,341.36,205,8,341.36,205,0,69.9736111111111
"13348",2011-10-06 17:28:00,2011-10-06 17:28:00,1,233.76,136,14,233.76,136,0,63.8069444444444
"13349",2011-11-29 08:07:00,2011-11-29 08:07:00,1,247.32,225,16,247.32,225,0,10.1965277777778
"13350",2011-09-21 13:33:00,2011-11-23 16:33:00,2,979.12,287,36,910.72,284,1,15.8451388888889
"13351",2011-10-04 12:55:00,2011-10-04 12:55:00,1,373.94,117,16,373.94,117,0,65.9965277777778
"13352",2011-10-10 13:55:00,2011-10-10 13:55:00,1,397.98,321,24,389.28,315,1,59.9548611111111
"13354",2011-09-29 13:17:00,2011-09-29 13:17:00,1,743.53,604,51,743.53,604,0,70.98125
"13355",2011-08-09 14:48:00,2011-08-09 14:48:00,1,674.7,314,32,674.7,314,0,121.918055555556
"13356",2011-09-20 14:33:00,2011-09-20 14:33:00,1,768.24,325,42,768.24,325,0,79.9284722222222
"13357",2011-03-27 13:56:00,2011-03-27 13:56:00,1,609.4,321,85,609.4,321,0,256.954166666667
"13358",2011-03-16 11:52:00,2011-03-16 11:52:00,1,439.03,285,29,439.03,285,0,268.040277777778
"13359",2011-10-07 09:30:00,2011-10-07 09:30:00,1,439.56,161,23,431.26,159,1,63.1388888888889
"13362",2011-02-25 11:33:00,2011-11-30 14:41:00,4,3090.74,1382,128,3085.49,1379,1,8.92291666666667
"13363",2011-10-27 10:46:00,2011-11-22 12:40:00,2,992.5,710,47,992.5,710,0,17.0069444444444
"13364",2011-09-29 18:13:00,2011-09-29 18:13:00,1,134.96,71,10,0,0,1,70.7756944444444
"13365",2011-05-06 12:00:00,2011-11-06 12:36:00,2,2225.37,1247,122,2191.22,1238,1,33.0097222222222
"13366",2011-10-20 13:37:00,2011-10-20 13:37:00,1,56.16,144,1,56.16,144,0,49.9673611111111
"13368",2011-01-06 12:32:00,2011-03-28 09:59:00,2,623.4,327,29,623.4,327,0,256.11875
"13369",2010-12-09 11:30:00,2010-12-09 11:30:00,1,308.28,149,14,263.75,127,1,365.055555555556
"13370",2010-12-03 10:26:00,2010-12-03 10:26:00,1,754.87,343,39,721.32,336,1,371.1
"13372",2011-09-11 12:46:00,2011-09-11 12:46:00,1,378.64,159,23,378.64,159,0,89.0027777777778
"13373",2011-03-08 14:35:00,2011-10-10 10:51:00,3,3312.25,1651,135,3312.25,1651,0,60.0826388888889
"13375",2011-09-12 10:19:00,2011-09-12 10:19:00,1,778.65,442,37,772.9,441,1,88.1048611111111
"13376",2011-04-19 13:03:00,2011-09-01 16:16:00,3,1019.76,493,45,1019.76,493,0,98.8569444444445
"13379",2011-07-26 12:26:00,2011-11-13 13:45:00,3,572.56,601,85,572.56,601,0,25.9618055555556
"13381",2011-02-14 10:10:00,2011-11-08 11:58:00,6,3639.31,2029,77,3626.81,2027,1,31.0361111111111
"13382",2011-03-04 10:03:00,2011-03-04 10:03:00,1,222.99,131,15,222.99,131,0,280.115972222222
"13384",2011-06-14 12:47:00,2011-11-09 11:04:00,7,4151.93,2422,123,4122.28,2415,2,30.0736111111111
"13385",2011-01-14 09:52:00,2011-01-14 09:52:00,1,534.57,281,35,534.57,281,0,329.123611111111
"13388",2011-07-31 12:52:00,2011-07-31 12:52:00,2,677.1,282,35,627.15,281,1,130.998611111111
"13389",2011-04-21 12:12:00,2011-11-28 14:01:00,3,797.96,429,50,797.96,429,0,10.9506944444444
"13390",2011-09-26 08:38:00,2011-09-26 08:38:00,1,544.08,224,13,544.08,224,0,74.175
"13391",2011-05-20 10:50:00,2011-05-20 10:50:00,1,59.8,4,1,59.8,4,0,203.083333333333
"13394",2011-02-03 10:39:00,2011-12-08 11:36:00,8,2520.02,2392,124,2312.8,2215,2,1.05138888888889
"13395",2011-06-07 15:04:00,2011-06-07 15:04:00,1,307.72,336,21,307.72,336,0,184.906944444444
"13396",2011-01-24 13:37:00,2011-11-10 16:59:00,2,1360.99,600,42,1325.29,592,2,28.8270833333333
"13397",2011-01-04 13:50:00,2011-09-28 10:56:00,5,1544.13,430,28,1539.18,429,1,72.0791666666667
"13398",2011-05-31 13:17:00,2011-05-31 13:17:00,1,457.34,281,26,457.34,281,0,191.98125
"13402",2010-12-02 17:12:00,2011-08-04 15:51:00,2,621.23,479,32,621.23,479,0,126.874305555556
"13403",2011-11-22 08:28:00,2011-11-22 08:28:00,1,75,44,3,75,44,0,17.1819444444444
"13404",2011-05-11 11:57:00,2011-12-08 15:37:00,2,252.49,111,11,252.49,111,0,0.884027777777778
"13405",2011-01-26 09:27:00,2011-09-26 17:01:00,3,572.451,165,25,572.451,165,0,73.8256944444445
"13408",2010-12-01 10:39:00,2011-12-08 09:05:00,62,28117.04,16232,234,27487.41,16119,19,1.15625
"13410",2011-02-21 14:38:00,2011-11-15 15:33:00,5,1003.06,518,15,988.91,513,2,23.8868055555556
"13411",2011-08-24 13:57:00,2011-08-24 13:57:00,1,213.55,72,17,213.55,72,0,106.953472222222
"13414",2011-02-16 12:13:00,2011-07-29 11:45:00,3,1390.5,1574,23,1390.5,1574,0,133.045138888889
"13416",2011-09-19 14:43:00,2011-10-27 08:56:00,2,712.5,142,11,712.5,142,0,43.1625
"13417",2011-05-18 16:26:00,2011-12-05 08:49:00,2,640.83,162,26,640.83,162,0,4.16736111111111
"13418",2010-12-02 10:45:00,2011-11-28 10:23:00,18,6127.43,3918,223,5845.44,3839,5,11.1020833333333
"13419",2011-10-07 12:49:00,2011-10-07 12:49:00,1,221.06,275,16,221.06,275,0,63.0006944444444
"13420",2011-06-22 11:35:00,2011-07-13 08:48:00,2,159.85,101,8,140.35,88,2,149.168055555556
"13421",2011-02-22 15:46:00,2011-10-30 14:21:00,2,1833.71,1128,88,1831.61,1127,1,39.9368055555556
"13422",2011-10-06 13:42:00,2011-10-06 13:42:00,1,2626.3,1326,127,2601.55,1321,1,63.9638888888889
"13425",2011-02-18 08:34:00,2011-08-23 17:13:00,3,1624.21,1123,66,1624.21,1123,0,107.817361111111
"13426",2010-12-15 12:43:00,2011-12-09 08:59:00,10,3641.32,2245,103,3550.7,2224,2,0.160416666666667
"13427",2011-05-08 15:58:00,2011-11-20 13:02:00,3,582.6,545,25,582.6,545,0,18.9916666666667
"13428",2011-11-29 14:20:00,2011-11-29 14:20:00,1,201.78,151,70,201.78,151,0,9.9375
"13429",2011-09-25 15:59:00,2011-11-29 09:10:00,4,1006.8,1390,55,1006.8,1390,0,10.1527777777778
"13430",2011-09-14 14:26:00,2011-11-21 08:19:00,2,679.45,751,48,648.69,738,2,18.1881944444444
"13431",2011-09-12 11:25:00,2011-10-03 13:49:00,2,1269.1,672,44,1269.1,672,0,66.9590277777778
"13434",2011-09-04 10:35:00,2011-09-26 14:30:00,2,534.24,300,9,534.24,300,0,73.9305555555556
"13435",2011-06-03 17:07:00,2011-12-04 14:45:00,7,3809.89,2129,68,3794.49,2125,2,4.92013888888889
"13436",2011-12-08 10:33:00,2011-12-08 10:33:00,1,196.89,76,12,196.89,76,0,1.09513888888889
"13437",2011-06-02 14:30:00,2011-11-25 14:00:00,7,3408.06,1283,143,3408.06,1283,0,13.9513888888889
"13439",2011-03-29 14:20:00,2011-03-29 14:20:00,1,283.71,242,54,283.71,242,0,254.9375
"13441",2011-09-09 09:38:00,2011-09-09 09:38:00,1,296.64,204,13,296.64,204,0,91.1333333333333
"13447",2011-11-04 10:10:00,2011-11-16 13:38:00,3,1129.14,584,55,1104.23,577,1,22.9666666666667
"13448",2010-12-01 10:52:00,2011-11-23 12:33:00,6,3534.69,1648,137,3460.99,1626,4,16.0118055555556
"13449",2011-11-16 08:28:00,2011-11-16 08:28:00,1,291.88,222,19,291.88,222,0,23.1819444444444
"13450",2011-05-05 19:48:00,2011-11-13 11:54:00,6,2043.72,1982,32,2043.72,1982,0,26.0388888888889
"13451",2011-01-09 15:35:00,2011-11-13 15:58:00,5,2898.26,2128,315,2838.56,2122,1,25.8694444444444
"13452",2011-03-14 11:38:00,2011-03-25 14:19:00,2,590,2,1,590,2,0,258.938194444444
"13453",2011-02-23 09:44:00,2011-06-27 09:34:00,2,356.98,134,16,356.98,134,0,165.136111111111
"13455",2010-12-08 13:11:00,2011-11-15 11:21:00,2,1058.34,354,42,1007.35,345,2,24.0618055555556
"13456",2011-05-16 15:34:00,2011-11-22 09:18:00,6,1766.72,765,43,1737.82,756,1,17.1472222222222
"13458",2010-12-15 12:05:00,2011-12-02 15:29:00,14,9646.57,5508,242,9537.92,5460,8,6.88958333333333
"13460",2011-10-21 09:50:00,2011-11-10 17:17:00,2,183.44,286,16,183.44,286,0,28.8145833333333
"13461",2011-06-29 10:23:00,2011-11-01 09:01:00,3,1445,1170,14,1445,1170,0,38.1590277777778
"13462",2011-04-01 11:20:00,2011-04-01 11:20:00,1,151.5,62,9,143.25,61,1,252.0625
"13464",2011-10-12 15:01:00,2011-10-12 15:01:00,1,674.68,403,41,674.68,403,0,57.9090277777778
"13466",2011-06-08 16:39:00,2011-06-08 16:39:00,1,307.9,259,17,297.95,258,1,183.840972222222
"13467",2011-11-03 16:56:00,2011-11-29 10:01:00,2,1071.91,580,89,1071.91,580,0,10.1173611111111
"13468",2010-12-01 15:08:00,2011-12-08 10:39:00,37,5704.97,2589,184,5656.75,2581,4,1.09097222222222
"13470",2011-08-16 17:06:00,2011-09-01 14:57:00,2,165,100,7,165,100,0,98.9118055555556
"13471",2011-10-23 13:10:00,2011-12-08 15:44:00,4,2501.84,1583,214,2501.84,1583,0,0.879166666666667
"13473",2011-01-11 08:45:00,2011-10-10 11:20:00,2,422.64,266,21,417.54,260,1,60.0625
"13474",2011-04-17 13:53:00,2011-04-17 13:53:00,1,226.84,129,59,226.84,129,0,235.95625
"13475",2011-02-14 12:36:00,2011-06-01 13:52:00,4,1431.78,1012,64,1431.78,1012,0,190.956944444444
"13476",2011-03-03 14:43:00,2011-06-14 12:00:00,2,1238.47,417,56,1092.77,414,2,178.034722222222
"13477",2011-02-21 12:29:00,2011-11-02 12:04:00,6,1454.58,1021,57,1441.53,1018,2,37.0319444444444
"13479",2011-04-19 11:27:00,2011-05-23 10:45:00,2,300.95,134,14,291,133,1,200.086805555556
"13481",2011-03-28 09:07:00,2011-10-25 09:07:00,5,1804.56,1142,98,1776.81,1127,3,45.1548611111111
"13482",2011-04-21 17:03:00,2011-04-21 17:03:00,1,184.64,116,11,184.64,116,0,231.824305555556
"13483",2011-10-05 11:53:00,2011-10-05 11:53:00,1,140.34,160,10,140.34,160,0,65.0395833333333
"13484",2011-04-12 16:30:00,2011-04-12 16:30:00,1,313.8,44,8,313.8,44,0,240.847222222222
"13485",2011-04-20 13:58:00,2011-04-20 13:58:00,1,454.24,277,23,454.24,277,0,232.952777777778
"13486",2011-07-07 17:19:00,2011-09-22 13:13:00,3,1122.41,669,69,1122.41,669,0,77.9840277777778
"13487",2010-12-21 14:54:00,2011-10-13 12:07:00,3,575.4,265,26,575.4,265,0,57.0298611111111
"13488",2010-12-07 13:01:00,2011-11-22 14:41:00,13,8968.31,4518,271,8910.61,4512,4,16.9229166666667
"13489",2011-02-18 10:42:00,2011-08-26 13:16:00,4,449.52,560,11,449.52,560,0,104.981944444444
"13491",2010-12-02 14:30:00,2011-10-19 08:32:00,10,1215.82,903,73,1215.82,903,0,51.1791666666667
"13492",2011-05-09 10:06:00,2011-07-26 14:25:00,3,1269.84,408,38,1269.84,408,0,135.934027777778
"13493",2011-02-25 16:42:00,2011-03-09 15:35:00,2,618.63,380,6,618.63,380,0,274.885416666667
"13494",2011-02-01 11:58:00,2011-02-01 11:58:00,1,316.26,162,18,316.26,162,0,311.036111111111
"13495",2010-12-06 15:14:00,2011-12-02 11:21:00,5,2044.87,829,34,1990.12,814,1,7.06180555555556
"13496",2010-12-15 10:17:00,2011-11-29 10:58:00,2,653.33,341,28,617.93,329,1,10.0777777777778
"13497",2010-12-06 11:37:00,2011-03-02 09:04:00,2,348.05,163,19,321.05,159,1,282.156944444444
"13499",2011-03-15 08:52:00,2011-11-22 11:21:00,5,1159.11,1365,31,1146.96,1358,2,17.0618055555556
"13500",2011-08-09 12:20:00,2011-11-16 15:35:00,3,1166.77,609,60,1136.77,585,1,22.8854166666667
"13501",2011-02-24 18:59:00,2011-02-24 18:59:00,1,1340.32,560,52,1310.47,557,1,287.74375
"13502",2011-01-20 09:03:00,2011-11-23 10:39:00,3,292,264,17,292,264,0,16.0909722222222
"13503",2011-09-29 13:23:00,2011-09-29 13:23:00,1,216.85,248,17,216.85,248,0,70.9770833333333
"13504",2011-10-06 13:20:00,2011-10-06 13:20:00,1,295.93,178,22,295.93,178,0,63.9791666666667
"13505",2011-04-21 12:07:00,2011-09-28 11:56:00,4,4393.63,2486,182,4282.88,2461,4,72.0375
"13506",2010-12-05 12:15:00,2011-01-27 13:53:00,2,458.52,324,26,452.82,321,1,315.95625
"13507",2011-07-17 11:50:00,2011-12-06 13:13:00,4,2479.16,1597,146,2479.16,1597,0,2.98402777777778
"13508",2011-04-10 11:58:00,2011-04-10 11:58:00,1,110.97,24,12,110.97,24,0,243.036111111111
"13509",2011-02-28 13:27:00,2011-12-01 10:10:00,7,979.72,1106,27,979.72,1106,0,8.11111111111111
"13510",2011-06-09 09:32:00,2011-12-08 13:46:00,4,1791.56,1386,86,1785.16,1382,1,0.961111111111111
"13512",2011-03-24 10:03:00,2011-03-24 10:03:00,1,251.21,143,15,251.21,143,0,260.115972222222
"13513",2011-08-05 11:50:00,2011-08-05 11:50:00,1,205.1,109,10,205.1,109,0,126.041666666667
"13514",2011-09-27 09:39:00,2011-09-27 09:39:00,1,152.2,40,4,152.2,40,0,73.1326388888889
"13515",2011-04-06 10:33:00,2011-09-28 11:26:00,4,891.12,681,50,891.12,681,0,72.0583333333333
"13516",2011-04-15 11:06:00,2011-11-18 13:15:00,3,1389.41,985,43,1389.41,985,0,20.9826388888889
"13517",2011-06-13 08:44:00,2011-10-11 11:43:00,3,2128.42,1369,125,2109.07,1360,2,59.0465277777778
"13518",2011-09-15 10:29:00,2011-09-15 10:29:00,1,627.16,382,36,627.16,382,0,85.0979166666667
"13519",2011-09-22 18:24:00,2011-09-22 18:24:00,1,122.75,23,8,110.8,22,1,77.7680555555555
"13520",2010-12-03 10:36:00,2011-10-12 10:20:00,6,3624.35,1649,49,3487.75,1642,2,58.1041666666667
"13521",2011-11-29 15:09:00,2011-12-08 13:50:00,3,1071.73,718,313,1071.73,718,0,0.958333333333333
"13522",2011-11-09 15:11:00,2011-11-09 15:11:00,1,125.8,44,5,125.8,44,0,29.9020833333333
"13523",2010-12-08 14:22:00,2011-11-06 15:11:00,5,3964.88,1752,157,3755.38,1745,1,32.9020833333333
"13524",2011-05-04 12:26:00,2011-10-30 12:34:00,5,680.18,324,17,680.18,324,0,40.0111111111111
"13525",2011-04-05 15:36:00,2011-11-25 12:01:00,2,628.78,394,5,628.78,394,0,14.0340277777778
"13527",2011-01-17 11:17:00,2011-11-06 12:04:00,7,2242.36,1683,153,2218.61,1664,1,33.0319444444444
"13529",2011-05-19 11:50:00,2011-09-22 09:15:00,2,307.76,74,15,307.76,74,0,78.1493055555556
"13531",2010-12-08 15:03:00,2011-05-18 16:56:00,2,483.8,174,17,483.8,174,0,204.829166666667
"13532",2011-11-06 12:25:00,2011-11-06 12:25:00,1,210.31,129,66,210.31,129,0,33.0173611111111
"13533",2011-03-17 12:47:00,2011-06-10 11:54:00,3,269.09,202,61,269.09,202,0,182.038888888889
"13534",2010-12-16 15:23:00,2011-12-07 14:52:00,25,5870.08,2961,119,5613.08,2876,18,1.91527777777778
"13536",2011-09-25 13:30:00,2011-12-08 16:38:00,7,3444.39,2126,91,3444.39,2126,0,0.841666666666667
"13538",2011-01-28 10:40:00,2011-10-27 16:34:00,7,1280.85,175,10,1280.85,175,0,42.8444444444444
"13539",2011-02-03 15:23:00,2011-09-15 10:18:00,3,631.34,320,35,605.84,314,1,85.1055555555556
"13544",2011-04-13 12:09:00,2011-10-31 11:57:00,2,276.06,112,76,276.06,112,0,39.0368055555556
"13546",2011-05-23 12:14:00,2011-11-27 14:50:00,3,621.09,357,72,621.09,357,0,11.9166666666667
"13548",2011-04-10 11:35:00,2011-09-04 14:50:00,2,678.16,436,114,678.16,436,0,95.9166666666667
"13549",2011-04-11 13:42:00,2011-11-14 09:20:00,7,918.2,458,37,916.12,457,1,25.1458333333333
"13551",2011-01-24 14:46:00,2011-01-24 14:46:00,1,91.8,12,4,91.8,12,0,318.919444444444
"13552",2011-01-28 10:10:00,2011-10-04 15:19:00,12,3740.07,1417,82,3539.53,1386,4,65.8965277777778
"13555",2011-05-22 11:06:00,2011-09-27 12:36:00,4,4098.88,2636,128,4098.88,2636,0,73.0097222222222
"13557",2011-03-04 12:14:00,2011-11-11 15:24:00,2,584.06,546,31,584.06,546,0,27.8930555555556
"13558",2011-10-02 13:01:00,2011-12-04 11:24:00,4,594.52,338,123,594.52,338,0,5.05972222222222
"13560",2011-12-02 13:11:00,2011-12-02 13:11:00,1,171.42,63,32,171.42,63,0,6.98541666666667
"13561",2011-05-08 12:39:00,2011-05-08 12:39:00,1,141.86,83,14,141.86,83,0,215.007638888889
"13562",2011-04-08 12:42:00,2011-09-19 10:51:00,3,1799.33,757,50,1799.33,757,0,81.0826388888889
"13563",2011-07-22 17:21:00,2011-09-16 14:45:00,2,777.53,209,49,777.53,209,0,83.9201388888889
"13564",2010-12-06 17:26:00,2011-07-18 14:33:00,3,1724.67,636,68,623.39,634,2,143.928472222222
"13565",2011-01-09 14:28:00,2011-11-20 14:33:00,2,240.22,172,35,240.22,172,0,18.9284722222222
"13566",2011-09-18 12:40:00,2011-10-30 11:59:00,2,856.84,567,134,856.84,567,0,40.0354166666667
"13568",2011-06-19 14:42:00,2011-06-19 14:42:00,1,187.05,66,41,187.05,66,0,172.922222222222
"13569",2010-12-07 12:29:00,2011-11-22 13:07:00,2,338.62,156,73,338.62,156,0,16.9881944444444
"13570",2011-04-10 13:36:00,2011-04-10 13:36:00,1,239.49,161,27,239.49,161,0,242.968055555556
"13571",2011-03-31 12:43:00,2011-11-27 10:47:00,12,2088.94,1757,157,2088.94,1757,0,12.0854166666667
"13572",2011-05-18 11:59:00,2011-05-18 11:59:00,1,1384.25,534,32,1384.25,534,0,205.035416666667
"13573",2011-03-31 14:47:00,2011-10-20 14:33:00,2,290.25,302,24,290.25,302,0,49.9284722222222
"13575",2011-06-16 14:24:00,2011-11-16 13:14:00,5,732.07,449,41,732.07,449,0,22.9833333333333
"13576",2010-12-01 17:24:00,2011-11-29 15:34:00,18,6717.34,2646,78,6703.3,2640,2,9.88611111111111
"13577",2011-04-12 10:33:00,2011-11-14 15:19:00,4,1687.6,791,61,1658.3,771,1,24.8965277777778
"13579",2010-12-05 16:10:00,2011-11-25 08:41:00,2,467.04,176,19,467.04,176,0,14.1729166666667
"13581",2011-02-03 14:41:00,2011-02-03 14:41:00,1,118,30,10,118,30,0,308.922916666667
"13583",2011-07-07 10:40:00,2011-07-07 10:40:00,1,781.03,725,53,781.03,725,0,155.090277777778
"13584",2011-02-06 12:49:00,2011-02-06 12:49:00,1,142.4,37,24,142.4,37,0,306.000694444444
"13587",2011-10-07 12:31:00,2011-10-07 12:31:00,1,712.4,180,8,347,160,2,63.0131944444444
"13588",2011-03-29 15:53:00,2011-11-24 10:42:00,9,2478.95,2606,131,2445.12,2573,4,15.0888888888889
"13589",2011-06-13 12:44:00,2011-11-25 12:10:00,2,379.65,114,21,379.65,114,0,14.0277777777778
"13590",2011-02-09 13:25:00,2011-11-28 12:54:00,6,1981.92,1848,70,1976.12,1846,1,10.9972222222222
"13591",2011-03-18 12:18:00,2011-10-06 12:26:00,3,1117.13,485,56,1117.13,485,0,64.0166666666667
"13592",2011-03-20 14:01:00,2011-11-04 09:49:00,4,247.96,84,15,247.96,84,0,35.1256944444444
"13593",2011-01-07 16:32:00,2011-08-23 13:35:00,5,2011.88,719,77,1965.08,695,1,107.96875
"13594",2011-10-18 10:19:00,2011-10-18 10:19:00,1,396.97,359,26,396.97,359,0,52.1048611111111
"13596",2011-11-27 11:57:00,2011-12-04 12:01:00,2,664.11,384,133,664.11,384,0,5.03402777777778
"13598",2011-10-23 14:28:00,2011-10-23 14:28:00,1,160.04,52,33,147.29,51,1,46.9319444444444
"13599",2010-12-08 10:11:00,2011-12-08 16:10:00,21,5149.92,3293,171,5026.85,3168,12,0.861111111111111
"13600",2011-01-31 15:27:00,2011-01-31 15:27:00,1,219.52,324,19,219.52,324,0,311.890972222222
"13601",2011-05-12 16:52:00,2011-10-25 17:31:00,2,693.32,548,90,693.32,548,0,44.8048611111111
"13602",2011-10-06 11:47:00,2011-10-06 11:47:00,1,428.89,267,23,428.89,267,0,64.04375
"13603",2011-11-13 15:57:00,2011-11-13 15:57:00,1,164.34,164,27,164.34,164,0,25.8701388888889
"13606",2011-02-01 11:42:00,2011-11-10 17:46:00,3,276.75,276,40,276.75,276,0,28.7944444444444
"13607",2011-10-30 16:17:00,2011-10-30 16:17:00,1,675.51,288,93,675.51,288,0,39.85625
"13610",2011-02-27 14:44:00,2011-11-27 15:38:00,7,1082.33,488,165,1065.88,486,2,11.8833333333333
"13611",2010-12-15 10:31:00,2011-09-11 14:51:00,3,1154.4,754,67,1140.8,750,1,88.9159722222222
"13614",2011-01-13 12:37:00,2011-11-15 14:47:00,4,1585.46,564,171,1585.46,564,0,23.91875
"13615",2011-01-25 08:21:00,2011-01-25 08:21:00,1,417.69,189,23,399.99,183,1,318.186805555556
"13617",2011-06-12 12:55:00,2011-10-30 13:50:00,3,544.18,300,31,544.18,300,0,39.9583333333333
"13618",2011-06-19 11:09:00,2011-06-19 11:09:00,1,177.34,246,13,177.34,246,0,173.070138888889
"13621",2011-08-15 08:26:00,2011-08-15 08:26:00,1,213.85,343,19,213.85,343,0,116.183333333333
"13623",2011-02-15 13:08:00,2011-11-09 12:00:00,5,727.74,286,75,652.4,278,2,30.0347222222222
"13626",2011-04-01 10:05:00,2011-04-01 10:05:00,1,257.23,209,19,257.23,209,0,252.114583333333
"13627",2010-12-17 09:52:00,2011-10-11 14:20:00,5,1638.47,1269,84,1624.02,1266,2,58.9375
"13629",2011-01-05 12:09:00,2011-11-16 13:21:00,11,7792.36,4372,28,7792.36,4372,0,22.9784722222222
"13630",2011-02-27 12:49:00,2011-12-04 15:16:00,7,2031.78,1391,51,1995.68,1377,4,4.89861111111111
"13631",2011-03-17 17:13:00,2011-09-01 09:57:00,11,3070.42,467,6,3021.77,460,1,99.1201388888889
"13632",2011-04-10 15:07:00,2011-11-15 10:51:00,5,2118.93,1031,121,2114.68,1030,1,24.0826388888889
"13634",2011-01-16 15:30:00,2011-11-06 13:40:00,5,1547.36,700,156,1547.36,700,0,32.9652777777778
"13635",2011-10-03 10:55:00,2011-10-03 10:55:00,1,1071.03,677,62,1071.03,677,0,67.0798611111111
"13636",2011-02-27 14:29:00,2011-11-03 10:30:00,5,949.12,592,57,941.62,586,1,36.0972222222222
"13637",2011-04-27 13:06:00,2011-10-18 13:32:00,3,804.3,405,79,804.3,405,0,51.9708333333333
"13638",2011-11-24 10:38:00,2011-11-24 10:38:00,1,122.64,93,8,122.64,93,0,15.0916666666667
"13639",2011-09-26 13:36:00,2011-09-26 13:36:00,1,1033.34,800,39,1033.34,800,0,73.9680555555556
"13642",2011-05-08 12:34:00,2011-05-08 12:34:00,1,312.28,151,57,312.28,151,0,215.011111111111
"13643",2011-06-07 11:40:00,2011-11-08 15:37:00,3,519.44,273,24,519.44,273,0,30.8840277777778
"13644",2011-08-26 11:53:00,2011-11-23 14:07:00,4,2624.26,2067,144,2597.52,2060,1,15.9465277777778
"13645",2011-08-11 16:11:00,2011-08-11 16:11:00,1,252.1,158,5,252.1,158,0,119.860416666667
"13647",2011-04-19 09:49:00,2011-11-30 12:00:00,4,1648.12,887,65,1640.22,886,1,9.03472222222222
"13649",2010-12-08 14:46:00,2011-03-28 11:51:00,2,346.6,139,23,346.6,139,0,256.040972222222
"13650",2011-03-17 12:37:00,2011-11-23 12:22:00,6,1836.34,922,79,1809.34,918,1,16.0194444444444
"13651",2011-10-31 12:11:00,2011-11-04 14:59:00,2,94.2,33,6,94.2,33,0,34.9104166666667
"13652",2010-12-06 09:21:00,2011-10-25 08:51:00,3,1095.08,578,48,1095.08,578,0,45.1659722222222
"13654",2011-03-11 12:54:00,2011-10-27 16:24:00,6,2707.33,2182,157,2707.33,2182,0,42.8513888888889
"13655",2011-04-12 09:53:00,2011-08-17 14:25:00,2,932.97,605,52,932.97,605,0,113.934027777778
"13656",2011-01-06 15:42:00,2011-06-28 10:31:00,2,379.65,490,49,379.65,490,0,164.096527777778
"13657",2011-05-22 12:35:00,2011-11-29 12:32:00,2,382.14,209,16,382.14,209,0,10.0125
"13658",2011-05-19 17:15:00,2011-11-30 10:13:00,5,2639.17,1019,91,2421.47,1009,2,9.10902777777778
"13659",2011-01-23 12:08:00,2011-05-18 12:37:00,2,1563,882,92,1540.65,867,1,205.009027777778
"13662",2011-03-25 13:23:00,2011-09-15 12:04:00,3,881.26,533,50,862.58,528,4,85.0319444444444
"13663",2011-06-13 15:44:00,2011-06-13 15:44:00,1,189.47,91,13,189.47,91,0,178.879166666667
"13666",2011-02-25 13:05:00,2011-10-10 15:39:00,3,84.65,41,12,84.65,41,0,59.8826388888889
"13667",2011-07-13 15:42:00,2011-07-13 15:42:00,1,299.05,149,82,299.05,149,0,148.880555555556
"13668",2010-12-12 12:35:00,2011-12-07 12:11:00,21,6309.83,3722,284,6162.31,3617,8,2.02708333333333
"13669",2011-07-13 11:44:00,2011-10-20 09:32:00,2,218.55,237,9,218.55,237,0,50.1375
"13670",2011-09-25 15:25:00,2011-09-25 15:25:00,1,349.7,282,25,349.7,282,0,74.8923611111111
"13672",2011-01-11 13:54:00,2011-02-11 13:53:00,2,186.39,57,4,-71.46,-1,4,300.95625
"13673",2011-11-07 15:40:00,2011-11-21 12:11:00,2,387.44,114,47,387.44,114,0,18.0270833333333
"13675",2011-02-28 12:14:00,2011-07-11 12:57:00,2,486.82,330,25,486.82,330,0,150.995138888889
"13678",2011-07-11 10:14:00,2011-07-11 10:14:00,1,232.6,924,16,232.6,924,0,151.108333333333
"13680",2011-01-04 14:12:00,2011-12-08 13:47:00,4,3719.12,1934,164,2199.01,1265,1,0.960416666666667
"13681",2011-07-07 15:21:00,2011-11-22 11:13:00,4,827.83,360,37,827.83,360,0,17.0673611111111
"13682",2011-06-05 14:06:00,2011-06-05 14:06:00,1,59.5,10,3,59.5,10,0,186.947222222222
"13684",2011-02-27 10:13:00,2011-02-27 10:13:00,1,65.13,38,29,62.13,37,1,285.109027777778
"13685",2011-10-10 12:59:00,2011-12-07 11:41:00,7,3119.44,5056,29,3119.44,5056,0,2.04791666666667
"13686",2011-06-10 09:10:00,2011-06-10 09:10:00,1,72,70,8,72,70,0,182.152777777778
"13689",2011-10-07 13:21:00,2011-10-07 13:21:00,1,910,512,6,910,512,0,62.9784722222222
"13690",2011-10-11 15:03:00,2011-10-11 15:03:00,1,172.25,67,9,172.25,67,0,58.9076388888889
"13692",2011-04-17 12:57:00,2011-11-15 11:17:00,3,1488.32,1226,48,1466.87,1224,2,24.0645833333333
"13694",2010-12-01 12:12:00,2011-12-06 09:32:00,50,65039.62,63312,366,62690.54,61899,10,3.1375
"13695",2011-03-25 11:31:00,2011-11-08 14:26:00,15,2504.13,1603,46,2504.13,1603,0,30.9333333333333
"13697",2011-11-01 09:14:00,2011-11-01 09:14:00,1,151.3,177,12,151.3,177,0,38.15
"13699",2011-07-07 16:51:00,2011-07-07 16:51:00,1,308.58,66,14,308.58,66,0,154.832638888889
"13700",2011-01-16 13:18:00,2011-11-13 13:00:00,10,2248.63,2281,139,2248.63,2281,0,25.9930555555556
"13703",2011-01-25 13:10:00,2011-01-25 13:10:00,1,99.5,10,1,99.5,10,0,317.986111111111
"13704",2011-09-12 14:40:00,2011-12-04 15:13:00,9,2308.06,1531,111,2295.31,1528,1,4.90069444444444
"13705",2010-12-01 10:29:00,2011-12-02 12:32:00,3,711.86,363,25,711.86,363,0,7.0125
"13706",2011-02-10 09:21:00,2011-02-10 09:21:00,1,330.79,189,20,330.79,189,0,302.145138888889
"13707",2011-01-28 13:27:00,2011-03-17 18:03:00,2,806.41,351,48,806.41,351,0,266.782638888889
"13708",2011-03-13 13:46:00,2011-03-13 13:46:00,1,285.33,301,49,285.33,301,0,270.961111111111
"13709",2011-01-28 14:57:00,2011-12-06 10:28:00,13,6307.65,3508,244,6228.71,3493,4,3.09861111111111
"13710",2011-11-08 08:16:00,2011-11-08 08:16:00,1,180.48,176,8,180.48,176,0,31.1902777777778
"13711",2011-05-05 10:29:00,2011-05-05 10:31:00,2,252.06,140,11,252.06,140,0,218.096527777778
"13712",2011-04-07 12:33:00,2011-04-07 12:33:00,1,228.84,352,10,228.84,352,0,246.011805555556
"13715",2010-12-02 08:52:00,2011-03-03 19:21:00,5,1077.39,562,89,1051.99,554,3,280.728472222222
"13716",2011-03-15 13:49:00,2011-03-15 13:49:00,1,138.28,138,21,138.28,138,0,268.959027777778
"13717",2011-02-14 13:21:00,2011-11-07 14:13:00,6,1445.01,1959,92,1432.26,1958,1,31.9423611111111
"13718",2011-02-17 11:58:00,2011-04-07 13:24:00,2,306.55,173,9,306.55,173,0,245.976388888889
"13719",2011-04-19 13:56:00,2011-11-24 15:26:00,5,1041.68,609,56,1041.68,609,0,14.8916666666667
"13720",2011-03-30 09:17:00,2011-08-15 12:46:00,4,799.9,501,42,799.9,501,0,116.002777777778
"13721",2011-11-03 14:05:00,2011-11-03 14:05:00,1,524.14,316,28,524.14,316,0,35.9479166666667
"13722",2011-03-02 11:43:00,2011-07-31 12:44:00,3,2375.41,1401,75,2369.16,1400,1,131.004166666667
"13723",2011-05-06 17:04:00,2011-05-06 17:04:00,1,199.85,43,6,199.85,43,0,216.823611111111
"13725",2011-02-04 12:18:00,2011-10-21 10:03:00,8,1980.56,806,95,1809.81,659,3,49.1159722222222
"13726",2011-08-31 11:06:00,2011-11-01 10:49:00,2,1079.66,1054,39,1079.66,1054,0,38.0840277777778
"13727",2011-11-06 12:16:00,2011-11-11 09:46:00,2,333.48,162,19,333.48,162,0,28.1277777777778
"13728",2011-02-02 12:09:00,2011-11-03 10:49:00,6,1016.14,458,38,1016.14,458,0,36.0840277777778
"13730",2011-07-01 12:47:00,2011-07-27 08:35:00,2,752.6,488,38,752.6,488,0,135.177083333333
"13731",2011-04-07 10:10:00,2011-05-04 14:33:00,2,610.59,278,36,610.59,278,0,218.928472222222
"13732",2011-11-11 15:49:00,2011-11-11 15:49:00,1,491.86,498,33,491.86,498,0,27.8756944444444
"13735",2011-04-19 13:49:00,2011-11-15 11:14:00,4,2883.54,1128,158,2764.48,1081,4,24.0666666666667
"13736",2011-03-24 13:04:00,2011-12-04 15:19:00,2,729.8,496,166,721.9,492,1,4.89652777777778
"13737",2011-05-23 16:32:00,2011-05-23 16:32:00,1,339.6,125,29,339.6,125,0,199.845833333333
"13739",2011-11-21 13:35:00,2011-11-21 13:35:00,1,216.9,54,3,216.9,54,0,17.96875
"13740",2011-04-13 10:32:00,2011-04-13 10:32:00,1,350.75,425,23,350.75,425,0,240.095833333333
"13741",2011-05-06 13:43:00,2011-09-29 09:19:00,3,668.43,218,34,666.33,217,1,71.1465277777778
"13742",2011-01-23 14:59:00,2011-11-23 11:07:00,12,3107.87,1115,200,3079.27,1107,2,16.0715277777778
"13743",2011-03-25 14:46:00,2011-12-07 10:09:00,7,1341.6,1776,8,1340.15,1775,1,2.11180555555556
"13744",2011-02-20 14:08:00,2011-09-05 15:19:00,2,1080.52,1153,54,1080.52,1153,0,94.8965277777778
"13745",2011-06-30 16:43:00,2011-06-30 16:43:00,1,300.04,496,25,291.54,486,1,161.838194444444
"13747",2010-12-01 10:37:00,2010-12-01 10:37:00,1,79.6,8,1,79.6,8,0,373.092361111111
"13748",2010-12-01 09:00:00,2011-09-05 09:45:00,5,948.25,439,24,948.25,439,0,95.1284722222222
"13750",2011-01-07 11:49:00,2011-10-17 12:16:00,5,1647.26,516,20,1647.26,516,0,53.0236111111111
"13751",2011-02-24 15:56:00,2011-02-24 15:56:00,1,296.25,152,9,296.25,152,0,287.870833333333
"13752",2011-04-07 12:04:00,2011-08-07 14:16:00,6,1175.38,874,64,1175.38,874,0,123.940277777778
"13753",2011-02-25 12:48:00,2011-02-25 12:48:00,1,741.26,512,35,741.26,512,0,287.001388888889
"13754",2011-01-26 14:58:00,2011-07-11 11:51:00,2,282.6,214,11,282.6,214,0,151.040972222222
"13755",2011-10-07 15:45:00,2011-12-06 12:26:00,9,2108.06,1242,232,2101.39,1219,1,3.01666666666667
"13756",2010-12-07 11:41:00,2011-12-07 16:44:00,14,5189.52,3188,66,5145.12,3164,1,1.8375
"13758",2010-12-01 12:08:00,2011-11-28 11:11:00,7,3190.55,1844,104,3190.55,1844,0,11.06875
"13759",2011-09-29 15:40:00,2011-11-06 14:47:00,2,659.41,287,24,659.41,287,0,32.91875
"13760",2011-03-28 12:52:00,2011-10-16 16:13:00,2,286.79,197,50,286.79,197,0,53.8590277777778
"13761",2011-06-13 08:43:00,2011-10-20 14:01:00,2,1070.65,642,68,1070.65,642,0,49.9506944444444
"13762",2011-05-05 09:15:00,2011-05-05 09:15:00,1,306.72,272,7,0,0,1,218.149305555556
"13763",2011-10-07 15:13:00,2011-10-07 15:13:00,1,1714.96,728,15,1689.46,725,2,62.9006944444444
"13764",2011-01-06 14:53:00,2011-09-30 12:03:00,3,1519.42,926,183,1519.42,926,0,70.0326388888889
"13767",2010-12-01 10:47:00,2011-12-07 15:00:00,37,17220.36,7322,55,16945.71,7258,15,1.90972222222222
"13769",2010-12-07 13:28:00,2011-12-07 15:08:00,10,2796.51,1163,73,2771.87,1152,6,1.90416666666667
"13771",2011-04-06 15:47:00,2011-10-06 14:18:00,4,2634.45,1477,114,2631.7,1476,1,63.9388888888889
"13772",2011-04-14 12:31:00,2011-11-06 11:43:00,3,1122.63,540,141,1122.63,540,0,33.0465277777778
"13774",2011-09-19 12:06:00,2011-09-19 12:06:00,1,345,192,22,345,192,0,81.0305555555556
"13777",2010-12-01 16:01:00,2011-12-09 12:25:00,33,25977.16,12897,36,25748.35,12804,8,0.0173611111111111
"13778",2011-08-28 15:25:00,2011-08-28 15:25:00,1,178.7,70,9,178.7,70,0,102.892361111111
"13780",2011-06-22 11:43:00,2011-12-02 13:49:00,2,360.01,318,56,360.01,318,0,6.95902777777778
"13781",2011-04-03 12:08:00,2011-04-03 12:08:00,1,127.84,30,17,127.84,30,0,250.029166666667
"13782",2011-01-16 11:08:00,2011-11-27 11:54:00,6,908.86,369,96,908.86,369,0,12.0388888888889
"13784",2011-01-11 14:38:00,2011-11-30 09:33:00,11,2462.79,2493,9,2462.79,2493,0,9.13680555555556
"13786",2010-12-07 13:53:00,2010-12-07 13:53:00,1,230.4,136,7,230.4,136,0,366.95625
"13787",2010-12-10 14:45:00,2011-09-25 12:06:00,2,309.04,337,24,309.04,337,0,75.0305555555556
"13790",2011-12-05 15:48:00,2011-12-05 15:48:00,1,348.8,748,45,348.8,748,0,3.87638888888889
"13791",2011-06-24 16:38:00,2011-08-04 11:44:00,2,1516,1200,7,1047.68,828,1,127.045833333333
"13792",2011-02-25 14:03:00,2011-10-04 14:31:00,2,195.55,92,13,195.55,92,0,65.9298611111111
"13798",2010-12-02 17:24:00,2011-12-08 15:51:00,57,37153.85,23948,113,36352.87,23515,6,0.874305555555556
"13799",2011-02-18 14:18:00,2011-08-15 12:07:00,2,688.86,402,32,688.86,402,0,116.029861111111
"13800",2011-02-03 12:27:00,2011-02-03 12:27:00,1,558.32,331,33,558.32,331,0,309.015972222222
"13801",2011-10-04 10:15:00,2011-10-04 10:15:00,1,324.8,168,23,324.8,168,0,66.1076388888889
"13802",2011-02-01 12:03:00,2011-07-24 10:54:00,3,4599.42,2572,55,3906.27,2281,3,138.080555555556
"13803",2011-03-29 12:57:00,2011-03-29 12:57:00,1,277.07,121,17,277.07,121,0,254.995138888889
"13804",2011-02-23 09:09:00,2011-11-09 12:32:00,7,2588.39,1462,124,2588.39,1462,0,30.0125
"13805",2011-08-02 15:29:00,2011-10-18 14:50:00,2,924.6,1900,10,924.6,1900,0,51.9166666666667
"13806",2011-10-07 11:43:00,2011-10-07 11:43:00,1,256.38,56,10,256.38,56,0,63.0465277777778
"13807",2010-12-07 15:48:00,2010-12-07 15:48:00,1,112.6,36,7,112.6,36,0,366.876388888889
"13808",2011-09-04 12:07:00,2011-12-04 12:18:00,5,1747.66,782,70,1747.66,782,0,5.02222222222222
"13809",2011-02-07 13:15:00,2011-02-07 13:15:00,1,155.05,29,11,155.05,29,0,304.982638888889
"13810",2011-10-14 12:57:00,2011-11-11 08:33:00,3,1499.01,312,32,899.51,311,1,28.1784722222222
"13811",2011-04-14 18:40:00,2011-06-09 09:54:00,3,814.5,68,7,591.75,67,1,183.122222222222
"13812",2011-08-26 12:54:00,2011-10-28 14:27:00,3,539,333,33,539,333,0,41.9326388888889
"13813",2011-07-28 10:33:00,2011-10-31 10:38:00,4,1366.86,552,54,1353.41,550,1,39.0916666666667
"13814",2011-07-25 13:54:00,2011-09-08 13:48:00,2,1579.12,864,37,1562.12,862,1,91.9597222222222
"13815",2011-01-25 12:16:00,2011-11-17 14:19:00,4,4027.36,2560,132,4014.91,2557,1,21.9381944444444
"13816",2011-10-06 14:37:00,2011-11-16 08:38:00,2,571.67,269,25,555.04,260,2,23.175
"13817",2010-12-23 11:46:00,2011-11-10 17:49:00,2,382.98,211,20,382.98,211,0,28.7923611111111
"13819",2011-01-24 10:38:00,2011-02-11 10:38:00,3,1140.35,1109,26,1140.35,1109,0,301.091666666667
"13821",2011-03-23 11:30:00,2011-07-18 09:49:00,2,385.64,153,51,385.64,153,0,144.125694444444
"13822",2011-10-30 15:55:00,2011-12-04 12:13:00,2,632,611,90,632,611,0,5.02569444444444
"13823",2011-09-09 10:42:00,2011-11-21 10:22:00,2,957.66,439,39,957.66,439,0,18.1027777777778
"13824",2011-02-02 13:07:00,2011-11-07 12:41:00,5,1698.94,768,34,1698.94,768,0,32.00625
"13826",2011-06-16 13:48:00,2011-06-16 13:48:00,1,189.5,82,10,174.65,80,1,175.959722222222
"13827",2011-07-19 15:38:00,2011-10-13 12:38:00,3,409.8,138,83,409.8,138,0,57.0083333333333
"13828",2011-11-17 16:02:00,2011-11-17 16:02:00,1,209.49,311,15,209.49,311,0,21.8666666666667
"13831",2010-12-05 12:13:00,2011-11-23 15:41:00,6,2198.45,743,58,2198.45,743,0,15.88125
"13832",2011-11-20 15:36:00,2011-11-20 15:36:00,1,52.2,28,3,40.95,25,1,18.8847222222222
"13833",2011-07-03 13:27:00,2011-07-03 13:27:00,1,383.85,117,28,383.85,117,0,158.974305555556
"13835",2011-05-08 15:22:00,2011-11-14 15:37:00,4,834.57,442,48,834.57,442,0,24.8840277777778
"13837",2011-01-26 12:15:00,2011-05-12 12:10:00,2,266.59,182,17,266.59,182,0,211.027777777778
"13838",2010-12-05 10:45:00,2011-12-04 11:00:00,4,674.82,254,144,674.82,254,0,5.07638888888889
"13841",2011-04-01 12:10:00,2011-04-01 12:10:00,1,85,100,1,85,100,0,252.027777777778
"13842",2010-12-08 10:39:00,2011-10-12 10:51:00,9,3385.62,1768,155,3385.62,1768,0,58.0826388888889
"13844",2011-11-28 13:21:00,2011-11-28 13:21:00,1,361.62,196,20,361.62,196,0,10.9784722222222
"13845",2011-10-06 08:25:00,2011-10-06 08:25:00,1,312.98,182,9,312.98,182,0,64.1840277777778
"13846",2010-12-14 16:07:00,2011-11-15 12:07:00,3,865.06,388,55,847.61,383,1,24.0298611111111
"13848",2010-12-08 15:10:00,2011-09-08 12:58:00,3,1255,3700,3,1255,3700,0,91.9944444444444
"13849",2011-06-22 10:11:00,2011-10-19 10:59:00,2,1537.95,1016,97,1537.95,1016,0,51.0770833333333
"13850",2011-08-02 14:04:00,2011-08-02 14:04:00,1,1595.48,944,93,1586.81,941,1,128.948611111111
"13851",2011-02-24 17:18:00,2011-09-05 12:36:00,3,2651.46,1705,77,2651.46,1705,0,95.0097222222222
"13853",2011-10-13 14:18:00,2011-10-13 14:18:00,1,1090.14,312,23,1056.94,304,1,56.9388888888889
"13854",2010-12-09 10:48:00,2011-12-01 09:06:00,25,8109.52,2296,39,8025.02,2278,4,8.15555555555556
"13856",2011-05-20 13:13:00,2011-06-24 10:03:00,3,388.5,494,10,363.4,484,2,168.115972222222
"13858",2011-10-13 16:17:00,2011-10-13 16:17:00,1,216.17,75,11,216.17,75,0,56.85625
"13859",2011-01-17 16:14:00,2011-01-17 16:14:00,1,201.16,129,27,201.16,129,0,325.858333333333
"13860",2011-09-14 09:27:00,2011-12-08 12:57:00,5,1245.9,591,58,1240,589,1,0.995138888888889
"13862",2011-01-11 15:13:00,2011-11-21 16:24:00,8,2209.36,1688,97,2187.31,1682,2,17.8513888888889
"13863",2011-04-06 10:20:00,2011-04-06 10:20:00,1,305.78,224,20,299.56,219,1,247.104166666667
"13865",2011-02-23 12:04:00,2011-10-12 13:31:00,4,501.56,204,26,501.56,204,0,57.9715277777778
"13866",2011-09-26 14:54:00,2011-09-26 14:54:00,1,145.67,57,7,145.67,57,0,73.9138888888889
"13867",2011-05-05 17:28:00,2011-11-08 15:48:00,3,1005.09,501,51,1005.09,501,0,30.8763888888889
"13868",2011-11-01 12:45:00,2011-12-02 16:32:00,2,3192.54,1964,32,3192.54,1964,0,6.84583333333333
"13869",2010-12-17 15:14:00,2011-08-08 13:53:00,4,3083.65,1709,234,3083.65,1709,0,122.95625
"13870",2011-02-25 09:09:00,2011-12-07 13:23:00,8,2770.94,1325,91,2751.25,1320,2,1.97708333333333
"13871",2011-02-04 09:30:00,2011-11-17 10:49:00,13,6403.25,2806,155,6389.8,2801,1,22.0840277777778
"13873",2011-02-03 09:37:00,2011-08-12 10:08:00,3,389.6,140,21,381.7,138,1,119.1125
"13874",2010-12-16 18:20:00,2010-12-16 18:20:00,1,540.45,180,18,540.45,180,0,357.770833333333
"13875",2011-02-11 15:39:00,2011-10-17 09:36:00,5,1786.79,1316,79,1786.79,1316,0,53.1347222222222
"13876",2011-10-07 10:22:00,2011-10-07 10:22:00,1,122.7,36,7,122.7,36,0,63.1027777777778
"13877",2011-09-14 15:49:00,2011-09-14 15:49:00,1,117.24,108,3,117.24,108,0,85.8756944444444
"13878",2011-10-16 12:19:00,2011-10-16 12:19:00,1,1271.57,463,35,1271.57,463,0,54.0215277777778
"13880",2010-12-07 14:00:00,2011-11-18 13:44:00,13,3219.77,1842,125,3219.77,1842,0,20.9625
"13881",2011-02-01 10:14:00,2011-12-06 12:50:00,20,17159.52,10118,72,16989.52,10062,2,3
"13882",2011-10-06 15:28:00,2011-12-07 11:16:00,5,1191.13,953,54,1131.28,950,1,2.06527777777778
"13883",2011-03-31 17:17:00,2011-11-29 10:45:00,5,2674.48,1436,108,2538.75,1368,4,10.0868055555556
"13884",2011-03-01 13:40:00,2011-12-02 16:30:00,5,787.6,300,45,781.3,297,1,6.84722222222222
"13885",2011-05-23 08:52:00,2011-06-03 15:07:00,2,506.8,182,28,506.8,182,0,188.904861111111
"13886",2011-09-29 13:17:00,2011-09-29 13:17:00,1,243.56,126,16,243.56,126,0,70.98125
"13887",2011-05-19 17:22:00,2011-05-19 17:22:00,1,349.55,147,19,349.55,147,0,203.811111111111
"13888",2011-05-05 14:41:00,2011-08-12 10:13:00,2,595.67,254,38,595.67,254,0,119.109027777778
"13889",2011-09-08 09:13:00,2011-09-08 09:13:00,1,416.9,146,15,416.9,146,0,92.1506944444444
"13890",2010-12-16 09:31:00,2011-12-08 15:36:00,10,1883.81,831,74,1860.86,826,4,0.884722222222222
"13892",2011-04-07 12:04:00,2011-11-13 11:50:00,4,632.97,983,26,632.97,983,0,26.0416666666667
"13893",2011-02-15 11:30:00,2011-02-15 11:30:00,1,821.1,190,21,821.1,190,0,297.055555555556
"13894",2011-02-02 12:54:00,2011-11-16 09:44:00,3,564.62,354,25,535.97,339,2,23.1291666666667
"13895",2011-06-28 10:17:00,2011-11-11 16:57:00,4,2593.07,1365,97,2588.12,1364,1,27.8284722222222
"13897",2011-10-20 14:30:00,2011-10-20 14:30:00,1,311.16,200,17,311.16,200,0,49.9305555555556
"13898",2011-01-18 10:28:00,2011-01-18 10:28:00,1,155.93,133,12,155.93,133,0,325.098611111111
"13899",2011-03-10 09:30:00,2011-11-23 13:40:00,2,388.52,156,19,388.52,156,0,15.9652777777778
"13900",2011-03-22 10:13:00,2011-06-09 19:26:00,3,740.95,430,42,740.95,430,0,182.725
"13901",2011-01-25 09:01:00,2011-09-28 14:48:00,5,2867.2,1739,144,2867.2,1739,0,71.9180555555556
"13904",2011-02-18 11:18:00,2011-11-02 13:41:00,2,332.64,332,24,332.64,332,0,36.9645833333333
"13908",2011-03-08 12:04:00,2011-09-21 11:49:00,4,2369.55,1478,104,2347.05,1470,1,79.0423611111111
"13911",2011-02-04 14:46:00,2011-10-13 15:43:00,9,2580.91,2731,120,2580.91,2731,0,56.8798611111111
"13914",2011-11-03 16:28:00,2011-11-28 10:35:00,2,626.45,380,28,613.95,379,1,11.09375
"13917",2011-06-01 12:46:00,2011-10-21 09:56:00,2,272.04,228,16,272.04,228,0,49.1208333333333
"13918",2011-03-31 18:05:00,2011-10-21 12:25:00,2,1212.84,1140,30,1212.84,1140,0,49.0173611111111
"13919",2011-08-10 10:15:00,2011-10-11 14:24:00,2,384.81,474,24,350.16,437,1,58.9347222222222
"13922",2010-12-23 10:38:00,2010-12-23 10:38:00,1,172.25,93,7,172.25,93,0,351.091666666667
"13923",2011-10-17 12:33:00,2011-10-17 12:33:00,1,351.13,185,20,351.13,185,0,53.0118055555556
"13924",2011-09-28 15:07:00,2011-12-08 09:39:00,6,1838.85,1575,90,1682.08,1532,5,1.13263888888889
"13925",2011-07-28 12:09:00,2011-09-08 12:47:00,4,678.25,331,28,616.65,327,2,92.0020833333333
"13926",2011-11-16 13:16:00,2011-11-16 13:16:00,1,223.85,104,11,223.85,104,0,22.9819444444444
"13927",2011-09-26 12:00:00,2011-09-26 12:00:00,1,348.99,214,21,348.99,214,0,74.0347222222222
"13928",2011-07-29 15:59:00,2011-11-29 10:33:00,4,464.57,129,23,464.57,129,0,10.0951388888889
"13929",2011-01-17 15:11:00,2011-06-23 15:26:00,2,842.65,143,8,802.85,139,1,168.891666666667
"13930",2011-07-26 11:00:00,2011-10-13 09:45:00,2,337.34,274,15,337.34,274,0,57.1284722222222
"13931",2011-03-04 08:43:00,2011-09-05 10:12:00,2,1237.53,725,56,1230.93,721,1,95.1097222222222
"13932",2011-02-18 12:02:00,2011-02-18 12:02:00,1,307.4,72,16,307.4,72,0,294.033333333333
"13933",2011-07-14 13:35:00,2011-08-22 14:03:00,2,608.79,205,23,608.79,205,0,108.949305555556
"13934",2011-03-21 08:39:00,2011-03-21 08:39:00,1,922.1,390,31,922.1,390,0,263.174305555556
"13936",2011-06-13 08:47:00,2011-06-13 08:47:00,1,376.58,330,26,361.28,324,1,179.16875
"13937",2011-06-23 16:35:00,2011-06-23 16:35:00,1,158.85,123,9,158.85,123,0,168.84375
"13938",2011-11-04 14:37:00,2011-11-04 14:37:00,1,71.66,70,7,71.66,70,0,34.9256944444444
"13939",2011-02-01 11:30:00,2011-11-16 13:33:00,3,568.55,847,43,556.75,843,1,22.9701388888889
"13940",2011-07-18 16:05:00,2011-11-22 15:15:00,4,839.14,516,39,839.14,516,0,16.8993055555556
"13941",2010-12-02 10:17:00,2011-11-18 09:43:00,5,5112.96,2364,24,4912.41,2307,2,21.1298611111111
"13946",2011-03-17 10:02:00,2011-09-21 13:33:00,3,561.57,443,11,561.57,443,0,78.9701388888889
"13947",2011-10-05 14:42:00,2011-10-05 14:42:00,1,90.6,44,5,90.6,44,0,64.9222222222222
"13948",2010-12-14 10:18:00,2010-12-14 10:18:00,1,102,40,3,102,40,0,360.105555555556
"13949",2011-09-06 11:55:00,2011-12-07 09:35:00,6,2427.32,2474,124,2427.32,2474,0,2.13541666666667
"13950",2011-04-07 11:29:00,2011-11-28 14:44:00,4,745.06,323,33,728.56,321,1,10.9208333333333
"13951",2011-02-18 15:21:00,2011-06-16 16:43:00,3,674.45,459,38,674.45,459,0,175.838194444444
"13952",2011-04-15 09:27:00,2011-05-06 09:00:00,2,3251.071,1431,120,3246.091,1425,1,217.159722222222
"13953",2010-12-22 10:29:00,2011-12-02 16:04:00,7,3515.68,2724,8,3515.68,2724,0,6.86527777777778
"13954",2011-09-30 10:52:00,2011-12-08 12:50:00,2,439.92,150,24,378.59,141,1,1
"13955",2011-02-07 12:24:00,2011-07-08 17:19:00,2,322.96,154,33,322.96,154,0,153.813194444444
"13956",2011-03-13 12:51:00,2011-12-04 13:20:00,5,1019.27,486,123,1019.27,486,0,4.97916666666667
"13959",2010-12-12 13:56:00,2011-09-21 15:06:00,3,594.04,355,79,594.04,355,0,78.9055555555556
"13960",2011-09-29 12:39:00,2011-11-18 15:27:00,2,230.22,142,11,230.22,142,0,20.8909722222222
"13962",2011-04-08 11:21:00,2011-11-18 08:47:00,2,169.55,87,11,169.55,87,0,21.16875
"13963",2010-12-07 09:21:00,2011-02-04 14:43:00,4,664.54,460,35,664.54,460,0,307.921527777778
"13967",2011-07-17 12:02:00,2011-07-17 12:02:00,1,80.7,42,2,80.7,42,0,145.033333333333
"13969",2010-12-09 19:32:00,2011-12-02 15:11:00,18,9024.17,4528,334,8956.92,4469,2,6.90208333333333
"13971",2011-02-27 12:27:00,2011-11-21 12:06:00,8,2758.26,1844,118,2702.22,1818,3,18.0305555555556
"13972",2011-05-22 11:34:00,2011-09-30 11:54:00,2,190.25,187,15,190.25,187,0,70.0388888888889
"13973",2011-02-25 15:21:00,2011-02-25 15:21:00,1,264.7,109,11,264.7,109,0,286.895138888889
"13974",2011-10-21 14:41:00,2011-10-21 14:41:00,1,413.59,249,28,413.59,249,0,48.9229166666667
"13975",2011-03-08 12:19:00,2011-11-08 13:19:00,6,2461.24,1697,240,2438.19,1690,1,30.9798611111111
"13976",2011-05-17 09:13:00,2011-05-17 09:13:00,1,357.98,154,10,357.98,154,0,206.150694444444
"13978",2011-10-25 15:04:00,2011-11-25 11:36:00,2,196.79,315,14,196.79,315,0,14.0513888888889
"13979",2011-09-27 13:32:00,2011-09-27 13:32:00,1,869.87,639,54,869.87,639,0,72.9708333333333
"13980",2011-10-10 13:34:00,2011-10-10 13:34:00,1,200.14,172,11,200.14,172,0,59.9694444444444
"13982",2010-12-09 13:57:00,2011-10-31 16:24:00,4,1871.81,1136,72,1861.11,1132,1,38.8513888888889
"13983",2010-12-08 10:38:00,2011-11-10 11:06:00,12,2603.43,1183,91,2590.46,1170,1,29.0722222222222
"13984",2010-12-08 15:58:00,2011-11-13 12:38:00,5,920.51,679,14,488.03,271,1,26.0083333333333
"13985",2011-03-20 13:48:00,2011-12-05 17:06:00,15,7060.13,3445,108,7024.53,3437,1,3.82222222222222
"13986",2011-11-22 15:00:00,2011-11-22 15:00:00,1,320.46,430,12,320.46,430,0,16.9097222222222
"13988",2011-03-30 11:48:00,2011-11-20 10:15:00,6,4147.96,3044,188,4098.8,3025,3,19.1076388888889
"13989",2011-04-14 15:39:00,2011-10-05 09:47:00,2,1266.08,1313,33,1266.08,1313,0,65.1270833333333
"13990",2011-05-10 15:19:00,2011-05-10 15:19:00,1,311.3,190,16,311.3,190,0,212.896527777778
"13991",2011-07-19 12:58:00,2011-11-27 16:18:00,6,852.88,995,58,847.54,993,1,11.8555555555556
"13992",2011-11-09 15:23:00,2011-11-09 15:23:00,1,76.8,64,5,76.8,64,0,29.89375
"13993",2011-01-13 10:43:00,2011-10-28 09:06:00,9,3466.36,900,66,3409.66,892,3,42.1555555555556
"13994",2011-07-14 18:28:00,2011-12-06 11:05:00,6,2274.14,932,122,2274.14,932,0,3.07291666666667
"13995",2011-04-08 08:20:00,2011-11-24 14:22:00,5,1393.69,879,55,1383.49,867,1,14.9361111111111
"13999",2010-12-13 11:23:00,2011-11-29 13:40:00,12,3901.81,2243,102,3865.26,2231,3,9.96527777777778
"14000",2011-05-12 16:50:00,2011-05-12 16:50:00,1,635.66,710,15,633.71,707,1,210.833333333333
"14001",2010-12-01 12:58:00,2011-10-25 10:31:00,3,2043.08,962,34,2030.33,959,1,45.0965277777778
"14002",2011-07-06 14:59:00,2011-07-28 15:55:00,2,529.73,877,47,529.73,877,0,133.871527777778
"14004",2011-02-24 09:28:00,2011-10-27 14:40:00,7,4582.64,2668,102,4582.64,2668,0,42.9236111111111
"14005",2011-05-08 10:33:00,2011-11-30 12:41:00,5,2874.72,2478,53,2874.72,2478,0,9.00625
"14006",2011-01-31 15:11:00,2011-08-16 09:39:00,3,962.19,641,22,962.19,641,0,115.132638888889
"14009",2011-05-18 13:00:00,2011-05-25 15:47:00,2,695.61,365,42,685.93,361,1,197.877083333333
"14012",2011-03-07 12:26:00,2011-03-07 12:26:00,1,328.8,160,11,328.8,160,0,277.016666666667
"14013",2011-03-09 08:59:00,2011-08-21 15:01:00,3,473.02,462,30,473.02,462,0,109.909027777778
"14014",2011-09-23 13:18:00,2011-09-23 13:18:00,1,505.18,1076,39,505.18,1076,0,76.9805555555556
"14015",2011-10-18 10:02:00,2011-10-18 10:02:00,1,917.34,378,20,917.34,378,0,52.1166666666667
"14016",2010-12-17 14:21:00,2011-07-01 11:29:00,4,4341.21,2125,154,4328.46,2124,1,161.05625
"14019",2011-07-24 15:39:00,2011-10-24 10:13:00,3,1421.61,1037,37,1398.96,1034,1,46.1090277777778
"14020",2011-09-12 15:32:00,2011-11-23 09:22:00,2,642.8,441,37,642.8,441,0,16.1444444444444
"14021",2011-03-28 15:10:00,2011-07-07 15:46:00,3,631.9,192,22,631.9,192,0,154.877777777778
"14022",2011-04-28 14:39:00,2011-04-28 14:39:00,1,440,487,28,440,487,0,224.924305555556
"14023",2011-04-03 15:50:00,2011-12-02 13:58:00,2,584.07,345,30,584.07,345,0,6.95277777777778
"14024",2011-08-07 13:31:00,2011-08-10 11:30:00,2,327.7,150,16,327.7,150,0,121.055555555556
"14027",2011-10-10 09:01:00,2011-10-10 09:01:00,1,104.82,62,6,104.82,62,0,60.1590277777778
"14029",2011-07-18 16:57:00,2011-10-07 14:46:00,2,467.66,198,15,467.66,198,0,62.9194444444444
"14030",2010-12-08 16:11:00,2011-11-21 16:48:00,8,2358.84,1478,210,2358.84,1478,0,17.8347222222222
"14031",2010-12-02 16:34:00,2011-12-02 17:13:00,19,17286.86,5788,119,14634.64,5370,4,6.81736111111111
"14032",2010-12-08 10:53:00,2011-12-07 15:23:00,11,2975.59,2032,53,2929.84,2008,7,1.89375
"14034",2011-07-05 13:06:00,2011-11-17 14:02:00,3,648.89,420,82,509.09,312,1,21.95
"14035",2011-02-15 12:48:00,2011-11-11 10:03:00,5,1428.02,739,41,1428.02,739,0,28.1159722222222
"14036",2011-02-28 09:26:00,2011-02-28 09:26:00,1,626.65,268,38,626.65,268,0,284.141666666667
"14037",2010-12-10 11:39:00,2011-06-16 13:57:00,2,147.2,46,27,147.2,46,0,175.953472222222
"14038",2011-05-16 14:05:00,2011-09-22 13:37:00,3,1560.38,965,64,1554.48,963,1,77.9673611111111
"14039",2011-11-06 13:48:00,2011-11-06 13:48:00,1,152.2,92,6,152.2,92,0,32.9597222222222
"14040",2011-01-12 14:57:00,2011-10-30 12:42:00,12,3560.32,1544,146,3487.59,1514,3,40.0055555555556
"14041",2011-03-18 13:25:00,2011-03-18 13:25:00,1,141.41,94,21,141.41,94,0,265.975694444444
"14044",2011-02-03 11:39:00,2011-11-13 12:05:00,4,646.42,304,165,646.42,304,0,26.03125
"14045",2010-12-01 11:32:00,2011-08-22 15:27:00,4,1659.75,535,4,1659.75,535,0,108.890972222222
"14046",2011-02-28 14:48:00,2011-02-28 14:48:00,1,154.99,460,14,154.99,460,0,283.918055555556
"14047",2010-12-02 10:09:00,2011-12-01 11:43:00,5,1308.61,381,22,1290.01,377,2,8.04652777777778
"14048",2011-02-07 14:53:00,2011-02-07 14:53:00,1,409.93,288,83,375.13,274,1,304.914583333333
"14049",2011-01-26 11:27:00,2011-11-23 12:20:00,4,5578.72,3808,348,5536.15,3784,2,16.0208333333333
"14050",2011-08-25 13:46:00,2011-11-08 10:00:00,2,746.36,689,49,746.36,689,0,31.1180555555556
"14051",2010-12-08 12:49:00,2011-12-09 10:20:00,23,15610.39,3756,52,15477.34,3741,3,0.104166666666667
"14052",2011-11-20 12:30:00,2011-11-20 12:30:00,1,225.36,89,56,225.36,89,0,19.0138888888889
"14053",2011-07-03 12:21:00,2011-08-07 14:27:00,2,260.25,215,2,260.25,215,0,123.932638888889
"14054",2011-10-05 15:49:00,2011-10-05 15:49:00,1,92.46,62,6,92.46,62,0,64.8756944444444
"14055",2011-08-25 15:04:00,2011-08-25 15:04:00,1,725.64,216,10,725.64,216,0,105.906944444444
"14056",2011-02-28 15:19:00,2011-12-08 13:36:00,23,8152.71,4252,320,8062.46,4211,6,0.968055555555556
"14057",2010-12-14 12:11:00,2011-11-16 10:32:00,17,6211.66,4873,179,6141.1,4705,1,23.0958333333333
"14059",2011-03-18 10:06:00,2011-03-18 10:06:00,1,183.6,128,8,183.6,128,0,266.113888888889
"14060",2010-12-02 12:11:00,2011-12-05 12:29:00,19,6140.42,5386,86,6135.38,5374,1,4.01458333333333
"14062",2010-12-10 15:56:00,2011-11-30 10:04:00,12,10464.85,5593,60,10464.85,5593,0,9.11527777777778
"14064",2011-03-10 12:59:00,2011-11-10 13:14:00,5,1334.34,1772,59,1168.92,1334,2,28.9833333333333
"14066",2011-03-18 12:21:00,2011-03-18 12:21:00,1,152.55,45,7,152.55,45,0,266.020138888889
"14067",2011-09-04 12:00:00,2011-10-07 10:21:00,2,374.7,361,51,374.7,361,0,63.1034722222222
"14068",2011-01-23 16:02:00,2011-01-23 16:02:00,1,265.85,73,22,265.85,73,0,319.866666666667
"14071",2011-03-20 11:33:00,2011-12-06 12:27:00,8,1437.57,994,271,1306.16,899,1,3.01597222222222
"14073",2011-11-07 15:49:00,2011-11-07 15:49:00,1,151.04,130,13,139.54,128,1,31.8756944444444
"14075",2011-03-23 16:35:00,2011-12-05 08:38:00,3,942.26,754,33,942.26,754,0,4.175
"14076",2011-08-02 15:19:00,2011-08-02 15:19:00,1,118.67,79,43,118.67,79,0,128.896527777778
"14077",2011-03-10 15:52:00,2011-10-30 12:35:00,5,499.42,268,33,499.42,268,0,40.0104166666667
"14078",2010-12-01 12:54:00,2011-08-30 12:16:00,6,1049.37,310,46,1049.37,310,0,101.023611111111
"14079",2011-08-07 12:10:00,2011-08-07 12:10:00,1,375.1,301,12,375.1,301,0,124.027777777778
"14080",2011-11-07 11:09:00,2011-11-07 11:09:00,1,45.6,48,4,45.6,48,0,32.0701388888889
"14081",2010-12-05 15:47:00,2011-02-10 16:17:00,2,921.62,592,126,891.77,589,2,301.85625
"14082",2010-12-10 11:02:00,2010-12-10 11:02:00,1,182.25,110,28,182.25,110,0,364.075
"14083",2010-12-03 12:24:00,2011-12-05 13:14:00,9,1002.9,705,162,1002.9,705,0,3.98333333333333
"14085",2010-12-06 12:39:00,2011-12-07 13:46:00,18,4421.29,3177,272,4408.54,3176,1,1.96111111111111
"14087",2011-12-07 12:41:00,2011-12-07 12:41:00,1,191.47,250,61,178.72,249,1,2.00625
"14088",2011-01-21 13:07:00,2011-11-29 16:16:00,13,50491.81,12665,379,50415.49,12593,1,9.85694444444444
"14089",2011-10-14 10:38:00,2011-10-14 10:38:00,1,158.75,133,13,158.75,133,0,56.0916666666667
"14090",2011-01-19 10:51:00,2011-01-19 10:51:00,1,76.32,72,1,76.32,72,0,324.082638888889
"14092",2010-12-16 15:47:00,2011-12-02 12:13:00,14,4076.91,2066,117,4063.1,2061,3,7.02569444444444
"14093",2011-11-27 16:27:00,2011-11-27 16:27:00,1,433.86,391,95,433.86,391,0,11.8493055555556
"14096",2011-08-30 10:49:00,2011-12-05 17:17:00,17,65164.79,16352,1119,57120.91,16335,17,3.81458333333333
"14098",2011-11-03 10:13:00,2011-11-03 10:13:00,1,147.35,104,21,147.35,104,0,36.1090277777778
"14099",2010-12-20 11:14:00,2011-11-23 13:53:00,11,3104.17,2179,167,3092.97,2177,1,15.95625
"14100",2011-07-25 11:01:00,2011-07-25 11:01:00,1,191.95,63,24,191.95,63,0,137.075694444444
"14101",2011-01-17 13:09:00,2011-09-27 12:28:00,6,5976.79,6942,15,5976.79,6942,0,73.0152777777778
"14102",2011-10-26 12:46:00,2011-12-04 15:38:00,5,1105.88,769,35,1060.33,746,3,4.88333333333333
"14104",2011-06-27 12:49:00,2011-07-08 12:50:00,2,216.21,72,21,216.21,72,0,154
"14105",2011-04-14 17:58:00,2011-04-14 17:58:00,1,1266.23,800,74,1260.33,798,1,238.786111111111
"14107",2010-12-10 13:29:00,2011-10-19 12:12:00,7,2703.23,1793,61,2688.48,1788,1,51.0263888888889
"14108",2011-08-30 11:32:00,2011-11-09 10:41:00,2,597.91,381,33,594.16,380,1,30.0895833333333
"14109",2011-09-28 10:18:00,2011-09-28 10:18:00,1,144.2,88,9,80.2,56,1,72.1055555555556
"14110",2011-03-18 09:59:00,2011-12-06 12:26:00,12,5683.15,2445,94,5669.65,2443,1,3.01666666666667
"14111",2011-04-12 11:36:00,2011-11-25 13:44:00,4,692.85,458,10,688.6,457,1,13.9625
"14112",2011-03-09 11:28:00,2011-11-17 12:30:00,7,2915.15,1651,117,2774.17,1608,5,22.0138888888889
"14113",2010-12-20 12:14:00,2011-12-06 12:18:00,4,1840.42,745,26,1377.92,635,4,3.02222222222222
"14114",2011-01-13 11:05:00,2011-03-11 09:42:00,2,386.53,101,15,386.53,101,0,273.130555555556
"14116",2011-08-10 12:44:00,2011-11-20 10:29:00,5,1382.74,707,61,1382.74,707,0,19.0979166666667
"14117",2011-07-19 09:49:00,2011-07-19 09:49:00,1,90,72,3,90,72,0,143.125694444444
"14121",2011-10-11 10:39:00,2011-12-06 12:19:00,4,2780.15,2082,148,2740.3,2078,2,3.02152777777778
"14124",2011-09-16 13:32:00,2011-09-16 13:32:00,1,419.58,1618,4,419.58,1618,0,83.9708333333333
"14125",2011-09-22 15:40:00,2011-11-29 12:47:00,3,2720.63,1628,159,2720.63,1628,0,10.0020833333333
"14126",2011-11-29 12:21:00,2011-12-02 11:45:00,3,706.13,508,14,643.63,458,1,7.04513888888889
"14127",2011-02-02 12:26:00,2011-08-09 10:49:00,3,709.71,321,39,709.71,321,0,122.084027777778
"14128",2011-03-29 10:49:00,2011-10-10 12:00:00,2,637.5,564,40,637.5,564,0,60.0347222222222
"14129",2011-03-24 08:44:00,2011-12-08 11:02:00,5,1123.86,592,31,1123.86,592,0,1.075
"14130",2011-01-24 16:05:00,2011-01-24 16:05:00,1,480.91,257,66,480.91,257,0,318.864583333333
"14132",2011-06-09 12:04:00,2011-12-07 13:35:00,11,3586.03,3368,100,3580.13,3366,1,1.96875
"14133",2011-01-28 11:27:00,2011-08-02 11:34:00,3,605.64,348,25,590.34,342,2,129.052777777778
"14135",2010-12-02 10:27:00,2011-12-08 11:38:00,15,4690.31,3850,95,4690.31,3850,0,1.05
"14138",2011-10-07 09:38:00,2011-12-08 12:44:00,2,965.88,600,40,965.88,600,0,1.00416666666667
"14139",2011-10-24 13:34:00,2011-10-24 13:34:00,1,415.82,510,26,415.82,510,0,45.9694444444444
"14140",2011-11-08 11:20:00,2011-12-06 09:05:00,2,935.05,811,60,920.05,809,1,3.15625
"14141",2011-08-26 14:40:00,2011-12-07 09:53:00,4,915.13,355,27,879.03,337,2,2.12291666666667
"14142",2010-12-01 16:33:00,2010-12-01 16:33:00,1,311.81,313,22,311.81,313,0,372.845138888889
"14143",2011-07-29 09:48:00,2011-07-29 09:48:00,1,115.8,30,7,115.8,30,0,133.126388888889
"14145",2011-05-06 13:01:00,2011-10-24 12:10:00,4,3742.2,756,6,3148.2,636,1,46.0277777777778
"14146",2010-12-17 15:52:00,2011-12-01 10:18:00,5,4191,2437,183,2949.57,1886,1,8.10555555555556
"14147",2011-02-27 11:42:00,2011-09-22 18:10:00,2,483.4,108,4,468.4,96,1,77.7777777777778
"14148",2011-04-20 12:02:00,2011-04-20 12:02:00,1,157.2,16,3,157.2,16,0,233.033333333333
"14149",2011-05-03 09:44:00,2011-05-03 09:44:00,1,446.62,218,28,259.43,129,2,220.129166666667
"14150",2010-12-15 10:04:00,2011-11-04 10:05:00,2,658.64,496,23,658.64,496,0,35.1145833333333
"14152",2011-04-19 15:46:00,2011-09-25 12:54:00,2,621.29,711,47,611.09,699,1,74.9972222222222
"14154",2011-04-14 15:58:00,2011-04-14 16:26:00,2,1345.62,465,52,1345.62,465,0,238.85
"14155",2011-03-18 14:13:00,2011-03-18 14:13:00,1,118.75,25,6,118.75,25,0,265.942361111111
"14156",2010-12-03 11:48:00,2011-11-30 10:54:00,55,117210.08,57768,714,113214.59,56908,11,9.08055555555556
"14157",2011-02-27 13:04:00,2011-11-20 11:32:00,2,424.89,271,45,392.44,260,1,19.0541666666667
"14158",2011-10-30 15:08:00,2011-10-30 15:08:00,1,507.66,781,41,507.66,781,0,39.9041666666667
"14159",2010-12-12 11:17:00,2011-11-20 12:36:00,11,4630.35,4348,501,4615.64,4335,3,19.0097222222222
"14161",2010-12-05 13:18:00,2011-05-08 11:41:00,3,1097.62,450,87,1097.62,450,0,215.047916666667
"14162",2011-02-20 12:32:00,2011-06-19 11:36:00,2,289.36,142,25,289.36,142,0,173.051388888889
"14163",2011-04-14 17:33:00,2011-09-13 15:18:00,4,2445.91,893,36,2445.91,893,0,86.8972222222222
"14164",2011-09-20 12:18:00,2011-09-30 12:24:00,2,1631.77,1033,28,1631.77,1033,0,70.0180555555555
"14165",2011-03-09 12:39:00,2011-03-09 12:39:00,1,120.44,53,23,120.44,53,0,275.007638888889
"14167",2011-01-12 15:44:00,2011-10-31 14:29:00,4,562.59,147,27,562.59,147,0,38.93125
"14171",2011-09-02 16:43:00,2011-09-02 16:43:00,1,363.79,167,57,363.79,167,0,97.8381944444444
"14173",2011-05-04 14:03:00,2011-11-29 11:54:00,4,450.84,150,28,450.84,150,0,10.0388888888889
"14174",2011-11-06 13:17:00,2011-11-06 13:17:00,1,134.46,94,26,134.46,94,0,32.98125
"14175",2011-01-14 12:22:00,2011-10-11 11:55:00,3,3222.3,1515,139,3108.06,1461,4,59.0381944444444
"14176",2010-12-07 11:45:00,2011-02-15 13:12:00,4,576.9,209,28,574,207,1,296.984722222222
"14177",2011-06-13 11:10:00,2011-09-14 15:11:00,4,549.46,204,37,544.51,203,1,85.9020833333333
"14178",2011-06-10 12:51:00,2011-12-01 12:01:00,7,1600.26,1494,191,1600.26,1494,0,8.03402777777778
"14179",2011-10-18 14:00:00,2011-10-30 12:07:00,2,701.57,319,135,701.57,319,0,40.0298611111111
"14180",2010-12-02 13:08:00,2011-11-29 10:56:00,25,4748.52,719,112,4640.77,710,6,10.0791666666667
"14184",2011-10-04 12:43:00,2011-10-04 12:43:00,1,452.89,127,24,452.89,127,0,66.0048611111111
"14185",2011-01-12 13:52:00,2011-01-12 13:52:00,1,197.65,6,3,197.65,6,0,330.956944444444
"14188",2011-02-02 13:46:00,2011-11-09 12:45:00,6,2054.36,1162,34,2018.91,1145,4,30.0034722222222
"14189",2010-12-06 11:42:00,2011-12-07 15:55:00,15,4654.08,3937,176,4604.31,3919,9,1.87152777777778
"14191",2011-05-03 10:30:00,2011-12-08 09:23:00,13,4684.76,3662,145,4660.01,3657,1,1.14375
"14193",2011-03-15 11:38:00,2011-10-03 09:34:00,2,853.39,445,35,853.39,445,0,67.1361111111111
"14194",2011-02-04 14:51:00,2011-12-05 10:38:00,21,11349.52,5840,269,11216.75,5783,11,4.09166666666667
"14195",2011-04-01 16:50:00,2011-05-22 10:29:00,2,1012,760,7,962.7,702,1,201.097916666667
"14196",2011-08-25 10:25:00,2011-08-25 10:25:00,1,335.52,142,6,335.52,142,0,106.100694444444
"14198",2011-04-14 14:54:00,2011-11-21 16:35:00,4,701.4,290,35,663.5,280,3,17.84375
"14199",2011-05-05 13:44:00,2011-05-05 13:44:00,1,185.4,28,2,185.4,28,0,217.9625
"14201",2010-12-15 13:25:00,2011-10-10 13:27:00,7,747.44,590,32,688.04,578,2,59.9743055555556
"14204",2011-12-07 13:38:00,2011-12-07 13:38:00,1,150.61,72,36,150.61,72,0,1.96666666666667
"14205",2011-03-20 15:07:00,2011-11-23 10:55:00,2,466.7,204,23,218.78,99,2,16.0798611111111
"14206",2011-04-14 16:38:00,2011-04-14 16:38:00,1,328.16,276,20,308.26,274,1,238.841666666667
"14208",2011-09-06 12:48:00,2011-09-06 12:48:00,1,151.74,114,10,151.74,114,0,94.0013888888889
"14209",2011-01-11 12:56:00,2011-11-29 10:18:00,6,2073.43,691,55,2067.13,688,1,10.1055555555556
"14210",2010-12-03 12:43:00,2011-08-26 12:36:00,6,1905.84,760,66,1900.89,759,1,105.009722222222
"14211",2011-02-17 15:50:00,2011-10-17 13:23:00,9,2241.1,1242,87,2208.3,1232,4,52.9770833333333
"14212",2011-09-11 12:45:00,2011-09-11 12:45:00,1,1070.48,1152,9,1070.48,1152,0,89.0034722222222
"14214",2011-03-07 12:26:00,2011-11-09 10:31:00,5,1004.38,751,64,1000.23,748,2,30.0965277777778
"14215",2010-12-06 15:34:00,2011-11-28 12:19:00,6,1789.72,1358,98,1777.92,1354,1,11.0215277777778
"14216",2011-11-02 10:51:00,2011-12-06 14:56:00,4,1839.3,594,47,1839.3,594,0,2.9125
"14217",2010-12-08 13:28:00,2011-12-08 11:53:00,17,2004.98,689,78,1925.36,677,7,1.03958333333333
"14218",2011-10-28 10:00:00,2011-10-28 10:00:00,1,169.48,160,12,169.48,160,0,42.1180555555556
"14219",2011-12-05 16:23:00,2011-12-05 16:23:00,1,89.94,78,7,89.94,78,0,3.85208333333333
"14220",2010-12-16 18:18:00,2011-04-06 13:23:00,2,632.4,272,21,632.4,272,0,246.977083333333
"14221",2011-01-04 15:33:00,2011-10-28 13:42:00,9,3432.8,2191,123,3427.85,2190,1,41.9638888888889
"14222",2011-06-15 16:42:00,2011-06-15 16:42:00,1,683.17,607,41,683.17,607,0,176.838888888889
"14223",2011-03-20 16:02:00,2011-09-08 13:38:00,3,991.13,585,50,975.23,583,1,91.9666666666667
"14224",2011-01-23 13:58:00,2011-08-21 13:24:00,4,1009.73,483,105,1009.73,483,0,109.976388888889
"14226",2011-03-15 15:36:00,2011-11-11 11:34:00,5,2214.79,1296,64,2184.24,1289,2,28.0527777777778
"14227",2011-02-28 12:27:00,2011-11-13 15:48:00,10,3350.96,1820,117,3315.71,1811,5,25.8763888888889
"14229",2011-01-10 12:03:00,2011-10-19 10:04:00,3,1547.2,610,29,1450.6,590,2,51.1152777777778
"14231",2011-02-24 11:55:00,2011-06-09 11:05:00,3,925.71,409,47,822.06,402,2,183.072916666667
"14232",2011-03-20 12:44:00,2011-10-28 11:09:00,5,2048.07,1941,81,2043.93,1937,3,42.0701388888889
"14233",2011-01-26 12:43:00,2011-10-21 15:54:00,4,1462.72,680,30,1447.51,671,1,48.8722222222222
"14234",2011-10-13 13:58:00,2011-11-17 17:53:00,4,754.12,951,122,754.12,951,0,21.7895833333333
"14235",2011-03-24 13:23:00,2011-09-25 14:37:00,5,3144.86,1959,65,3093.86,1947,1,74.9256944444444
"14236",2010-12-02 18:49:00,2011-09-20 09:13:00,2,490.86,310,15,490.86,310,0,80.1506944444444
"14237",2010-12-01 13:20:00,2010-12-01 13:20:00,1,161,38,9,161,38,0,372.979166666667
"14238",2011-01-17 14:40:00,2011-01-17 14:40:00,1,146.85,111,8,146.85,111,0,325.923611111111
"14239",2011-01-27 14:45:00,2011-10-27 14:40:00,11,2380.85,993,83,2323.5,986,2,42.9236111111111
"14240",2011-04-28 11:40:00,2011-11-09 13:45:00,2,890.34,418,37,890.34,418,0,29.9618055555556
"14241",2011-06-09 11:46:00,2011-06-09 11:46:00,1,213.7,146,10,213.7,146,0,183.044444444444
"14242",2011-01-18 08:53:00,2011-04-19 11:46:00,2,280.55,123,13,280.55,123,0,234.044444444444
"14243",2010-12-09 08:34:00,2011-12-01 11:12:00,10,2588.77,1221,99,2535.88,1204,4,8.06805555555556
"14245",2011-03-21 10:41:00,2011-05-04 08:40:00,2,1693.45,976,107,1677.48,971,3,219.173611111111
"14246",2011-04-08 08:25:00,2011-08-21 11:50:00,3,1474.06,804,57,1474.06,804,0,110.041666666667
"14247",2011-03-06 15:21:00,2011-03-06 15:21:00,1,136.77,47,19,136.77,47,0,277.895138888889
"14248",2011-01-25 14:45:00,2011-01-25 14:45:00,1,302.58,102,8,302.58,102,0,317.920138888889
"14250",2011-09-11 13:44:00,2011-12-02 14:30:00,3,1904.05,1200,94,1904.05,1200,0,6.93055555555556
"14251",2011-10-13 12:46:00,2011-12-08 08:32:00,5,2879.7,1674,37,2879.7,1674,0,1.17916666666667
"14256",2010-12-10 11:44:00,2011-03-24 13:17:00,2,969.06,414,51,935.06,410,1,259.98125
"14257",2011-01-25 10:49:00,2011-10-06 16:54:00,5,3099.72,1682,88,3087.27,1677,1,63.8305555555556
"14258",2011-01-06 12:18:00,2011-11-30 15:27:00,9,12669.98,7100,58,12650.08,7098,1,8.89097222222222
"14259",2011-07-21 10:44:00,2011-07-21 10:44:00,1,120,68,5,120,68,0,141.0875
"14261",2011-09-22 10:47:00,2011-10-20 10:04:00,2,1163.45,406,52,1163.45,406,0,50.1152777777778
"14262",2011-04-13 12:23:00,2011-12-01 14:17:00,8,2618.23,1645,87,2618.23,1645,0,7.93958333333333
"14264",2011-04-08 12:20:00,2011-07-08 10:20:00,2,333.97,70,15,319.47,66,1,154.104166666667
"14265",2011-07-14 09:10:00,2011-08-22 13:32:00,2,530.18,330,31,530.18,330,0,108.970833333333
"14267",2011-03-24 11:38:00,2011-06-30 10:09:00,3,1516.24,530,25,1279.09,461,4,162.111805555556
"14270",2011-01-12 09:33:00,2011-01-12 09:33:00,1,492.65,197,29,492.65,197,0,331.136805555556
"14271",2011-04-28 12:47:00,2011-04-28 12:47:00,1,112.32,88,10,112.32,88,0,225.002083333333
"14272",2011-03-30 13:57:00,2011-09-27 10:08:00,2,437.96,599,33,437.96,599,0,73.1125
"14273",2011-04-11 13:24:00,2011-10-19 13:20:00,4,559.97,264,22,559.97,264,0,50.9791666666667
"14276",2011-02-23 09:38:00,2011-09-02 09:45:00,3,1119.74,744,52,1019.39,723,2,98.1284722222222
"14277",2011-05-11 13:20:00,2011-11-24 15:01:00,3,4188,1976,195,3928.8,1616,1,14.9090277777778
"14280",2011-05-27 10:37:00,2011-05-27 10:37:00,1,134.04,52,8,134.04,52,0,196.092361111111
"14282",2010-12-07 12:21:00,2011-12-06 17:04:00,15,3701.44,2656,70,3701.44,2656,0,2.82361111111111
"14284",2011-09-14 13:04:00,2011-11-09 08:11:00,2,595.25,161,24,578.45,157,1,30.19375
"14285",2011-06-16 12:36:00,2011-11-18 14:50:00,4,1910.01,541,18,1910.01,541,0,20.9166666666667
"14286",2011-04-11 08:16:00,2011-11-16 10:34:00,3,4628.75,4338,220,4595.81,4306,2,23.0944444444444
"14287",2011-05-25 11:41:00,2011-12-01 13:25:00,3,176.63,261,9,151.23,236,1,7.97569444444444
"14288",2011-05-10 13:22:00,2011-05-10 13:22:00,1,426.6,188,16,413.85,187,1,212.977777777778
"14289",2011-02-23 12:33:00,2011-12-01 11:44:00,6,911.26,292,33,911.26,292,0,8.04583333333333
"14290",2010-12-13 10:24:00,2011-11-28 14:02:00,5,2314.65,915,89,2307.45,913,1,10.95
"14291",2011-03-09 15:20:00,2011-12-08 10:26:00,11,3883.25,2749,145,3873.3,2748,1,1.1
"14292",2011-03-02 08:26:00,2011-12-02 11:50:00,9,4871.93,1663,64,4819.33,1643,5,7.04166666666667
"14293",2010-12-06 10:18:00,2011-12-06 15:17:00,4,1046.56,709,51,1046.56,709,0,2.89791666666667
"14295",2011-10-30 15:50:00,2011-10-30 15:50:00,1,166.2,84,5,154.7,82,1,39.875
"14297",2011-03-10 08:31:00,2011-11-22 09:06:00,4,1305.33,865,48,1284.06,861,2,17.1555555555556
"14298",2010-12-14 12:59:00,2011-12-01 13:12:00,44,51527.3,58343,884,50862.44,58021,1,7.98472222222222
"14299",2010-12-09 10:30:00,2011-12-01 16:05:00,9,3965.62,2149,94,2855.35,2013,9,7.86458333333333
"14300",2011-11-21 08:57:00,2011-11-21 08:57:00,1,43.2,32,3,43.2,32,0,18.1618055555556
"14301",2011-08-14 15:33:00,2011-08-14 15:33:00,1,640.14,606,13,632.04,600,1,116.886805555556
"14304",2011-05-01 11:50:00,2011-05-01 11:50:00,1,383.45,139,17,197.1,54,1,222.041666666667
"14305",2011-07-27 14:14:00,2011-09-29 15:29:00,3,1858.96,1089,96,1803.76,1069,2,70.8895833333333
"14306",2011-09-15 10:31:00,2011-10-19 13:23:00,2,2093.32,1075,33,2083.42,1073,1,50.9770833333333
"14307",2010-12-01 11:41:00,2011-09-12 09:38:00,6,2995.72,2058,150,2995.72,2058,0,88.1333333333333
"14309",2010-12-16 13:05:00,2011-12-01 13:33:00,9,2352.53,1633,74,2319.68,1619,1,7.97013888888889
"14311",2011-04-11 10:14:00,2011-04-11 10:14:00,1,310.26,146,20,229.71,125,1,242.108333333333
"14312",2011-01-06 16:35:00,2011-10-24 09:46:00,6,1611.59,1012,74,1611.59,1012,0,46.1277777777778
"14314",2011-08-25 10:39:00,2011-08-25 10:39:00,1,120,296,8,120,296,0,106.090972222222
"14315",2011-03-18 12:59:00,2011-10-26 12:06:00,6,2481.13,1021,64,2456.98,1010,1,44.0305555555556
"14317",2011-10-06 10:44:00,2011-10-06 10:44:00,1,508.58,255,24,508.58,255,0,64.0875
"14320",2011-01-11 09:12:00,2011-05-17 09:24:00,2,477.79,325,29,343.11,239,1,206.143055555556
"14321",2011-01-10 11:35:00,2011-11-29 09:47:00,5,1530.75,2406,111,1530.75,2406,0,10.1270833333333
"14323",2011-04-15 11:44:00,2011-08-17 11:37:00,2,605.06,350,32,574.26,340,2,114.050694444444
"14326",2011-04-11 15:04:00,2011-04-11 15:04:00,1,183.85,103,8,166.85,99,1,241.906944444444
"14327",2011-06-29 13:58:00,2011-06-29 13:58:00,1,311.65,139,12,311.65,139,0,162.952777777778
"14329",2011-01-14 13:42:00,2011-11-22 15:50:00,7,4975.24,3087,218,4889.14,3067,7,16.875
"14331",2011-07-27 15:14:00,2011-08-07 13:17:00,2,462.66,252,27,462.66,252,0,123.98125
"14332",2011-07-15 10:33:00,2011-11-17 11:54:00,3,840.21,463,22,840.21,463,0,22.0388888888889
"14333",2011-10-03 10:38:00,2011-10-03 10:38:00,1,415.2,58,15,351.45,52,1,67.0916666666667
"14334",2010-12-16 17:37:00,2011-11-23 10:01:00,8,2552.21,1731,98,2539.46,1730,1,16.1173611111111
"14335",2011-09-04 13:07:00,2011-11-23 13:41:00,2,454.86,375,55,454.86,375,0,15.9645833333333
"14336",2011-03-08 16:48:00,2011-11-23 11:40:00,4,1614.91,1759,77,1614.91,1759,0,16.0486111111111
"14338",2011-05-27 13:30:00,2011-07-01 14:08:00,2,588.22,335,30,554.22,329,2,160.945833333333
"14339",2011-04-11 11:06:00,2011-04-11 11:06:00,1,309.52,168,14,289.91,150,3,242.072222222222
"14340",2011-05-05 09:44:00,2011-05-05 09:44:00,1,134.7,58,6,134.7,58,0,218.129166666667
"14341",2011-01-25 13:55:00,2011-10-25 15:48:00,8,2166.98,1397,109,2151.08,1395,1,44.8763888888889
"14342",2011-05-13 13:50:00,2011-11-18 13:21:00,4,668.56,347,18,607.71,337,2,20.9784722222222
"14344",2010-12-06 11:58:00,2011-08-04 13:51:00,8,889.93,477,56,889.93,477,0,126.957638888889
"14345",2011-11-01 09:51:00,2011-11-01 09:51:00,1,108.98,50,6,108.98,50,0,38.1243055555556
"14346",2011-02-15 13:52:00,2011-08-11 09:47:00,2,1021.58,605,55,1021.58,605,0,120.127083333333
"14348",2011-03-24 16:23:00,2011-03-24 16:23:00,1,409.57,183,18,409.57,183,0,259.852083333333
"14349",2011-11-29 15:39:00,2011-11-29 15:39:00,1,133.5,86,31,133.5,86,0,9.88263888888889
"14350",2011-03-10 14:14:00,2011-03-10 14:14:00,1,282.93,183,18,258.7,166,1,273.941666666667
"14351",2011-06-28 11:56:00,2011-06-28 11:56:00,1,51,12,1,51,12,0,164.0375
"14352",2011-03-11 14:58:00,2011-07-05 15:41:00,4,1078.96,538,44,1078.96,538,0,156.88125
"14353",2011-05-08 16:06:00,2011-05-08 16:06:00,1,90.6,64,6,90.6,64,0,214.863888888889
"14354",2011-11-09 15:36:00,2011-12-04 11:32:00,2,163.62,210,9,163.62,210,0,5.05416666666667
"14355",2010-12-09 12:16:00,2010-12-09 12:16:00,1,174.4,92,11,174.4,92,0,365.023611111111
"14356",2011-09-19 14:43:00,2011-09-21 09:18:00,2,701.23,277,33,666.94,266,2,79.1472222222222
"14357",2011-10-27 16:23:00,2011-10-27 16:23:00,1,225.12,147,39,225.12,147,0,42.8520833333333
"14359",2011-09-13 09:03:00,2011-11-20 13:17:00,3,912.18,371,44,882.58,363,3,18.98125
"14360",2011-09-06 11:58:00,2011-11-08 09:12:00,4,2118.03,1139,104,2118.03,1139,0,31.1513888888889
"14362",2011-11-17 15:08:00,2011-11-17 15:08:00,1,151.5,96,37,151.5,96,0,21.9041666666667
"14364",2011-05-12 12:56:00,2011-08-23 11:01:00,8,3717.35,1967,61,3717.35,1967,0,108.075694444444
"14367",2011-03-08 14:12:00,2011-12-01 13:19:00,16,9227.82,4426,270,9134.12,4398,3,7.97986111111111
"14368",2011-01-24 09:52:00,2011-01-24 09:52:00,1,155,36,8,155,36,0,319.123611111111
"14371",2011-02-17 16:35:00,2011-02-17 16:35:00,1,100.5,34,4,100.5,34,0,294.84375
"14373",2010-12-16 15:40:00,2010-12-16 15:40:00,1,76.55,17,4,76.55,17,0,357.881944444444
"14375",2011-06-07 13:44:00,2011-06-07 13:44:00,1,235.56,184,57,235.56,184,0,184.9625
"14377",2011-03-22 13:38:00,2011-06-01 13:32:00,2,617.05,219,11,617.05,219,0,190.970833333333
"14379",2011-02-17 15:03:00,2011-10-26 16:43:00,2,348.1,292,39,348.1,292,0,43.8381944444444
"14381",2011-10-18 17:10:00,2011-10-18 17:10:00,1,202.68,146,56,202.68,146,0,51.8194444444444
"14382",2011-11-13 16:18:00,2011-11-13 16:18:00,1,615.49,1231,121,615.49,1231,0,25.8555555555556
"14383",2011-06-29 10:18:00,2011-11-01 15:53:00,3,1247.69,817,49,1247.69,817,0,37.8729166666667
"14385",2011-11-16 11:55:00,2011-11-30 15:36:00,3,202.11,159,13,202.11,159,0,8.88472222222222
"14386",2011-02-16 09:45:00,2011-02-16 09:45:00,1,142.4,54,7,142.4,54,0,296.128472222222
"14387",2011-08-22 14:13:00,2011-11-07 12:29:00,3,1727.6,795,125,1727.6,795,0,32.0145833333333
"14388",2010-12-02 11:02:00,2011-11-29 13:32:00,8,3212.84,1941,124,3172.04,1933,2,9.97083333333333
"14389",2011-06-02 12:04:00,2011-10-05 15:17:00,2,1043.46,729,33,999.72,702,3,64.8979166666667
"14390",2010-12-02 11:57:00,2011-11-29 13:49:00,9,4642.57,2133,135,4582.22,2122,4,9.95902777777778
"14393",2011-05-05 18:16:00,2011-05-05 18:16:00,1,67.95,13,5,67.95,13,0,217.773611111111
"14395",2010-12-02 18:15:00,2011-12-07 14:34:00,9,3479.91,1689,181,3444.11,1685,3,1.92777777777778
"14396",2010-12-03 15:19:00,2011-10-05 16:09:00,2,487.99,225,71,487.99,225,0,64.8618055555555
"14397",2011-05-10 12:25:00,2011-12-07 09:22:00,19,2612.96,1890,18,2556.68,1852,4,2.14444444444444
"14400",2011-07-13 15:50:00,2011-07-13 15:50:00,1,574.7,454,25,559.7,450,1,148.875
"14401",2010-12-15 09:07:00,2011-12-05 13:30:00,13,4051.48,4507,113,4039.98,4505,1,3.97222222222222
"14403",2011-04-06 14:23:00,2011-08-01 12:57:00,4,1475.81,519,17,1426.31,513,1,129.995138888889
"14404",2010-12-05 16:00:00,2011-11-06 12:30:00,6,1449.32,827,70,1409.72,819,1,33.0138888888889
"14406",2011-08-12 16:54:00,2011-08-12 16:54:00,1,156.75,77,8,156.75,77,0,118.830555555556
"14407",2011-03-08 11:59:00,2011-08-24 14:02:00,6,2157.73,1415,67,2111.08,1412,3,106.95
"14408",2011-03-20 14:41:00,2011-11-29 11:41:00,7,2599.03,1610,60,2599.03,1610,0,10.0479166666667
"14409",2010-12-06 15:03:00,2011-09-29 18:18:00,6,2059.45,1230,40,1908.25,1158,1,70.7722222222222
"14410",2011-02-07 09:36:00,2011-09-08 15:08:00,9,1100.27,567,153,573.45,288,6,91.9041666666667
"14411",2011-02-02 10:56:00,2011-02-02 10:56:00,1,1063,196,14,1063,196,0,310.079166666667
"14412",2011-09-28 08:48:00,2011-10-28 10:45:00,2,770.03,786,43,761.33,784,1,42.0868055555556
"14413",2010-12-12 13:37:00,2010-12-12 13:37:00,1,121.05,67,22,121.05,67,0,361.967361111111
"14414",2010-12-16 11:11:00,2011-09-09 12:09:00,7,1496.98,2512,79,1485.13,2509,1,91.0284722222222
"14415",2010-12-14 13:31:00,2011-12-08 14:38:00,13,5855.57,2996,283,5766.85,2958,5,0.925
"14416",2011-10-28 15:10:00,2011-11-17 15:22:00,2,490.22,326,13,490.22,326,0,21.8944444444444
"14418",2011-08-23 17:18:00,2011-12-06 11:39:00,3,1937.25,1711,114,1937.25,1711,0,3.04930555555556
"14419",2010-12-10 10:56:00,2011-11-29 11:22:00,6,1051.79,483,112,1051.79,483,0,10.0611111111111
"14420",2011-09-01 18:07:00,2011-09-01 18:07:00,1,387.52,334,29,385.87,333,1,98.7798611111111
"14421",2011-05-12 10:49:00,2011-10-13 13:24:00,2,813.11,365,25,813.11,365,0,56.9763888888889
"14422",2011-03-17 17:26:00,2011-12-09 11:26:00,6,4263.64,2906,189,4263.64,2906,0,0.0583333333333333
"14423",2011-05-05 15:12:00,2011-05-05 15:12:00,1,265.2,120,3,265.2,120,0,217.901388888889
"14424",2011-11-22 11:48:00,2011-11-22 11:48:00,1,322.08,48,1,322.08,48,0,17.0430555555556
"14426",2011-01-31 09:51:00,2011-11-16 12:25:00,10,4481.67,2699,183,3918.9,2339,6,23.0173611111111
"14427",2011-10-07 09:10:00,2011-10-20 14:23:00,2,363.34,228,16,363.34,228,0,49.9354166666667
"14428",2011-01-18 16:39:00,2011-12-02 13:17:00,5,1224.06,428,108,1209.37,420,2,6.98125
"14431",2011-02-10 10:40:00,2011-02-10 10:40:00,1,470.36,130,17,423.26,124,1,302.090277777778
"14432",2011-09-11 14:09:00,2011-11-30 08:04:00,6,2248.5,2013,256,2248.5,2013,0,9.19861111111111
"14434",2011-09-28 15:31:00,2011-11-18 08:56:00,6,1372.8,368,3,1372.8,368,0,21.1625
"14436",2011-09-02 10:13:00,2011-09-02 10:13:00,1,89.06,129,9,89.06,129,0,98.1090277777778
"14437",2010-12-09 09:27:00,2010-12-09 09:27:00,1,63,60,5,-43.4,59,1,365.140972222222
"14438",2011-02-06 14:56:00,2011-02-06 14:56:00,1,131.9,82,9,131.9,82,0,305.9125
"14439",2011-01-24 11:39:00,2011-01-24 11:39:00,1,2661.24,526,32,2661.24,526,0,319.049305555556
"14440",2010-12-09 12:49:00,2011-12-01 15:42:00,5,2357.68,588,33,2357.68,588,0,7.88055555555556
"14441",2011-03-29 12:01:00,2011-12-09 09:07:00,4,1712.89,446,43,1545.14,430,6,0.154861111111111
"14442",2011-01-27 09:33:00,2011-05-19 11:36:00,2,1589.82,482,58,1544.62,475,3,204.051388888889
"14443",2010-12-06 11:03:00,2011-10-17 10:10:00,4,1420.2,938,84,1400.88,931,3,53.1111111111111
"14446",2011-04-07 12:10:00,2011-12-09 11:34:00,4,1010.35,916,233,1010.35,916,0,0.0527777777777778
"14447",2011-03-04 10:49:00,2011-11-21 08:28:00,5,1163.23,571,54,1163.23,571,0,18.1819444444444
"14448",2010-12-10 17:26:00,2011-11-30 13:50:00,2,375.35,104,20,375.35,104,0,8.95833333333333
"14449",2010-12-02 14:09:00,2011-11-21 12:06:00,4,885.8,741,201,885.8,741,0,18.0305555555556
"14450",2011-01-23 11:53:00,2011-06-12 10:46:00,3,483.25,241,32,483.25,241,0,180.086111111111
"14451",2011-05-29 12:35:00,2011-10-10 13:38:00,2,643.9,378,86,643.9,378,0,59.9666666666667
"14452",2011-09-07 11:32:00,2011-11-29 12:06:00,2,259.05,116,55,259.05,116,0,10.0305555555556
"14453",2011-06-02 14:15:00,2011-06-02 14:15:00,1,119.93,49,22,119.93,49,0,189.940972222222
"14456",2011-07-20 13:06:00,2011-12-04 13:59:00,9,3017.28,2885,580,3002.51,2878,5,4.95208333333333
"14457",2011-02-02 09:39:00,2011-02-02 09:39:00,1,113.64,88,4,113.64,88,0,310.132638888889
"14459",2011-07-07 13:35:00,2011-07-07 13:35:00,1,1837.92,760,37,1837.92,760,0,154.96875
"14460",2011-02-02 11:55:00,2011-08-21 14:19:00,3,434.34,881,14,383.34,869,1,109.938194444444
"14461",2011-03-23 12:15:00,2011-07-14 17:11:00,3,2103.06,766,173,2103.06,766,0,147.81875
"14462",2011-01-04 12:45:00,2011-10-04 15:55:00,11,1980.57,956,150,1942.45,924,4,65.8715277777778
"14463",2011-05-18 14:42:00,2011-09-02 15:20:00,3,529.62,179,6,529.62,179,0,97.8958333333333
"14465",2011-02-10 12:13:00,2011-04-07 12:38:00,3,1038.44,398,107,1038.44,398,0,246.008333333333
"14466",2010-12-02 13:36:00,2011-11-10 14:07:00,7,2272.4,1006,35,2272.4,1006,0,28.9465277777778
"14467",2011-01-31 12:35:00,2011-11-22 12:48:00,4,596.26,276,67,596.26,276,0,17.0013888888889
"14470",2011-02-25 11:56:00,2011-11-28 10:31:00,2,461.19,193,43,461.19,193,0,11.0965277777778
"14472",2010-12-19 14:03:00,2011-08-28 11:01:00,8,1852.67,1135,153,1852.67,1135,0,103.075694444444
"14473",2011-03-02 13:56:00,2011-09-26 15:10:00,2,234.34,88,7,234.34,88,0,73.9027777777778
"14474",2011-10-24 13:26:00,2011-10-24 13:26:00,1,547.66,140,29,537.71,139,1,45.975
"14475",2011-02-08 10:12:00,2011-09-29 10:46:00,3,925.85,447,35,799.82,428,3,71.0861111111111
"14476",2011-03-27 15:39:00,2011-03-27 15:39:00,1,193,110,17,193,110,0,256.882638888889
"14477",2011-02-15 15:44:00,2011-11-20 11:11:00,4,1309.6,720,7,1307.81,719,1,19.06875
"14479",2010-12-09 12:59:00,2011-03-31 09:07:00,2,316.25,117,18,316.25,117,0,253.154861111111
"14480",2011-11-28 16:35:00,2011-11-28 16:35:00,1,279.05,143,13,279.05,143,0,10.84375
"14481",2011-02-25 13:53:00,2011-06-28 10:38:00,2,636.51,489,25,636.51,489,0,164.091666666667
"14482",2011-04-14 16:41:00,2011-11-21 13:14:00,6,2022.81,1627,110,2022.81,1627,0,17.9833333333333
"14483",2011-03-03 10:26:00,2011-03-03 10:26:00,1,137.1,97,9,129.2,95,1,281.1
"14484",2011-10-20 14:11:00,2011-10-20 14:11:00,1,321.92,210,14,321.92,210,0,49.94375
"14485",2011-11-01 12:25:00,2011-11-01 12:25:00,1,162.8,70,44,162.8,70,0,38.0173611111111
"14487",2010-12-06 13:22:00,2011-11-13 12:17:00,6,1165.48,712,112,1152.73,711,1,26.0229166666667
"14488",2011-10-03 09:30:00,2011-10-03 09:30:00,1,1064.28,799,46,1047.43,793,1,67.1388888888889
"14489",2011-05-16 14:51:00,2011-05-16 14:51:00,1,463.38,299,30,463.38,299,0,206.915972222222
"14491",2010-12-02 12:10:00,2011-06-17 15:22:00,2,340.93,139,17,340.93,139,0,174.894444444444
"14493",2011-07-07 16:59:00,2011-12-02 16:14:00,5,2383.24,1285,95,2362.84,1279,2,6.85833333333333
"14494",2011-11-14 09:21:00,2011-11-14 09:21:00,1,139.56,92,7,139.56,92,0,25.1451388888889
"14495",2011-08-10 14:13:00,2011-10-20 12:28:00,2,123.8,62,6,123.8,62,0,50.0152777777778
"14496",2010-12-01 15:35:00,2011-02-01 09:01:00,2,538.81,159,16,538.81,159,0,311.159027777778
"14497",2011-02-03 17:01:00,2011-02-03 17:01:00,1,475.37,235,29,457.47,233,1,308.825694444444
"14498",2010-12-13 11:29:00,2011-10-28 12:09:00,5,1957.32,1098,162,1957.32,1098,0,42.0284722222222
"14499",2011-03-06 11:55:00,2011-11-13 13:01:00,3,808.44,496,146,808.44,496,0,25.9923611111111
"14500",2011-06-03 10:08:00,2011-09-12 16:45:00,3,356.85,117,6,356.85,117,0,87.8368055555556
"14501",2011-01-24 10:43:00,2011-06-09 12:02:00,2,251.21,161,9,190.31,119,1,183.033333333333
"14502",2011-01-30 15:52:00,2011-11-20 11:50:00,11,2429.83,1480,368,2310.18,1465,3,19.0416666666667
"14503",2011-06-14 10:00:00,2011-12-06 13:30:00,6,3543.26,2004,113,3543.26,2004,0,2.97222222222222
"14504",2011-03-06 14:38:00,2011-10-23 16:00:00,4,673.26,308,85,673.26,308,0,46.8680555555556
"14505",2010-12-12 16:14:00,2011-11-22 15:45:00,8,5859.43,2739,540,5772.49,2723,3,16.8784722222222
"14506",2010-12-05 14:25:00,2011-11-22 13:02:00,5,1960.65,704,204,1960.65,704,0,16.9916666666667
"14507",2011-03-08 17:23:00,2011-11-16 12:21:00,6,1367.88,594,79,1352.88,582,1,23.0201388888889
"14508",2011-09-11 11:29:00,2011-11-17 19:48:00,2,268.05,129,52,268.05,129,0,21.7097222222222
"14511",2011-07-29 12:13:00,2011-11-28 17:05:00,5,1314.81,784,53,1267.41,772,1,10.8229166666667
"14512",2011-04-21 19:05:00,2011-06-05 12:39:00,2,275.28,122,19,275.28,122,0,187.007638888889
"14513",2011-02-24 09:36:00,2011-08-31 11:25:00,3,455.59,361,11,438.49,355,1,100.059027777778
"14514",2011-01-12 15:22:00,2011-10-09 16:05:00,3,990.2,564,65,990.2,564,0,60.8645833333333
"14515",2011-05-05 12:13:00,2011-11-22 11:37:00,6,2076.89,1110,68,2076.89,1110,0,17.0506944444444
"14517",2011-07-21 11:42:00,2011-11-06 14:20:00,2,330.45,91,17,330.45,91,0,32.9375
"14518",2011-10-06 14:43:00,2011-10-06 14:43:00,1,174.37,278,16,174.37,278,0,63.9215277777778
"14520",2011-02-22 09:15:00,2011-12-08 09:46:00,2,270.6,146,3,270.6,146,0,1.12777777777778
"14522",2011-05-25 16:01:00,2011-11-15 13:24:00,4,974.54,525,15,974.54,525,0,23.9763888888889
"14523",2011-08-23 13:13:00,2011-08-23 13:13:00,1,241.09,251,12,241.09,251,0,107.984027777778
"14524",2010-12-14 11:01:00,2011-11-08 12:29:00,9,1843.83,669,161,1843.83,669,0,31.0145833333333
"14525",2010-12-13 17:40:00,2011-11-20 11:37:00,9,4215.9,2637,217,4105.07,2603,4,19.0506944444444
"14527",2010-12-05 13:17:00,2011-12-07 12:19:00,55,8507.13,2088,330,7709.69,2048,31,2.02152777777778
"14528",2011-11-02 17:09:00,2011-11-02 17:09:00,1,364.22,278,18,364.22,278,0,36.8201388888889
"14529",2011-08-21 14:10:00,2011-10-10 15:27:00,3,578.61,325,177,578.61,325,0,59.8909722222222
"14530",2011-02-16 10:47:00,2011-11-14 10:38:00,6,2862.11,1395,140,2862.11,1395,0,25.0916666666667
"14532",2010-12-22 13:48:00,2011-04-17 13:05:00,4,932.85,284,45,932.85,284,0,235.989583333333
"14533",2010-12-22 11:07:00,2011-11-15 12:05:00,7,1949.72,4019,53,1812.62,2777,2,24.03125
"14534",2011-01-25 12:33:00,2011-12-07 12:19:00,18,4397.3,2027,331,4025.6,1905,7,2.02152777777778
"14535",2011-04-05 12:50:00,2011-10-10 15:39:00,3,2854.84,1824,280,2831.74,1818,1,59.8826388888889
"14536",2011-03-25 12:21:00,2011-03-25 12:21:00,1,170.95,39,18,170.95,39,0,259.020138888889
"14537",2011-10-13 10:54:00,2011-10-13 10:54:00,1,355.56,120,10,355.56,120,0,57.0805555555556
"14538",2011-03-28 14:57:00,2011-10-06 10:31:00,2,388.25,155,19,388.25,155,0,64.0965277777778
"14539",2011-10-26 12:03:00,2011-11-24 09:50:00,2,537.48,428,31,537.48,428,0,15.125
"14540",2011-02-03 15:02:00,2011-11-30 10:15:00,3,952.66,411,64,952.66,411,0,9.10763888888889
"14541",2011-01-24 14:16:00,2011-10-12 10:08:00,8,1453.35,641,71,1453.35,641,0,58.1125
"14542",2011-06-07 08:19:00,2011-06-07 08:19:00,1,103.25,19,5,103.25,19,0,185.188194444444
"14543",2010-12-10 11:51:00,2011-11-11 12:45:00,16,3599.73,675,43,2916.17,600,5,28.0034722222222
"14544",2010-12-13 12:50:00,2011-11-15 15:06:00,2,2004.3,1536,97,2004.3,1536,0,23.9055555555556
"14546",2011-04-05 12:37:00,2011-12-04 13:00:00,5,2573.93,1313,250,2482.86,1283,4,4.99305555555556
"14547",2011-10-16 14:35:00,2011-12-06 11:06:00,8,3974.75,2639,198,3953.95,2629,1,3.07222222222222
"14548",2011-01-26 08:38:00,2011-07-12 12:19:00,2,652.8,256,2,652.8,256,0,150.021527777778
"14549",2011-02-01 13:47:00,2011-02-01 13:47:00,1,289.24,136,56,289.24,136,0,310.960416666667
"14550",2011-10-26 12:14:00,2011-11-29 12:12:00,2,757.37,389,38,757.37,389,0,10.0263888888889
"14551",2011-05-19 18:21:00,2011-11-21 13:36:00,2,186.23,106,9,186.23,106,0,17.9680555555556
"14552",2011-07-11 12:49:00,2011-07-11 12:49:00,1,164.22,90,57,164.22,90,0,151.000694444444
"14553",2011-01-04 15:40:00,2011-11-20 13:20:00,5,859.27,493,103,859.27,493,0,18.9791666666667
"14554",2011-10-18 13:04:00,2011-11-29 16:44:00,4,2279.49,1443,147,2279.49,1443,0,9.8375
"14555",2011-02-10 17:19:00,2011-10-13 16:24:00,2,312.54,122,18,312.54,122,0,56.8513888888889
"14557",2011-09-15 15:48:00,2011-09-15 15:48:00,1,788.38,510,16,0,0,1,84.8763888888889
"14560",2010-12-17 09:22:00,2011-12-02 15:22:00,22,2237.77,1260,39,2174.18,1223,2,6.89444444444444
"14561",2011-06-08 13:26:00,2011-09-25 12:39:00,3,1080.76,1014,67,1080.76,1014,0,75.0076388888889
"14562",2011-02-08 14:45:00,2011-12-06 11:05:00,18,5006.77,1815,187,4676.62,1663,4,3.07291666666667
"14565",2010-12-13 13:25:00,2011-09-05 09:07:00,4,3099.12,1540,111,3073.77,1532,2,95.1548611111111
"14566",2011-08-21 11:05:00,2011-08-21 11:05:00,1,1432,800,4,1432,800,0,110.072916666667
"14567",2011-08-01 13:48:00,2011-10-14 10:21:00,2,1530.36,412,33,1524.46,410,1,56.1034722222222
"14569",2011-12-08 14:58:00,2011-12-08 14:58:00,1,227.39,79,10,227.39,79,0,0.911111111111111
"14570",2011-03-04 10:39:00,2011-03-04 10:58:00,2,218.06,95,29,218.06,95,0,280.077777777778
"14572",2011-01-19 17:23:00,2011-12-06 14:40:00,7,2804.54,1420,190,2775.39,1417,3,2.92361111111111
"14573",2010-12-02 19:59:00,2011-06-13 11:15:00,9,1639.82,534,127,1590.12,528,4,179.065972222222
"14576",2010-12-02 17:51:00,2010-12-02 17:51:00,1,35.4,12,1,35.4,12,0,371.790972222222
"14577",2010-12-12 11:26:00,2011-11-27 12:47:00,4,859.71,353,86,859.71,353,0,12.0020833333333
"14578",2011-12-06 17:18:00,2011-12-06 17:18:00,1,168.63,240,24,168.63,240,0,2.81388888888889
"14581",2011-11-23 12:39:00,2011-11-23 12:39:00,1,138.6,217,16,138.6,217,0,16.0076388888889
"14582",2011-10-30 11:56:00,2011-10-30 11:56:00,1,114.11,73,6,114.11,73,0,40.0375
"14583",2011-05-18 11:28:00,2011-12-04 12:32:00,5,986.96,751,243,986.96,751,0,5.0125
"14584",2011-05-25 17:31:00,2011-06-23 18:33:00,4,1033.06,381,68,1020.06,377,1,168.761805555556
"14585",2011-10-20 14:33:00,2011-10-20 14:33:00,1,157.05,91,29,157.05,91,0,49.9284722222222
"14586",2011-03-08 10:04:00,2011-03-08 10:04:00,1,237.36,444,19,134.16,236,2,276.115277777778
"14587",2011-01-12 13:16:00,2011-11-21 11:34:00,9,1580.29,749,170,1577.39,747,1,18.0527777777778
"14589",2010-12-03 11:42:00,2010-12-03 11:42:00,1,39.75,5,3,39.75,5,0,371.047222222222
"14591",2011-05-10 14:09:00,2011-11-24 13:57:00,4,1320.21,1228,138,1320.21,1228,0,14.9534722222222
"14592",2011-10-06 18:08:00,2011-11-04 16:35:00,3,557.94,407,132,557.94,407,0,34.84375
"14593",2011-05-25 11:14:00,2011-11-18 12:48:00,3,617.15,330,127,617.15,330,0,21.0013888888889
"14594",2010-12-01 13:54:00,2011-12-02 13:28:00,2,363.33,183,48,363.33,183,0,6.97361111111111
"14595",2011-01-30 13:36:00,2011-11-20 12:12:00,6,1740.6,978,94,1740.6,978,0,19.0263888888889
"14597",2011-06-01 12:33:00,2011-11-28 13:13:00,2,866.24,566,45,866.24,566,0,10.9840277777778
"14598",2011-10-26 13:19:00,2011-10-26 13:19:00,1,221.97,189,49,221.97,189,0,43.9798611111111
"14600",2011-02-07 09:48:00,2011-02-07 09:48:00,1,393.33,125,25,393.33,125,0,305.126388888889
"14601",2011-11-29 09:48:00,2011-11-29 09:48:00,1,213.96,168,7,213.96,168,0,10.1263888888889
"14603",2011-03-10 10:27:00,2011-03-10 10:27:00,1,660,400,2,660,400,0,274.099305555556
"14606",2010-12-01 16:57:00,2011-12-08 19:28:00,93,12076.15,6187,819,11633.35,5941,35,0.723611111111111
"14607",2011-03-23 15:22:00,2011-11-24 10:35:00,14,16209.5,11526,38,10981.1,7758,3,15.09375
"14608",2010-12-12 14:49:00,2011-12-05 16:52:00,4,1785.15,437,8,1785.15,437,0,3.83194444444444
"14609",2011-02-16 12:10:00,2011-09-28 12:54:00,4,601.56,7026,2,601.56,7026,0,71.9972222222222
"14616",2011-01-26 12:42:00,2011-04-11 09:54:00,3,406.08,104,2,406.08,104,0,242.122222222222
"14618",2011-01-06 11:59:00,2011-11-30 13:45:00,3,553.44,264,10,538.59,261,1,8.96180555555556
"14619",2011-04-08 07:37:00,2011-04-08 07:37:00,1,394.44,152,20,379.51,145,1,245.217361111111
"14620",2011-03-01 08:30:00,2011-05-18 11:58:00,2,412.78,214,26,393.28,188,1,205.036111111111
"14621",2010-12-16 13:00:00,2011-12-08 16:22:00,5,1788.36,993,80,1765.76,987,1,0.852777777777778
"14622",2011-06-08 12:42:00,2011-06-08 12:42:00,1,320.58,146,21,320.58,146,0,184.005555555556
"14623",2011-04-18 13:54:00,2011-11-07 13:56:00,5,886.7,418,108,866.8,416,1,31.9541666666667
"14624",2011-10-11 14:39:00,2011-10-13 13:44:00,2,225.85,162,13,225.85,162,0,56.9625
"14625",2010-12-13 15:36:00,2011-05-27 15:32:00,2,899.63,335,51,848.48,330,3,195.8875
"14626",2011-04-20 13:18:00,2011-11-16 10:37:00,4,2791.27,1403,108,2757.07,1387,3,23.0923611111111
"14628",2011-04-11 14:43:00,2011-09-09 14:58:00,2,671.96,272,22,671.96,272,0,90.9111111111111
"14629",2011-10-23 16:13:00,2011-12-05 16:55:00,2,955.26,378,133,935.46,374,1,3.82986111111111
"14631",2011-02-14 09:31:00,2011-10-20 11:17:00,3,1006.98,622,38,1006.98,622,0,50.0645833333333
"14632",2011-03-22 08:49:00,2011-03-22 08:49:00,1,114.56,96,8,114.56,96,0,262.167361111111
"14633",2011-03-18 17:07:00,2011-03-18 17:07:00,1,344.9,96,20,344.9,96,0,265.821527777778
"14636",2011-03-16 09:52:00,2011-11-03 16:12:00,2,609.85,241,27,609.85,241,0,35.8597222222222
"14638",2011-10-20 10:10:00,2011-10-20 10:10:00,1,443.6,166,16,443.6,166,0,50.1111111111111
"14639",2010-12-13 13:50:00,2011-10-18 15:06:00,6,2984.49,1431,138,2952.34,1428,2,51.9055555555556
"14640",2011-04-26 12:31:00,2011-11-15 13:07:00,6,2107.38,880,87,2024.45,823,2,23.9881944444444
"14641",2011-11-18 10:42:00,2011-11-18 10:42:00,1,110.46,90,7,110.46,90,0,21.0888888888889
"14642",2011-10-12 11:08:00,2011-10-12 11:08:00,1,96.12,76,2,96.12,76,0,58.0708333333333
"14643",2010-12-16 17:53:00,2011-06-22 14:41:00,2,693.81,815,30,668.61,755,1,169.922916666667
"14644",2011-02-14 14:14:00,2011-10-03 08:30:00,2,830.76,258,26,780.46,252,2,67.1805555555556
"14645",2011-03-09 09:52:00,2011-07-06 09:15:00,2,597.09,381,28,597.09,381,0,156.149305555556
"14646",2010-12-20 10:09:00,2011-12-08 12:12:00,73,280206.02,196915,700,279489.02,196143,3,1.02638888888889
"14647",2011-05-22 13:40:00,2011-05-22 13:40:00,1,236.04,91,24,236.04,91,0,200.965277777778
"14649",2011-05-11 14:37:00,2011-12-05 12:30:00,4,1402.59,1004,148,1402.59,1004,0,4.01388888888889
"14651",2011-05-12 16:29:00,2011-10-03 15:52:00,2,653.75,343,95,653.75,343,0,66.8736111111111
"14652",2011-09-23 14:21:00,2011-09-23 14:21:00,1,114.18,53,29,114.18,53,0,76.9368055555556
"14653",2011-01-05 13:40:00,2011-12-08 13:45:00,7,1926.65,945,154,1926.65,945,0,0.961805555555556
"14655",2011-05-01 14:59:00,2011-12-01 16:28:00,4,1932.23,1089,35,1930.15,1088,1,7.84861111111111
"14656",2011-03-01 13:19:00,2011-06-23 13:51:00,2,291.05,120,73,291.05,120,0,168.957638888889
"14657",2011-01-17 15:19:00,2011-11-22 12:47:00,4,848.22,466,103,838.27,465,1,17.0020833333333
"14658",2011-08-14 15:42:00,2011-12-04 15:35:00,2,247.15,47,27,247.15,47,0,4.88541666666667
"14659",2011-01-28 12:43:00,2011-12-01 12:17:00,9,2529.93,1195,147,2456.53,1183,3,8.02291666666667
"14660",2011-08-31 10:40:00,2011-09-14 11:34:00,2,285.74,228,24,285.74,228,0,86.0527777777778
"14661",2011-11-13 11:51:00,2011-11-13 11:51:00,1,107.95,35,4,107.95,35,0,26.0409722222222
"14662",2011-01-27 17:41:00,2011-11-11 12:13:00,4,741.37,578,143,741.37,578,0,28.0256944444444
"14664",2011-11-06 14:56:00,2011-11-20 10:59:00,2,636.24,465,78,636.24,465,0,19.0770833333333
"14665",2011-02-02 09:08:00,2011-10-10 09:14:00,5,1835.7,740,63,1258.38,500,2,60.15
"14666",2011-11-15 12:57:00,2011-11-15 12:57:00,1,195.25,161,14,195.25,161,0,23.9951388888889
"14667",2010-12-06 13:13:00,2011-11-29 11:30:00,25,9175.04,5319,354,9165.04,5316,2,10.0555555555556
"14669",2011-01-11 12:30:00,2011-04-12 11:43:00,3,1259.24,770,158,1259.24,770,0,241.046527777778
"14670",2011-03-04 13:58:00,2011-03-04 14:13:00,2,392.86,326,107,392.86,326,0,279.942361111111
"14672",2011-01-07 15:48:00,2011-04-19 10:19:00,2,765.55,454,58,765.55,454,0,234.104861111111
"14673",2010-12-07 12:49:00,2011-12-06 14:31:00,5,1736.4,1004,39,1736.4,1004,0,2.92986111111111
"14675",2011-11-23 12:58:00,2011-11-23 12:58:00,1,596.36,336,93,596.36,336,0,15.9944444444444
"14676",2011-03-01 14:26:00,2011-11-08 13:29:00,6,2548.24,2500,29,2543.24,2498,2,30.9729166666667
"14680",2010-12-03 12:05:00,2011-11-14 16:59:00,16,28754.11,13476,73,26932.34,12474,7,24.8270833333333
"14681",2011-05-12 10:45:00,2011-09-29 15:52:00,3,498.95,76,6,498.95,76,0,70.8736111111111
"14682",2011-05-22 12:51:00,2011-06-05 12:12:00,2,52,80,1,52,80,0,187.026388888889
"14684",2010-12-12 12:44:00,2011-11-14 11:33:00,5,1201.51,821,231,1201.51,821,0,25.0534722222222
"14687",2011-08-25 11:59:00,2011-08-25 11:59:00,1,628.38,470,15,628.38,470,0,106.035416666667
"14688",2010-12-01 09:37:00,2011-12-02 12:26:00,21,5579.1,3584,148,5055.61,3185,6,7.01666666666667
"14689",2011-05-15 11:22:00,2011-05-15 11:22:00,1,112.8,76,13,112.8,76,0,208.061111111111
"14690",2011-07-11 11:58:00,2011-10-26 15:39:00,2,355.05,167,40,341.96,160,1,43.8826388888889
"14691",2011-05-11 09:55:00,2011-11-09 12:30:00,5,2114.33,707,50,2114.33,707,0,30.0138888888889
"14692",2011-01-21 13:47:00,2011-07-25 15:08:00,4,591.55,265,53,582.05,255,1,136.904166666667
"14693",2011-03-20 12:50:00,2011-03-20 12:50:00,1,172.9,34,8,172.9,34,0,264
"14696",2010-12-01 15:37:00,2011-12-05 13:43:00,7,2078.95,1630,117,2070.97,1626,2,3.96319444444444
"14697",2011-05-05 15:29:00,2011-05-05 15:39:00,2,188.61,181,22,188.61,181,0,217.882638888889
"14698",2011-10-19 12:54:00,2011-12-08 12:26:00,5,1217.27,602,148,1217.27,602,0,1.01666666666667
"14699",2011-05-09 14:54:00,2011-05-09 14:54:00,1,109.13,77,8,109.13,77,0,213.913888888889
"14700",2011-04-15 13:16:00,2011-11-07 14:40:00,3,2195.1,1314,80,2195.1,1314,0,31.9236111111111
"14701",2011-01-27 12:40:00,2011-11-29 12:38:00,9,2526.09,921,268,2462.94,898,3,10.0083333333333
"14702",2010-12-09 19:23:00,2011-12-08 19:29:00,17,3251.79,1439,196,3210.29,1429,1,0.722916666666667
"14703",2011-11-25 09:23:00,2011-11-25 09:23:00,1,318.17,183,22,318.17,183,0,14.14375
"14704",2011-06-12 13:59:00,2011-11-28 12:51:00,9,1493.96,1043,288,1493.96,1043,0,10.9993055555556
"14705",2011-05-25 12:39:00,2011-05-25 12:39:00,1,179,100,1,179,100,0,198.007638888889
"14708",2010-12-06 12:23:00,2011-12-07 08:21:00,3,1126.37,621,25,1096.67,615,1,2.18680555555556
"14709",2010-12-16 13:43:00,2011-11-24 15:41:00,13,4921.04,2484,71,4911.14,2482,1,14.88125
"14710",2011-10-11 13:49:00,2011-11-25 14:53:00,4,599.48,375,124,599.48,375,0,13.9145833333333
"14711",2011-03-22 13:32:00,2011-11-29 14:58:00,11,2839.62,966,221,2809.02,954,1,9.91111111111111
"14712",2011-08-19 13:33:00,2011-11-10 12:59:00,3,917.07,315,21,917.07,315,0,28.99375
"14713",2010-12-09 18:58:00,2011-11-30 16:26:00,11,2662.2,1613,146,2660.1,1611,1,8.85
"14714",2011-11-15 13:07:00,2011-11-15 13:07:00,1,160.19,229,10,160.19,229,0,23.9881944444444
"14715",2011-01-12 13:27:00,2011-11-15 12:10:00,4,867.38,521,60,867.38,521,0,24.0277777777778
"14716",2011-07-14 12:42:00,2011-10-27 17:29:00,2,307.51,495,46,307.51,495,0,42.80625
"14719",2011-04-04 14:17:00,2011-12-08 12:43:00,5,1581.84,1025,177,1571.89,1024,1,1.00486111111111
"14720",2011-08-05 12:06:00,2011-12-04 12:02:00,3,663.81,219,34,663.81,219,0,5.03333333333333
"14722",2011-07-15 14:58:00,2011-07-15 14:58:00,1,180.42,118,28,180.42,118,0,146.911111111111
"14723",2010-12-03 14:18:00,2011-11-29 15:23:00,6,1122.36,673,193,1122.36,673,0,9.89375
"14725",2011-11-15 12:42:00,2011-11-15 12:42:00,1,655.58,588,45,655.58,588,0,24.0055555555556
"14727",2011-03-10 14:45:00,2011-03-10 14:45:00,1,268.58,62,10,268.58,62,0,273.920138888889
"14729",2010-12-01 12:43:00,2010-12-01 12:43:00,1,313.49,197,69,313.49,197,0,373.004861111111
"14730",2011-03-08 12:49:00,2011-12-08 14:39:00,8,1897.57,1078,317,1897.57,1078,0,0.924305555555556
"14731",2011-05-11 13:06:00,2011-10-23 15:54:00,3,380.02,256,38,380.02,256,0,46.8722222222222
"14732",2011-01-04 14:40:00,2011-12-01 14:34:00,8,2702.49,1405,105,2686.34,1402,2,7.92777777777778
"14733",2010-12-07 11:30:00,2011-11-23 15:39:00,12,9585.91,3764,102,9451.54,3725,3,15.8826388888889
"14735",2010-12-16 16:05:00,2011-12-06 12:09:00,32,6065.69,2264,99,5807.69,2160,2,3.02847222222222
"14737",2010-12-21 13:49:00,2011-12-06 10:16:00,3,1164.55,345,15,1164.55,345,0,3.10694444444444
"14738",2011-01-27 14:10:00,2011-10-28 08:56:00,7,1314.45,601,39,1289.94,576,2,42.1625
"14739",2010-12-07 14:58:00,2011-12-05 16:54:00,7,3902.28,3820,47,3899.1,3817,1,3.83055555555556
"14740",2011-03-01 08:35:00,2011-05-26 18:17:00,3,1448.21,735,85,1423.21,729,1,196.772916666667
"14741",2010-12-02 08:43:00,2011-11-28 08:48:00,6,1400.34,841,35,1400.34,841,0,11.1680555555556
"14744",2010-12-08 10:21:00,2011-11-23 12:51:00,7,1099.98,627,21,1088.53,625,2,15.9993055555556
"14745",2011-02-27 15:25:00,2011-08-19 10:05:00,5,1220.26,1038,46,1167.16,1020,1,112.114583333333
"14747",2011-04-04 14:09:00,2011-04-04 14:09:00,1,328.2,84,18,294.3,82,1,248.945138888889
"14748",2010-12-06 10:19:00,2011-11-10 18:33:00,5,1415.75,1223,87,1311.79,1192,1,28.7618055555556
"14752",2011-10-27 11:55:00,2011-10-27 11:55:00,1,389.64,260,5,389.64,260,0,43.0381944444444
"14753",2011-09-13 14:50:00,2011-09-13 14:50:00,1,563.15,211,30,563.15,211,0,86.9166666666667
"14754",2011-02-17 12:21:00,2011-10-26 12:01:00,2,638.05,486,38,638.05,486,0,44.0340277777778
"14755",2011-01-09 14:02:00,2011-11-30 11:24:00,11,5010.28,2219,128,4965.38,2217,1,9.05972222222222
"14756",2011-11-24 18:13:00,2011-11-24 18:13:00,1,738.96,416,38,738.96,416,0,14.7756944444444
"14757",2011-09-25 14:36:00,2011-09-25 14:36:00,1,420.5,160,19,420.5,160,0,74.9263888888889
"14758",2011-03-25 12:10:00,2011-07-18 08:21:00,4,1484.06,419,54,1484.06,419,0,144.186805555556
"14759",2011-04-21 10:55:00,2011-12-05 12:03:00,3,1625.97,569,92,1625.97,569,0,4.03263888888889
"14760",2011-02-15 16:27:00,2011-02-15 16:27:00,1,89.2,40,5,53.8,28,1,296.849305555556
"14761",2011-01-09 12:03:00,2011-10-12 12:10:00,2,255.9,118,11,255.9,118,0,58.0277777777778
"14762",2011-03-21 08:20:00,2011-03-21 08:20:00,1,300.52,341,21,300.52,341,0,263.1875
"14764",2011-10-24 11:54:00,2011-10-24 11:54:00,1,278.3,190,6,250.55,175,1,46.0388888888889
"14765",2011-06-16 19:49:00,2011-11-10 19:53:00,3,254.11,135,38,254.11,135,0,28.70625
"14766",2010-12-08 15:33:00,2011-12-01 16:05:00,6,2473.37,1349,111,2423.07,1323,2,7.86458333333333
"14768",2011-08-04 13:25:00,2011-11-22 12:54:00,2,192.6,52,4,139.5,34,1,16.9972222222222
"14769",2010-12-17 11:40:00,2011-12-07 10:24:00,8,10416.98,7239,718,10383.83,7209,2,2.10138888888889
"14770",2011-01-20 15:00:00,2011-04-21 14:21:00,2,876.42,490,49,876.42,490,0,231.936805555556
"14772",2011-08-19 15:04:00,2011-08-19 15:04:00,1,139.26,82,9,139.26,82,0,111.906944444444
"14775",2010-12-02 16:38:00,2011-10-12 15:27:00,3,1011.9,1174,57,1011.9,1174,0,57.8909722222222
"14776",2011-01-31 13:17:00,2011-10-19 15:34:00,11,2538.3,3134,44,2195.58,2688,2,50.8861111111111
"14778",2011-02-04 11:43:00,2011-08-04 15:23:00,2,730.86,306,34,730.86,306,0,126.89375
"14779",2011-01-20 12:04:00,2011-03-04 12:42:00,3,386.15,84,40,386.15,84,0,280.005555555556
"14780",2011-09-21 15:15:00,2011-10-16 12:46:00,2,447.68,310,26,447.68,310,0,54.0027777777778
"14782",2011-01-24 11:12:00,2011-01-24 11:12:00,1,200.1,114,6,200.1,114,0,319.068055555556
"14784",2011-01-20 09:25:00,2011-11-13 13:30:00,2,289.99,237,15,289.99,237,0,25.9722222222222
"14785",2011-11-24 13:40:00,2011-11-29 13:21:00,2,77.4,84,2,77.4,84,0,9.97847222222222
"14788",2011-11-13 15:52:00,2011-12-02 17:06:00,2,679.44,421,26,679.44,421,0,6.82222222222222
"14789",2011-11-11 08:59:00,2011-11-11 08:59:00,1,197.64,116,6,197.64,116,0,28.1604166666667
"14790",2011-03-31 11:49:00,2011-11-23 09:28:00,4,745.06,699,30,745.06,699,0,16.1402777777778
"14792",2011-10-07 09:19:00,2011-10-07 09:19:00,1,6.2,2,2,0,0,1,63.1465277777778
"14793",2011-11-18 14:50:00,2011-11-18 14:50:00,1,228.99,91,14,214.14,88,1,20.9166666666667
"14794",2011-01-09 16:11:00,2011-12-07 10:11:00,7,1319.91,673,68,1272.11,669,2,2.11041666666667
"14795",2011-06-26 13:04:00,2011-06-26 13:04:00,1,131.45,17,6,131.45,17,0,165.990277777778
"14796",2010-12-08 10:40:00,2011-12-08 15:31:00,17,7975.49,5995,403,7792.51,5912,10,0.888194444444444
"14798",2011-02-02 15:26:00,2011-10-18 10:58:00,3,173.74,150,11,173.74,150,0,52.0777777777778
"14799",2011-10-19 16:16:00,2011-10-19 16:16:00,1,157.7,146,13,157.7,146,0,50.8569444444444
"14800",2010-12-05 11:10:00,2011-10-23 12:46:00,12,4331.79,3644,246,4228.39,3623,4,47.0027777777778
"14801",2011-10-09 15:24:00,2011-10-09 15:24:00,1,189.34,173,56,189.34,173,0,60.8930555555556
"14803",2011-02-20 13:21:00,2011-06-30 13:58:00,3,845.55,370,35,845.55,370,0,161.952777777778
"14804",2011-12-01 11:20:00,2011-12-01 11:20:00,1,353.27,121,12,353.27,121,0,8.0625
"14805",2011-01-30 10:43:00,2011-11-24 16:20:00,4,546.4,114,30,546.4,114,0,14.8541666666667
"14806",2011-09-25 15:32:00,2011-09-25 15:32:00,1,193.39,330,11,193.39,330,0,74.8875
"14808",2011-06-20 12:53:00,2011-10-31 12:21:00,8,2718.6,2120,176,2152.8,2027,7,39.0201388888889
"14810",2010-12-05 12:08:00,2011-10-30 11:19:00,11,2085.33,1015,106,2085.33,1015,0,40.0631944444444
"14813",2010-12-05 11:54:00,2010-12-05 11:57:00,2,152.88,66,25,152.88,66,0,369.036805555556
"14815",2011-10-03 11:36:00,2011-11-03 11:36:00,2,778.5,744,53,778.5,744,0,36.0513888888889
"14816",2011-05-26 13:16:00,2011-05-26 13:16:00,1,271.85,5,4,271.85,5,0,196.981944444444
"14817",2011-03-07 13:51:00,2011-05-23 13:35:00,2,1110.34,655,52,1110.34,655,0,199.96875
"14818",2011-03-31 12:28:00,2011-09-27 11:01:00,3,657.8,324,41,657.8,324,0,73.0756944444445
"14819",2011-05-31 13:50:00,2011-10-06 13:41:00,2,272.07,109,13,272.07,109,0,63.9645833333333
"14820",2011-06-19 14:56:00,2011-11-18 15:41:00,4,507.29,253,24,507.29,253,0,20.88125
"14821",2010-12-08 08:43:00,2010-12-08 08:43:00,1,48.8,20,2,48.8,20,0,366.171527777778
"14823",2011-05-29 12:48:00,2011-06-12 13:12:00,3,321.43,88,56,321.43,88,0,179.984722222222
"14824",2011-09-09 14:12:00,2011-11-29 14:20:00,4,1127.71,525,19,1127.71,525,0,9.9375
"14825",2010-12-06 12:30:00,2011-12-06 11:38:00,12,2221.01,989,82,2221.01,989,0,3.05
"14828",2011-01-07 09:50:00,2011-05-27 10:16:00,3,2139.76,2172,17,2139.76,2172,0,196.106944444444
"14829",2010-12-02 16:12:00,2011-11-10 16:16:00,4,697.55,452,39,644.65,414,2,28.8569444444444
"14830",2011-10-17 14:29:00,2011-10-17 14:29:00,1,188.88,164,39,188.88,164,0,52.93125
"14834",2011-04-13 15:00:00,2011-11-22 10:30:00,6,1720.3,734,43,1698.35,731,2,17.0972222222222
"14836",2011-11-09 13:26:00,2011-11-29 16:45:00,3,102.45,45,5,102.45,45,0,9.83680555555556
"14837",2011-05-22 12:49:00,2011-09-11 10:58:00,4,1649.5,1436,96,1641.2,1430,1,89.0777777777778
"14840",2011-03-17 12:00:00,2011-03-17 12:00:00,1,62.85,31,4,62.85,31,0,267.034722222222
"14841",2010-12-16 10:28:00,2011-10-17 15:03:00,6,3295.76,1778,103,3295.76,1778,0,52.9076388888889
"14842",2011-02-04 15:32:00,2011-10-27 12:37:00,4,2824.69,1166,128,2456.8,1146,4,43.0090277777778
"14844",2011-04-12 13:10:00,2011-10-07 10:41:00,4,3189.81,1833,87,3189.81,1833,0,63.0895833333333
"14847",2011-07-14 10:52:00,2011-07-14 10:52:00,1,309.4,120,13,309.4,120,0,148.081944444444
"14849",2010-12-01 12:22:00,2011-11-18 10:58:00,25,7930.54,5694,159,7904.28,5656,3,21.0777777777778
"14850",2011-02-01 11:21:00,2011-02-01 11:21:00,1,325.75,293,21,278.15,285,1,311.061805555556
"14851",2011-03-28 14:59:00,2011-11-16 14:20:00,2,511.35,325,28,511.35,325,0,22.9375
"14852",2011-04-01 13:22:00,2011-10-12 13:20:00,6,2836.69,1747,96,2836.69,1747,0,57.9791666666667
"14853",2011-05-12 15:17:00,2011-11-15 16:56:00,2,475.8,82,8,463.05,81,1,23.8291666666667
"14854",2011-03-10 12:22:00,2011-09-22 17:00:00,7,2740.03,1820,110,2730.09,1810,1,77.8263888888889
"14855",2011-07-28 12:06:00,2011-08-12 14:02:00,2,645.65,267,13,645.65,267,0,118.95
"14856",2011-10-14 09:35:00,2011-11-03 14:53:00,3,1290.53,711,65,1290.53,711,0,35.9145833333333
"14857",2011-07-14 15:03:00,2011-10-11 09:23:00,2,1173.12,464,58,1165.65,455,1,59.14375
"14859",2011-05-19 14:42:00,2011-11-27 11:18:00,4,1353.74,671,47,1352.04,669,1,12.0638888888889
"14860",2011-11-20 14:17:00,2011-11-20 14:17:00,1,170.32,232,11,168.62,230,1,18.9395833333333
"14861",2011-10-18 12:54:00,2011-10-18 12:54:00,1,125.79,117,6,125.79,117,0,51.9972222222222
"14862",2011-07-14 11:20:00,2011-11-14 10:01:00,2,841.2,772,47,841.2,772,0,25.1173611111111
"14863",2011-11-10 15:04:00,2011-11-10 15:04:00,1,266.76,132,11,266.76,132,0,28.9069444444444
"14865",2010-12-02 18:23:00,2011-12-02 16:25:00,2,52.2,108,4,52.2,108,0,6.85069444444444
"14866",2010-12-08 14:58:00,2011-11-29 11:45:00,12,14389.9,6752,30,14197.45,6569,1,10.0451388888889
"14867",2011-01-07 16:34:00,2011-06-07 11:39:00,3,710.28,328,31,701.33,327,1,185.049305555556
"14868",2011-04-20 13:36:00,2011-12-06 14:49:00,8,2953.59,1405,96,2939.64,1399,1,2.91736111111111
"14869",2011-08-28 16:09:00,2011-12-01 12:36:00,2,721.45,549,66,717.7,548,1,8.00972222222222
"14870",2011-03-23 10:51:00,2011-03-23 10:51:00,1,327.25,119,13,327.25,119,0,261.082638888889
"14871",2010-12-14 12:18:00,2011-12-06 13:42:00,4,501.28,179,68,501.28,179,0,2.96388888888889
"14873",2011-05-13 13:52:00,2011-05-13 13:52:00,1,519.68,168,28,519.68,168,0,209.956944444444
"14875",2011-03-22 11:53:00,2011-08-24 12:20:00,2,1465.32,558,46,1448.72,554,3,107.020833333333
"14878",2010-12-16 12:11:00,2011-11-27 11:15:00,9,1476.09,799,62,1476.09,799,0,12.0659722222222
"14880",2011-02-24 12:27:00,2011-09-23 13:42:00,3,690.59,365,45,690.59,365,0,76.9638888888889
"14881",2011-11-20 11:06:00,2011-11-20 11:06:00,1,255.4,316,17,255.4,316,0,19.0722222222222
"14882",2011-11-06 10:15:00,2011-11-13 12:47:00,2,589.7,158,6,589.7,158,0,26.0020833333333
"14883",2011-05-12 09:49:00,2011-11-21 10:23:00,6,761.59,790,39,756.64,789,1,18.1020833333333
"14885",2011-07-31 12:05:00,2011-07-31 12:05:00,1,765.32,724,15,765.32,724,0,131.03125
"14886",2011-04-01 08:56:00,2011-04-01 08:56:00,1,364.8,160,18,364.8,160,0,252.1625
"14887",2011-09-21 15:32:00,2011-09-21 15:32:00,1,1862,1100,6,1862,1100,0,78.8875
"14888",2011-05-16 14:58:00,2011-05-16 14:58:00,1,369.2,184,20,369.2,184,0,206.911111111111
"14889",2011-01-07 15:19:00,2011-01-07 15:19:00,1,135.9,90,10,135.9,90,0,335.896527777778
"14890",2011-03-31 11:57:00,2011-03-31 11:57:00,1,125.65,51,7,125.65,51,0,253.036805555556
"14891",2011-06-05 10:58:00,2011-07-14 18:08:00,2,554.38,505,30,554.38,505,0,147.779166666667
"14893",2011-11-28 10:49:00,2011-11-30 12:31:00,2,1237.85,799,72,1237.85,799,0,9.01319444444444
"14894",2011-09-15 13:51:00,2011-09-15 13:51:00,1,655.75,265,23,655.75,265,0,84.9576388888889
"14895",2011-02-22 13:08:00,2011-12-02 09:23:00,20,11138.71,4851,273,11020.26,4823,4,7.14375
"14896",2010-12-09 12:24:00,2011-05-19 10:20:00,2,468.77,279,43,468.77,279,0,204.104166666667
"14897",2011-02-16 08:37:00,2011-12-02 10:32:00,4,1366.38,468,43,1366.38,468,0,7.09583333333333
"14898",2010-12-03 15:25:00,2011-11-16 14:54:00,6,1269.31,1001,86,1194.11,989,2,22.9138888888889
"14901",2010-12-02 11:20:00,2011-11-28 17:09:00,9,1421.29,661,73,1414.99,659,1,10.8201388888889
"14902",2011-11-14 10:34:00,2011-11-14 10:34:00,1,332.66,218,20,314.11,209,1,25.0944444444444
"14903",2011-03-06 11:50:00,2011-11-18 16:07:00,5,2795.33,1531,227,2729.18,1486,5,20.8631944444444
"14904",2011-11-14 09:13:00,2011-12-07 12:55:00,2,1025.44,1985,66,1025.44,1985,0,1.99652777777778
"14905",2011-04-20 10:48:00,2011-07-05 12:41:00,2,616.15,287,14,599.9,274,1,157.00625
"14907",2010-12-07 10:14:00,2011-12-06 14:14:00,7,3501.1,1691,125,3478.85,1686,3,2.94166666666667
"14908",2011-09-26 12:56:00,2011-09-26 12:56:00,1,277.8,132,9,277.8,132,0,73.9958333333333
"14910",2011-10-16 11:06:00,2011-12-07 10:06:00,4,434.35,238,25,389.86,221,3,2.11388888888889
"14911",2010-12-01 14:05:00,2011-12-08 15:54:00,201,143711.17,80240,1787,132458.73,76905,47,0.872222222222222
"14912",2011-04-07 11:06:00,2011-11-23 09:20:00,2,867.85,971,21,841.52,970,1,16.1458333333333
"14913",2010-12-15 14:35:00,2011-11-04 08:29:00,4,1227.43,1743,76,1227.43,1743,0,35.18125
"14915",2011-03-07 09:39:00,2011-09-09 13:34:00,2,307.48,112,12,258.83,105,1,90.9694444444444
"14916",2011-01-19 15:30:00,2011-09-30 09:20:00,4,1268.98,1136,72,1264.84,1132,1,70.1458333333333
"14918",2011-07-08 12:50:00,2011-08-16 11:50:00,2,1610.15,675,39,1610.15,675,0,115.041666666667
"14920",2011-05-11 10:31:00,2011-05-11 10:32:00,2,977.77,509,57,977.77,509,0,212.095833333333
"14921",2011-05-22 12:51:00,2011-11-09 13:17:00,2,1316.07,953,78,1316.07,953,0,29.98125
"14923",2011-10-20 11:51:00,2011-10-20 11:51:00,1,749.1,418,44,749.1,418,0,50.0409722222222
"14924",2011-04-08 09:25:00,2011-04-08 09:25:00,1,310.05,64,10,310.05,64,0,245.142361111111
"14929",2011-11-07 17:21:00,2011-11-07 17:21:00,1,223.88,136,11,223.88,136,0,31.8118055555556
"14930",2011-03-10 14:42:00,2011-08-23 10:31:00,3,2362.96,1160,116,2362.96,1160,0,108.096527777778
"14931",2011-04-13 09:32:00,2011-12-05 10:19:00,5,1257.68,417,30,964.68,416,1,4.10486111111111
"14932",2010-12-09 11:48:00,2010-12-09 11:48:00,1,363.53,80,17,363.53,80,0,365.043055555556
"14934",2011-03-02 11:48:00,2011-09-19 10:10:00,2,1890.94,1042,68,1888.84,1041,1,81.1111111111111
"14935",2011-02-15 14:44:00,2011-02-15 14:44:00,1,1784.71,935,10,1784.71,935,0,296.920833333333
"14936",2011-03-09 11:53:00,2011-11-06 10:30:00,8,8137.02,4085,210,8117.42,4083,1,33.0972222222222
"14937",2011-08-01 14:16:00,2011-10-14 12:29:00,3,1621.88,484,33,1617.63,483,1,56.0145833333333
"14944",2011-02-16 12:47:00,2011-11-10 09:10:00,12,5900.25,2815,101,5842.95,2801,2,29.1527777777778
"14946",2011-11-25 13:33:00,2011-11-25 13:33:00,1,100.9,22,3,100.9,22,0,13.9701388888889
"14947",2011-08-01 09:31:00,2011-09-28 15:48:00,2,290.82,179,14,290.82,179,0,71.8763888888889
"14948",2011-05-04 14:52:00,2011-11-16 17:16:00,6,1101.97,673,56,1066.57,661,1,22.8152777777778
"14950",2011-11-20 13:48:00,2011-11-20 13:48:00,1,371.2,136,19,361.25,135,1,18.9597222222222
"14951",2011-09-21 15:15:00,2011-09-21 15:15:00,1,311.69,311,20,311.69,311,0,78.8993055555556
"14952",2010-12-10 12:48:00,2011-10-11 10:33:00,11,8099.49,3355,117,7912.79,3295,4,59.0951388888889
"14953",2011-11-14 14:59:00,2011-11-14 14:59:00,1,285.67,224,54,285.67,224,0,24.9104166666667
"14954",2011-11-27 14:30:00,2011-11-27 14:30:00,1,294.85,117,75,294.85,117,0,11.9305555555556
"14957",2011-03-31 17:59:00,2011-03-31 17:59:00,1,58.49,34,12,58.49,34,0,252.785416666667
"14958",2011-04-08 11:28:00,2011-07-15 14:20:00,3,483.73,128,33,483.73,128,0,146.9375
"14959",2011-02-16 13:00:00,2011-10-06 18:23:00,4,695.42,494,37,684.97,491,1,63.76875
"14960",2011-06-21 13:38:00,2011-12-01 12:54:00,2,221.27,221,23,221.27,221,0,7.99722222222222
"14961",2010-12-14 11:38:00,2011-11-29 09:42:00,9,7044.68,3708,193,7006.58,3692,3,10.1305555555556
"14962",2011-03-14 09:42:00,2011-03-14 09:42:00,1,126.7,44,5,126.7,44,0,270.130555555556
"14963",2011-06-09 12:30:00,2011-11-30 12:16:00,5,1472.34,1159,149,1472.34,1159,0,9.02361111111111
"14964",2011-04-06 14:13:00,2011-04-06 14:13:00,1,206.21,143,13,206.21,143,0,246.942361111111
"14965",2011-09-04 13:15:00,2011-09-04 13:20:00,2,596.09,363,80,596.09,363,0,95.9791666666667
"14966",2011-11-25 12:20:00,2011-11-25 12:20:00,1,183.02,179,35,183.02,179,0,14.0208333333333
"14967",2011-10-21 11:06:00,2011-10-21 11:06:00,1,463.8,140,6,463.8,140,0,49.0722222222222
"14968",2011-11-09 13:58:00,2011-11-09 13:58:00,1,147.59,127,37,147.59,127,0,29.9527777777778
"14970",2011-01-27 12:23:00,2011-10-02 13:44:00,4,1592.06,250,24,1592.06,250,0,67.9625
"14971",2011-10-27 13:33:00,2011-11-04 17:07:00,3,1097.98,639,144,1097.98,639,0,34.8215277777778
"14972",2011-08-03 14:54:00,2011-08-03 14:54:00,1,114.77,28,18,114.77,28,0,127.913888888889
"14973",2011-04-28 12:22:00,2011-08-24 15:51:00,3,1314.45,369,29,1314.45,369,0,106.874305555556
"14974",2011-11-02 13:01:00,2011-11-02 13:01:00,1,89.94,37,17,89.94,37,0,36.9923611111111
"14975",2011-10-13 14:08:00,2011-10-13 14:08:00,1,279.94,380,11,279.94,380,0,56.9458333333333
"14976",2011-01-17 11:09:00,2011-10-13 16:37:00,7,790.86,234,47,765.86,230,1,56.8423611111111
"14978",2011-01-13 12:03:00,2011-09-28 13:07:00,5,1921.37,523,136,1921.37,523,0,71.9881944444444
"14981",2011-04-07 13:45:00,2011-04-07 13:45:00,1,102.12,97,8,102.12,97,0,245.961805555556
"14984",2011-06-12 11:04:00,2011-11-20 14:28:00,2,202.37,58,37,202.37,58,0,18.9319444444444
"14985",2010-12-16 19:51:00,2011-05-25 14:29:00,2,292.01,256,78,292.01,256,0,197.93125
"14987",2010-12-09 12:13:00,2011-11-24 09:59:00,2,326.4,128,2,326.4,128,0,15.11875
"14988",2011-05-12 12:05:00,2011-05-12 12:05:00,1,334.54,141,40,334.54,141,0,211.03125
"14995",2011-03-04 13:14:00,2011-11-01 11:39:00,2,231.98,102,53,231.98,102,0,38.0493055555556
"14997",2011-06-14 16:52:00,2011-10-24 13:28:00,3,546.2,1120,25,540.98,1102,1,45.9736111111111
"14998",2011-04-12 16:28:00,2011-06-22 17:30:00,2,414.87,258,70,414.87,258,0,169.805555555556
"15000",2011-10-23 11:42:00,2011-10-23 11:42:00,1,490.52,218,76,490.52,218,0,47.0472222222222
"15002",2010-12-07 13:16:00,2011-08-16 10:44:00,4,1641.76,862,93,1641.76,862,0,115.0875
"15004",2011-07-15 14:05:00,2011-07-15 14:05:00,1,1220.77,623,154,1220.77,623,0,146.947916666667
"15005",2010-12-08 14:36:00,2011-11-24 12:25:00,28,6295.37,4230,360,6160.54,4188,7,15.0173611111111
"15006",2011-10-19 15:08:00,2011-10-19 15:08:00,1,480.38,286,121,480.38,286,0,50.9041666666667
"15007",2011-07-03 16:00:00,2011-07-03 16:00:00,1,156.91,69,12,156.91,69,0,158.868055555556
"15009",2011-11-14 17:40:00,2011-11-27 13:35:00,3,1259.43,639,148,1259.43,639,0,11.96875
"15010",2011-11-04 12:42:00,2011-11-04 12:42:00,1,308.94,184,20,308.94,184,0,35.0055555555556
"15012",2010-12-01 12:49:00,2011-10-17 12:22:00,2,405.04,225,110,405.04,225,0,53.0194444444444
"15014",2011-06-16 19:40:00,2011-10-27 20:07:00,2,257.67,149,29,257.67,149,0,42.6965277777778
"15016",2011-06-20 12:06:00,2011-06-20 12:06:00,1,170.04,76,20,170.04,76,0,172.030555555556
"15017",2011-11-06 10:33:00,2011-11-06 10:33:00,1,125.58,63,20,125.58,63,0,33.0951388888889
"15018",2010-12-07 10:47:00,2011-11-01 12:47:00,3,496.21,189,30,456.26,188,1,38.0020833333333
"15019",2011-03-18 12:35:00,2011-03-18 12:35:00,1,252.81,150,64,252.81,150,0,266.010416666667
"15021",2010-12-08 12:17:00,2011-12-01 11:53:00,9,1871.77,819,287,1829.23,801,4,8.03958333333333
"15022",2011-10-23 15:47:00,2011-11-28 12:35:00,4,852.39,527,96,852.39,527,0,11.0104166666667
"15023",2010-12-05 13:49:00,2011-12-06 17:23:00,11,6720.41,2827,347,6680.81,2819,1,2.81041666666667
"15024",2010-12-07 13:20:00,2011-11-30 12:06:00,10,1636.43,902,105,1636.43,902,0,9.03055555555556
"15025",2011-11-06 15:20:00,2011-11-06 15:20:00,1,361.96,184,66,361.96,184,0,32.8958333333333
"15026",2011-03-07 13:45:00,2011-09-20 13:52:00,3,469,285,57,469,285,0,79.9569444444444
"15027",2011-04-15 14:14:00,2011-11-09 10:16:00,4,1066.15,565,30,1051.95,563,2,30.1069444444444
"15028",2010-12-06 12:47:00,2011-12-01 14:06:00,4,627.13,459,35,627.13,459,0,7.94722222222222
"15030",2011-03-16 15:34:00,2011-09-29 10:50:00,2,518.28,372,7,518.28,372,0,71.0833333333333
"15031",2011-03-02 14:46:00,2011-12-05 14:19:00,4,653.19,400,74,653.19,400,0,3.93819444444444
"15032",2010-12-08 12:57:00,2011-03-28 15:03:00,3,4959.1,2968,29,4464.1,2668,2,255.907638888889
"15033",2011-01-14 13:28:00,2011-12-05 12:40:00,10,2557.18,1672,315,2541.53,1669,1,4.00694444444444
"15034",2010-12-21 09:47:00,2011-11-24 12:11:00,8,4274.16,2413,299,4243.21,2402,3,15.0270833333333
"15035",2011-09-11 11:08:00,2011-09-11 11:08:00,1,252.73,245,26,252.73,245,0,89.0708333333333
"15036",2011-06-13 12:19:00,2011-09-28 15:42:00,3,429.56,316,107,429.56,316,0,71.8805555555556
"15038",2010-12-05 10:54:00,2011-10-12 11:33:00,6,685.74,212,105,645.84,182,1,58.0534722222222
"15039",2010-12-06 11:26:00,2011-11-30 11:31:00,47,19766.59,9131,408,19638.59,9113,5,9.05486111111111
"15041",2011-06-22 16:16:00,2011-06-22 16:16:00,1,179.93,103,66,179.93,103,0,169.856944444444
"15042",2011-05-24 16:25:00,2011-05-24 16:25:00,1,135.93,30,5,135.93,30,0,198.850694444444
"15043",2011-11-08 14:26:00,2011-11-08 14:26:00,1,537,300,3,537,300,0,30.9333333333333
"15044",2010-12-12 14:27:00,2011-11-20 13:20:00,17,7634.73,2785,233,7563.88,2776,5,18.9791666666667
"15045",2011-03-27 11:44:00,2011-07-11 11:33:00,2,735.66,114,11,633.66,106,1,151.053472222222
"15046",2011-01-05 15:30:00,2011-11-30 15:50:00,15,5090.42,3372,147,4940.66,3228,1,8.875
"15047",2011-03-15 10:49:00,2011-03-15 10:49:00,1,343.62,222,22,343.62,222,0,269.084027777778
"15048",2010-12-06 12:15:00,2011-10-05 14:55:00,4,381,192,86,377.52,180,1,64.9131944444444
"15049",2011-03-11 12:13:00,2011-03-11 12:13:00,1,121.17,63,3,121.17,63,0,273.025694444444
"15050",2011-09-29 13:22:00,2011-11-14 16:17:00,3,1737.69,1216,68,1682.77,1176,2,24.85625
"15051",2011-07-12 15:29:00,2011-11-16 15:38:00,3,1383.36,1010,130,1383.36,1010,0,22.8833333333333
"15052",2011-01-24 15:52:00,2011-01-24 15:52:00,1,207.73,79,27,207.73,79,0,318.873611111111
"15053",2011-03-03 12:06:00,2011-12-05 12:08:00,3,693.95,984,49,693.95,984,0,4.02916666666667
"15054",2011-10-30 14:33:00,2011-11-27 15:02:00,2,302.1,198,105,302.1,198,0,11.9083333333333
"15057",2011-01-28 09:09:00,2011-03-09 15:17:00,2,1489.5,668,25,1489.5,668,0,274.897916666667
"15058",2011-01-31 15:35:00,2011-11-14 14:57:00,11,2102.54,1054,199,2102.54,1054,0,24.9118055555556
"15059",2011-01-09 11:54:00,2011-10-30 11:35:00,9,1337.72,604,161,1325.82,602,2,40.0520833333333
"15060",2011-11-30 14:03:00,2011-12-01 13:47:00,4,294.25,257,81,294.25,257,0,7.96041666666667
"15061",2010-12-02 15:19:00,2011-12-06 12:06:00,48,54534.14,28920,70,54228.74,28590,7,3.03055555555556
"15062",2010-12-15 15:37:00,2011-09-29 16:51:00,4,987.86,763,47,987.86,763,0,70.8326388888889
"15063",2011-05-10 13:25:00,2011-05-10 13:25:00,1,370.8,56,5,370.8,56,0,212.975694444444
"15065",2011-02-21 12:54:00,2011-11-02 09:45:00,4,3158.13,1383,148,3135.98,1355,2,37.1284722222222
"15066",2011-10-17 13:25:00,2011-10-17 13:25:00,1,893.59,317,42,760.59,279,1,52.9756944444444
"15067",2011-03-02 12:10:00,2011-09-22 13:20:00,3,1744.76,954,82,1744.76,954,0,77.9791666666667
"15068",2011-03-28 14:27:00,2011-10-24 14:47:00,2,553.36,364,96,553.36,364,0,45.91875
"15069",2011-06-13 14:16:00,2011-06-13 14:16:00,1,1109.53,520,70,1109.53,520,0,178.940277777778
"15070",2010-12-02 11:23:00,2010-12-02 11:23:00,1,106.2,36,1,106.2,36,0,372.060416666667
"15071",2011-03-09 10:19:00,2011-09-07 11:43:00,2,982.07,269,25,982.07,269,0,93.0465277777778
"15073",2011-06-06 09:59:00,2011-11-30 10:44:00,3,1043.41,491,31,612.43,277,1,9.0875
"15074",2011-08-26 14:45:00,2011-08-26 14:45:00,1,735.67,431,41,735.67,431,0,104.920138888889
"15075",2011-09-23 12:27:00,2011-09-23 12:27:00,1,773.03,447,27,773.03,447,0,77.0159722222222
"15076",2011-06-20 08:23:00,2011-06-20 08:23:00,1,880.85,571,49,880.85,571,0,172.185416666667
"15078",2010-12-06 12:38:00,2011-12-02 15:41:00,32,9743.11,5105,97,9623.35,5069,6,6.88125
"15079",2010-12-09 09:25:00,2011-05-11 12:45:00,4,895.61,389,46,893.66,388,1,212.003472222222
"15081",2010-12-07 16:20:00,2011-11-17 17:08:00,5,504.8,190,26,487.35,188,1,21.8208333333333
"15083",2011-03-28 12:18:00,2011-03-28 12:18:00,1,88.2,38,5,88.2,38,0,256.022222222222
"15087",2011-03-03 10:34:00,2011-03-03 10:34:00,1,306.94,470,15,306.94,470,0,281.094444444444
"15088",2011-10-03 14:05:00,2011-11-18 13:14:00,2,1160.07,460,53,1140.27,457,1,20.9833333333333
"15089",2011-08-03 14:14:00,2011-11-29 16:31:00,6,2420.84,1359,139,2420.84,1359,0,9.84652777777778
"15090",2011-02-04 14:03:00,2011-02-04 14:03:00,1,381.32,208,23,381.32,208,0,307.949305555556
"15091",2011-10-03 12:47:00,2011-10-03 12:47:00,1,480.71,346,30,476.96,343,1,67.0020833333333
"15092",2011-03-01 12:24:00,2011-05-08 14:10:00,2,457.81,135,23,457.81,135,0,214.944444444444
"15093",2010-12-02 18:25:00,2011-11-21 13:09:00,6,4597.02,3760,52,4410.14,3733,3,17.9868055555556
"15095",2011-05-20 14:27:00,2011-08-28 12:01:00,4,1370.6,1079,30,1364.7,1077,1,103.034027777778
"15096",2011-10-28 10:27:00,2011-10-28 10:27:00,1,219.39,120,11,219.39,120,0,42.0993055555556
"15097",2011-12-05 14:03:00,2011-12-05 14:03:00,1,248.08,170,25,248.08,170,0,3.94930555555556
"15098",2011-06-10 15:22:00,2011-06-10 15:33:00,3,39916.5,121,1,649.5,60,2,181.886805555556
"15099",2011-09-16 13:13:00,2011-09-16 13:13:00,1,410.48,343,23,410.48,343,0,83.9840277777778
"15100",2010-12-01 09:09:00,2011-01-10 10:35:00,3,876,80,1,635.1,58,3,333.09375
"15101",2010-12-15 12:54:00,2011-12-01 10:18:00,2,317.53,241,8,310.03,239,1,8.10555555555556
"15103",2011-09-14 13:54:00,2011-11-08 14:53:00,2,703.36,329,35,703.36,329,0,30.9145833333333
"15104",2011-03-02 14:16:00,2011-05-27 12:29:00,2,993.54,635,66,968.64,633,1,196.014583333333
"15105",2011-07-28 10:09:00,2011-11-21 16:54:00,7,2298.93,1211,90,2298.93,1211,0,17.8305555555556
"15106",2011-03-15 12:52:00,2011-11-22 09:16:00,5,1422.52,1181,90,1407.73,1144,2,17.1486111111111
"15107",2010-12-02 13:45:00,2011-02-01 14:46:00,6,319.5,169,12,247.66,161,2,310.919444444444
"15108",2011-04-26 10:54:00,2011-07-21 10:24:00,4,1300.25,499,50,1291.75,497,1,141.101388888889
"15109",2011-04-08 09:58:00,2011-04-08 09:58:00,1,484.95,131,28,463.75,127,1,245.119444444444
"15110",2011-01-25 11:41:00,2011-11-16 11:16:00,4,996.1,246,17,973.2,241,3,23.0652777777778
"15111",2010-12-02 11:45:00,2011-11-10 16:58:00,3,1567.48,710,70,1567.48,710,0,28.8277777777778
"15113",2011-10-16 15:27:00,2011-11-30 08:23:00,3,3509.43,2344,77,3339.51,2320,1,9.18541666666667
"15114",2011-02-11 08:45:00,2011-11-09 15:05:00,10,2760.56,3096,136,2760.56,3096,0,29.90625
"15115",2011-11-21 14:59:00,2011-11-21 14:59:00,1,340.11,157,21,340.11,157,0,17.9104166666667
"15116",2011-05-19 08:50:00,2011-11-22 12:25:00,4,1352.75,648,37,1352.75,648,0,17.0173611111111
"15117",2011-05-08 12:38:00,2011-11-25 08:12:00,5,1551.78,1948,63,1550.13,1947,1,14.1930555555556
"15118",2011-07-28 14:54:00,2011-07-28 14:54:00,1,244.8,1440,1,244.8,1440,0,133.913888888889
"15119",2011-04-08 09:08:00,2011-04-08 09:08:00,1,266.4,88,14,266.4,88,0,245.154166666667
"15120",2011-07-29 09:48:00,2011-07-29 09:48:00,1,358.82,296,21,343.82,292,1,133.126388888889
"15121",2011-02-24 12:41:00,2011-10-20 14:51:00,2,457.72,199,28,457.72,199,0,49.9159722222222
"15122",2011-02-15 09:59:00,2011-08-17 16:48:00,3,1633.78,800,65,1612.13,788,3,113.834722222222
"15123",2011-05-17 14:57:00,2011-12-02 13:12:00,2,2199.31,1195,93,2199.31,1195,0,6.98472222222222
"15124",2011-06-01 09:06:00,2011-11-17 10:09:00,2,184.19,233,14,184.19,233,0,22.1118055555556
"15125",2011-03-14 09:59:00,2011-11-14 13:57:00,15,11528.48,6193,102,11117.05,5991,8,24.9534722222222
"15127",2011-10-05 10:30:00,2011-10-05 10:30:00,1,406.53,251,16,406.53,251,0,65.0972222222222
"15128",2011-05-04 12:32:00,2011-10-10 13:54:00,4,1471,1343,74,1419.54,1326,4,59.9555555555556
"15129",2011-02-21 09:09:00,2011-10-20 14:40:00,11,3447.4,1794,54,3447.4,1794,0,49.9236111111111
"15130",2011-06-23 10:15:00,2011-06-23 10:15:00,1,330.11,197,22,330.11,197,0,169.107638888889
"15132",2011-03-22 12:02:00,2011-11-21 17:10:00,5,977.93,679,49,977.93,679,0,17.8194444444444
"15133",2011-02-11 10:38:00,2011-08-04 10:44:00,3,982.42,680,27,982.42,680,0,127.0875
"15134",2011-04-13 11:05:00,2011-11-25 08:55:00,8,1387.99,887,44,1387.99,887,0,14.1631944444444
"15135",2011-04-14 19:16:00,2011-04-14 19:16:00,1,139.05,43,9,127.15,41,1,238.731944444444
"15136",2011-09-04 16:05:00,2011-12-07 12:26:00,4,1286.7,776,61,1282.45,775,1,2.01666666666667
"15139",2011-01-07 12:44:00,2011-04-14 11:39:00,2,178.96,208,13,178.96,208,0,239.049305555556
"15140",2011-03-20 14:37:00,2011-10-18 14:07:00,7,2354.25,1572,74,2350,1567,1,51.9465277777778
"15142",2011-10-24 12:51:00,2011-10-24 12:51:00,1,498.74,365,26,498.74,365,0,45.9993055555556
"15143",2011-04-28 12:03:00,2011-04-28 12:03:00,1,259.45,150,14,259.45,150,0,225.032638888889
"15144",2011-01-31 13:17:00,2011-12-01 15:12:00,17,6580.44,3050,132,6530.04,3026,1,7.90138888888889
"15145",2011-04-05 15:20:00,2011-12-05 17:21:00,4,1194.73,756,54,1194.73,756,0,3.81180555555556
"15146",2011-02-21 13:07:00,2011-06-28 12:09:00,2,1327.16,1473,90,1313.66,1459,1,164.028472222222
"15147",2011-04-13 15:57:00,2011-04-13 15:57:00,1,623.5,366,28,608.65,363,1,239.870138888889
"15148",2011-11-29 08:21:00,2011-11-29 08:21:00,1,301.29,187,20,301.29,187,0,10.1868055555556
"15149",2011-07-29 10:58:00,2011-07-29 10:58:00,1,520.8,128,23,520.8,128,0,133.077777777778
"15150",2011-03-15 14:21:00,2011-11-22 12:52:00,10,5291.33,3642,282,5280.83,3617,1,16.9986111111111
"15152",2011-06-05 15:36:00,2011-11-30 12:32:00,13,4745.69,2704,196,4684.24,2694,3,9.0125
"15153",2011-11-08 17:09:00,2011-11-08 17:09:00,1,329.25,198,22,329.25,198,0,30.8201388888889
"15154",2011-09-25 16:05:00,2011-09-25 16:05:00,1,254.28,89,66,224.73,85,1,74.8645833333333
"15156",2011-11-06 12:41:00,2011-12-08 18:22:00,3,961.49,597,51,961.49,597,0,0.769444444444444
"15157",2010-12-16 13:44:00,2011-12-06 11:28:00,3,1936.07,2392,125,1869.5,2242,2,3.05694444444444
"15158",2011-10-25 13:53:00,2011-10-25 13:53:00,1,401.4,198,7,401.4,198,0,44.95625
"15159",2010-12-13 15:44:00,2011-12-08 12:05:00,30,18641.01,11441,363,18573.68,11394,4,1.03125
"15160",2010-12-17 14:15:00,2010-12-17 14:15:00,1,158.16,84,4,158.16,84,0,356.940972222222
"15163",2011-05-31 15:22:00,2011-11-21 13:10:00,2,304.47,186,29,304.47,186,0,17.9861111111111
"15164",2011-01-04 14:21:00,2011-10-02 12:05:00,3,824.58,351,79,824.58,351,0,68.03125
"15165",2010-12-01 14:03:00,2010-12-01 14:03:00,1,487.75,160,27,487.75,160,0,372.949305555556
"15167",2011-01-23 12:41:00,2011-01-23 12:41:00,1,158.8,65,39,158.8,65,0,320.00625
"15168",2011-11-14 11:26:00,2011-11-14 11:26:00,1,106.56,52,5,106.56,52,0,25.0583333333333
"15171",2011-01-12 15:36:00,2011-01-12 15:36:00,1,1289.5,290,5,1034.5,190,1,330.884722222222
"15172",2011-04-17 11:56:00,2011-12-01 11:51:00,5,1624.05,1611,106,1624.05,1611,0,8.04097222222222
"15174",2011-01-21 09:06:00,2011-01-21 09:06:00,1,135.75,145,11,135.75,145,0,322.155555555556
"15175",2011-09-29 11:31:00,2011-09-29 11:31:00,1,224.14,454,23,224.14,454,0,71.0548611111111
"15178",2011-03-24 15:12:00,2011-03-24 15:12:00,1,40.5,30,3,40.5,30,0,259.901388888889
"15179",2011-01-24 13:48:00,2011-11-21 12:53:00,5,2206.95,1938,91,2186.2,1907,2,17.9979166666667
"15180",2010-12-07 14:57:00,2010-12-07 14:57:00,1,87.5,36,6,87.5,36,0,366.911805555556
"15181",2011-03-15 12:03:00,2011-10-04 13:58:00,3,689.48,544,11,680.28,542,2,65.9527777777778
"15182",2011-03-16 12:42:00,2011-07-08 13:37:00,2,622.85,253,24,622.85,253,0,153.967361111111
"15184",2011-06-02 12:06:00,2011-11-10 13:41:00,2,402.2,199,59,402.2,199,0,28.9645833333333
"15185",2011-09-30 14:06:00,2011-09-30 14:06:00,1,310.62,666,21,310.62,666,0,69.9472222222222
"15186",2011-06-24 14:54:00,2011-11-25 14:58:00,2,411.41,215,17,411.41,215,0,13.9111111111111
"15187",2011-05-11 13:49:00,2011-12-08 11:56:00,16,4777.18,1887,61,4670.08,1869,2,1.0375
"15189",2011-01-11 12:29:00,2011-12-08 13:22:00,41,16225.39,6149,80,15802.14,6035,12,0.977777777777778
"15192",2010-12-09 14:56:00,2011-08-12 11:41:00,3,1044.32,918,36,1044.32,918,0,119.047916666667
"15193",2011-10-10 08:23:00,2011-10-10 08:23:00,1,499.32,144,19,499.32,144,0,60.1854166666667
"15194",2010-12-06 15:00:00,2011-12-06 15:10:00,15,7616.53,5703,209,7521.17,5648,7,2.90277777777778
"15195",2011-12-07 12:20:00,2011-12-07 12:20:00,1,3861,1404,1,3861,1404,0,2.02083333333333
"15197",2010-12-16 18:01:00,2011-11-29 10:00:00,3,1079.61,469,30,656.44,453,2,10.1180555555556
"15198",2011-08-07 15:16:00,2011-09-08 14:42:00,2,193.64,120,10,193.64,120,0,91.9222222222222
"15199",2011-02-04 14:04:00,2011-10-11 15:12:00,4,1268.7,396,5,1268.7,396,0,58.9013888888889
"15201",2011-04-06 14:02:00,2011-09-13 14:53:00,5,1236.54,1210,35,927.84,962,6,86.9145833333333
"15203",2011-02-01 12:29:00,2011-11-14 08:16:00,6,1827.8,1753,82,1827.8,1753,0,25.1902777777778
"15204",2010-12-17 13:49:00,2010-12-17 13:49:00,1,316.58,258,9,316.58,258,0,356.959027777778
"15205",2011-08-04 16:07:00,2011-09-15 19:36:00,2,653.24,378,37,648.83,377,1,84.7180555555556
"15206",2011-03-09 08:59:00,2011-11-29 13:41:00,4,420.3,162,3,420.3,162,0,9.96458333333333
"15208",2010-12-21 13:03:00,2011-12-08 17:24:00,5,870.12,316,25,867.62,314,1,0.809722222222222
"15210",2011-04-28 16:11:00,2011-04-28 16:11:00,1,331.18,228,20,331.18,228,0,224.860416666667
"15211",2010-12-09 16:08:00,2011-10-10 13:31:00,2,894.41,240,52,894.41,240,0,59.9715277777778
"15212",2011-04-12 13:45:00,2011-04-12 13:45:00,1,101.8,36,5,88.95,33,1,240.961805555556
"15213",2011-01-14 11:05:00,2011-01-25 12:21:00,2,328.35,272,22,325.05,270,1,318.020138888889
"15214",2011-04-11 09:46:00,2011-12-08 12:07:00,8,1661.44,1254,109,1661.44,1254,0,1.02986111111111
"15215",2011-09-04 12:24:00,2011-10-24 11:41:00,3,734.94,225,33,615.99,211,3,46.0479166666667
"15216",2011-09-13 11:41:00,2011-09-13 11:41:00,1,96.6,28,2,96.6,28,0,87.0479166666667
"15218",2011-01-25 11:20:00,2011-11-29 11:48:00,11,5756.89,3329,77,5756.89,3329,0,10.0430555555556
"15219",2011-06-16 16:57:00,2011-06-16 16:57:00,1,305.75,45,9,305.75,45,0,175.828472222222
"15220",2011-03-04 10:24:00,2011-10-19 12:39:00,6,1778.96,1393,110,1758.92,1377,1,51.0076388888889
"15221",2010-12-08 13:08:00,2010-12-08 13:08:00,1,403.25,43,5,114.1,25,1,365.9875
"15222",2011-01-25 08:03:00,2011-01-25 08:03:00,1,585,440,5,585,440,0,318.199305555556
"15223",2011-04-04 12:17:00,2011-04-28 11:31:00,2,755.75,213,14,454.9,98,1,225.054861111111
"15224",2010-12-12 12:34:00,2010-12-16 15:02:00,2,322.08,152,13,310.48,150,1,357.908333333333
"15225",2011-04-19 14:51:00,2011-04-19 14:51:00,1,409.4,226,23,409.4,226,0,233.915972222222
"15226",2011-02-02 11:41:00,2011-02-02 11:41:00,1,154.41,71,8,154.41,71,0,310.047916666667
"15227",2011-01-26 15:31:00,2011-11-03 11:59:00,5,1219.4,750,43,1219.4,750,0,36.0354166666667
"15228",2011-02-18 09:04:00,2011-10-04 13:56:00,4,3386.71,2255,110,3376.96,2252,1,65.9541666666667
"15230",2011-04-13 11:04:00,2011-04-14 14:39:00,2,429.6,351,23,429.6,351,0,238.924305555556
"15232",2011-07-22 12:21:00,2011-08-18 16:27:00,2,612.06,686,26,612.06,686,0,112.849305555556
"15234",2011-03-08 08:53:00,2011-03-08 08:53:00,1,197,196,14,197,196,0,276.164583333333
"15235",2010-12-01 17:22:00,2011-05-06 09:44:00,12,2247.51,1324,132,2247.51,1324,0,217.129166666667
"15236",2011-02-14 10:52:00,2011-02-14 10:52:00,1,321.05,269,15,321.05,269,0,298.081944444444
"15237",2011-04-26 15:04:00,2011-12-08 09:46:00,4,1412.32,1071,94,1412.32,1071,0,1.12777777777778
"15238",2011-06-08 16:00:00,2011-11-10 14:28:00,3,1071.99,692,49,1056.54,689,2,28.9319444444444
"15239",2011-09-22 09:53:00,2011-11-29 14:14:00,2,780.59,594,48,764.34,591,1,9.94166666666667
"15240",2011-02-01 08:23:00,2011-10-26 09:50:00,5,1706.57,1369,58,1685.57,1361,2,44.125
"15241",2011-03-01 11:02:00,2011-10-04 09:05:00,8,1756.44,1818,82,1738.59,1815,1,66.15625
"15243",2011-09-26 14:12:00,2011-09-26 14:12:00,1,316.68,185,22,316.68,185,0,73.9430555555556
"15244",2011-04-05 15:12:00,2011-10-05 13:19:00,2,631.57,405,31,631.57,405,0,64.9798611111111
"15245",2011-03-23 13:42:00,2011-07-28 18:56:00,3,2515.84,1784,55,2515.84,1784,0,133.745833333333
"15246",2010-12-16 09:46:00,2011-04-15 14:45:00,2,514.15,247,32,514.15,247,0,237.920138888889
"15247",2011-08-09 12:52:00,2011-08-09 12:52:00,1,356,160,6,356,160,0,121.998611111111
"15249",2011-03-28 12:49:00,2011-11-08 11:45:00,13,6688.46,3577,211,6657.36,3557,2,31.0451388888889
"15251",2011-04-12 10:38:00,2011-11-30 15:02:00,11,10484.99,6171,97,10327.11,6084,4,8.90833333333333
"15252",2011-06-09 14:15:00,2011-11-03 13:30:00,2,740.78,522,44,740.78,522,0,35.9722222222222
"15253",2011-06-23 12:19:00,2011-11-23 16:22:00,5,918.2,866,52,915.3,864,1,15.8527777777778
"15254",2011-08-04 15:04:00,2011-08-04 15:04:00,1,300.36,275,18,300.36,275,0,126.906944444444
"15255",2011-10-04 12:43:00,2011-10-04 12:43:00,1,890.85,489,47,890.85,489,0,66.0048611111111
"15256",2011-07-14 11:47:00,2011-07-14 11:47:00,1,98.45,55,6,98.45,55,0,148.04375
"15257",2011-03-01 12:58:00,2011-03-01 12:58:00,1,317.15,46,7,232.15,45,1,282.994444444444
"15258",2011-05-06 14:16:00,2011-06-24 12:30:00,2,623.16,142,32,623.16,142,0,168.013888888889
"15260",2010-12-02 12:09:00,2011-08-31 13:55:00,7,1810.77,885,62,1780.77,861,1,99.9548611111111
"15261",2011-07-27 15:20:00,2011-07-27 15:20:00,1,254.82,270,19,254.82,270,0,134.895833333333
"15262",2011-01-20 12:16:00,2011-01-20 12:16:00,1,178.95,73,10,178.95,73,0,323.023611111111
"15263",2011-08-25 10:26:00,2011-08-25 10:26:00,1,156.51,89,12,156.51,89,0,106.1
"15264",2011-10-06 13:49:00,2011-10-06 13:49:00,1,393.74,265,23,393.74,265,0,63.9590277777778
"15265",2011-04-18 12:16:00,2011-07-11 14:46:00,2,1506.12,612,76,1506.12,612,0,150.919444444444
"15266",2011-01-05 13:40:00,2011-01-05 13:40:00,1,119.3,18,6,119.3,18,0,337.965277777778
"15267",2011-06-10 10:24:00,2011-11-17 15:59:00,5,1717.36,944,8,1717.36,944,0,21.86875
"15269",2011-11-16 09:32:00,2011-11-16 09:32:00,1,408.8,26,2,408.8,26,0,23.1375
"15270",2011-02-02 13:25:00,2011-11-24 09:24:00,7,2379.49,1521,22,2298.2,1459,2,15.1430555555556
"15271",2010-12-09 13:47:00,2011-12-02 14:11:00,15,2493.34,1251,184,2472.09,1246,1,6.94375
"15272",2011-09-14 16:36:00,2011-10-13 12:59:00,2,721.94,310,63,721.94,310,0,56.99375
"15274",2011-11-21 14:17:00,2011-12-05 16:57:00,2,716.57,619,44,716.57,619,0,3.82847222222222
"15275",2011-11-02 11:20:00,2011-11-02 11:20:00,1,615.14,498,41,609.19,497,1,37.0625
"15276",2011-10-04 16:39:00,2011-10-04 16:39:00,1,128.63,61,49,128.63,61,0,65.8409722222222
"15277",2011-10-24 10:08:00,2011-10-24 10:08:00,1,255.9,205,12,255.9,205,0,46.1125
"15279",2010-12-20 10:48:00,2010-12-20 10:48:00,1,290.51,189,19,277.41,185,1,354.084722222222
"15280",2011-06-20 17:14:00,2011-06-20 17:14:00,1,113.12,154,16,113.12,154,0,171.816666666667
"15281",2011-01-10 15:51:00,2011-10-12 09:10:00,9,2332.15,1211,121,2239.95,1193,3,58.1527777777778
"15286",2011-10-21 11:08:00,2011-10-21 11:08:00,1,240.55,55,3,240.55,55,0,49.0708333333333
"15287",2011-09-30 12:30:00,2011-11-17 15:34:00,2,486.69,433,17,485.24,432,1,21.8861111111111
"15288",2010-12-09 13:59:00,2011-10-27 16:58:00,5,2306.52,775,80,2306.52,775,0,42.8277777777778
"15289",2011-04-04 12:44:00,2011-11-10 13:49:00,3,939.78,1008,43,935.1,996,1,28.9590277777778
"15290",2010-12-15 16:03:00,2011-12-05 11:39:00,18,7943.22,4501,93,7803.77,4431,3,4.04930555555556
"15291",2010-12-01 09:32:00,2011-11-14 11:02:00,15,4668.3,2103,62,4596.51,2074,5,25.075
"15292",2011-05-22 15:00:00,2011-05-22 15:00:00,1,178.39,55,24,178.39,55,0,200.909722222222
"15296",2011-01-17 11:57:00,2011-10-20 11:47:00,6,3672.86,1766,137,3610.31,1757,4,50.04375
"15297",2011-10-07 09:42:00,2011-11-29 16:32:00,3,641.94,292,30,635.04,290,1,9.84583333333333
"15298",2010-12-08 13:55:00,2011-12-07 17:17:00,12,4799.9,3116,115,3774.1,2752,2,1.81458333333333
"15299",2010-12-02 16:48:00,2011-10-03 14:19:00,7,4507.01,2948,7,3787.09,2940,4,66.9381944444444
"15300",2011-10-06 17:08:00,2011-10-06 17:08:00,1,496.44,292,28,496.44,292,0,63.8208333333333
"15301",2010-12-06 12:21:00,2011-10-20 09:57:00,12,5049.95,2751,167,5007.72,2744,2,50.1201388888889
"15303",2011-02-22 13:59:00,2011-02-22 13:59:00,1,574.02,248,31,574.02,248,0,289.952083333333
"15304",2010-12-06 11:42:00,2011-10-10 10:23:00,8,694.4,104,8,680.3,100,2,60.1020833333333
"15306",2011-07-14 15:22:00,2011-10-06 12:56:00,3,1174.35,810,57,1174.35,810,0,63.9958333333333
"15307",2011-09-05 11:38:00,2011-09-05 11:38:00,1,205.3,37,12,205.3,37,0,95.05
"15308",2011-03-10 13:08:00,2011-03-10 13:08:00,1,310.47,175,19,302.27,173,1,273.9875
"15311",2010-12-01 09:41:00,2011-12-09 12:00:00,91,60632.75,38147,567,59284.19,37673,27,0.0347222222222222
"15312",2010-12-20 12:51:00,2011-09-25 13:10:00,4,924.85,516,42,921.1,513,1,74.9861111111111
"15313",2011-08-21 16:02:00,2011-08-21 16:02:00,1,52,25,1,52,25,0,109.866666666667
"15314",2011-05-24 14:39:00,2011-05-24 14:39:00,1,327.97,313,24,327.97,313,0,198.924305555556
"15315",2011-08-15 15:17:00,2011-10-06 12:51:00,2,570.5,862,35,551.54,838,1,63.9993055555556
"15316",2011-01-17 11:34:00,2011-01-17 11:34:00,1,165,100,1,165,100,0,326.052777777778
"15318",2011-12-06 11:30:00,2011-12-06 11:30:00,1,312.62,642,33,312.62,642,0,3.05555555555556
"15319",2011-03-01 12:48:00,2011-03-01 12:48:00,1,204.5,175,16,204.5,175,0,283.001388888889
"15320",2011-10-26 13:27:00,2011-10-26 13:27:00,1,267.13,326,36,267.13,326,0,43.9743055555556
"15321",2011-02-21 11:10:00,2011-09-30 09:40:00,3,2748.31,1181,83,2663.48,1164,1,70.1319444444444
"15322",2011-09-15 09:34:00,2011-09-15 09:34:00,1,679.68,416,42,602.97,365,1,85.1361111111111
"15325",2011-08-28 11:55:00,2011-08-28 11:55:00,1,161.74,231,47,161.74,231,0,103.038194444444
"15326",2011-01-10 11:38:00,2011-01-10 11:38:00,1,311.71,386,29,311.71,386,0,333.05
"15327",2011-10-18 11:55:00,2011-10-18 11:55:00,1,208.75,116,10,208.75,116,0,52.0381944444444
"15329",2011-06-21 10:37:00,2011-10-31 15:36:00,3,1049.7,486,51,1005.5,476,2,38.8847222222222
"15330",2011-10-10 12:30:00,2011-11-07 17:50:00,2,714.96,1312,10,714.96,1312,0,31.7916666666667
"15332",2010-12-05 12:00:00,2010-12-08 14:43:00,4,1661.06,652,29,1661.06,652,0,365.921527777778
"15333",2011-05-15 13:27:00,2011-05-15 13:27:00,1,1028.56,344,16,1028.56,344,0,207.974305555556
"15334",2011-06-19 13:51:00,2011-07-06 11:22:00,3,350.82,273,67,350.82,273,0,156.061111111111
"15335",2011-10-17 12:50:00,2011-10-17 12:50:00,1,170.22,79,34,170.22,79,0,53
"15339",2011-01-25 13:15:00,2011-10-04 12:51:00,2,574.07,416,77,557.57,414,1,65.9993055555556
"15341",2011-09-20 09:40:00,2011-09-20 09:40:00,1,2020.52,812,17,2020.52,812,0,80.1319444444444
"15342",2011-08-02 10:19:00,2011-08-02 10:19:00,1,406.09,283,24,391.76,276,1,129.104861111111
"15343",2011-09-13 13:55:00,2011-09-13 13:55:00,1,364.5,84,21,364.5,84,0,86.9548611111111
"15344",2011-09-26 14:48:00,2011-12-09 10:45:00,3,563.94,116,21,476.58,106,2,0.0868055555555556
"15345",2011-10-25 11:28:00,2011-10-25 11:28:00,1,393.54,81,20,367.69,78,1,45.0569444444444
"15346",2011-01-11 11:18:00,2011-01-11 11:18:00,1,252.42,144,17,252.42,144,0,332.063888888889
"15347",2010-12-08 15:25:00,2010-12-08 15:25:00,1,201.6,130,5,201.6,130,0,365.892361111111
"15348",2011-09-28 13:17:00,2011-09-28 13:17:00,1,158.04,84,9,158.04,84,0,71.98125
"15349",2011-06-05 15:46:00,2011-07-04 16:06:00,2,463.91,321,65,463.91,321,0,157.863888888889
"15350",2010-12-01 13:33:00,2010-12-01 13:33:00,1,115.65,51,5,115.65,51,0,372.970138888889
"15351",2010-12-05 11:49:00,2011-11-27 12:52:00,7,1934.66,742,157,1836.69,721,3,11.9986111111111
"15353",2010-12-07 11:49:00,2011-03-30 12:15:00,2,770.12,341,59,770.12,341,0,254.024305555556
"15355",2011-10-17 15:22:00,2011-11-10 13:44:00,2,277.05,45,9,277.05,45,0,28.9625
"15356",2010-12-06 14:05:00,2011-11-08 13:11:00,10,2718.03,1643,215,2718.03,1643,0,30.9854166666667
"15358",2010-12-09 10:04:00,2011-12-05 09:04:00,22,8347.2,7050,292,8235.65,6928,7,4.15694444444444
"15360",2011-10-31 09:35:00,2011-10-31 09:35:00,1,427.93,223,13,427.93,223,0,39.1354166666667
"15361",2010-12-13 09:52:00,2010-12-13 09:52:00,1,418.92,336,7,418.92,336,0,361.123611111111
"15363",2010-12-02 12:28:00,2010-12-02 12:28:00,1,326,144,16,318.05,143,1,372.015277777778
"15364",2011-03-30 13:39:00,2011-09-05 09:46:00,2,913.19,493,29,913.19,493,0,95.1277777777778
"15365",2011-01-28 13:08:00,2011-11-14 08:29:00,7,2314.32,1084,65,1330.45,758,2,25.18125
"15366",2010-12-16 15:59:00,2011-09-25 15:01:00,2,602.51,621,37,602.51,621,0,74.9090277777778
"15367",2011-03-09 13:53:00,2011-10-13 14:13:00,4,1877.59,1057,91,1867.69,1055,1,56.9423611111111
"15368",2011-11-18 14:42:00,2011-11-18 14:42:00,1,446.94,230,4,446.94,230,0,20.9222222222222
"15370",2011-01-11 11:32:00,2011-10-30 10:58:00,7,2386.05,830,65,2360.55,828,1,40.0777777777778
"15372",2011-07-25 16:39:00,2011-07-25 16:39:00,1,2007.4,2924,27,2007.4,2924,0,136.840972222222
"15373",2010-12-03 14:40:00,2011-12-01 15:05:00,12,2415.91,500,74,2213.11,476,1,7.90625
"15374",2011-08-03 09:59:00,2011-08-03 09:59:00,1,168,126,3,168,126,0,128.11875
"15376",2011-05-01 13:45:00,2011-10-30 15:04:00,3,1221.56,615,100,1221.56,615,0,39.9069444444444
"15379",2010-12-16 13:02:00,2011-06-23 13:13:00,7,3703.29,2305,145,3631.89,2293,1,168.984027777778
"15380",2010-12-09 15:01:00,2011-12-01 12:13:00,5,1690.26,376,22,1682.36,374,1,8.02569444444444
"15381",2011-03-16 13:44:00,2011-05-10 11:55:00,2,596.85,171,8,596.85,171,0,213.038194444444
"15382",2011-02-17 12:01:00,2011-11-25 10:58:00,6,5955.71,4012,193,5927.86,4003,2,14.0777777777778
"15384",2010-12-15 11:34:00,2011-06-23 10:57:00,2,642.41,596,34,635.76,593,1,169.078472222222
"15385",2011-10-30 15:11:00,2011-10-30 15:11:00,1,316.88,161,12,316.88,161,0,39.9020833333333
"15386",2011-06-06 13:47:00,2011-06-06 13:47:00,1,394.14,446,31,394.14,446,0,185.960416666667
"15388",2011-03-14 13:53:00,2011-03-14 13:53:00,1,140.54,88,10,140.54,88,0,269.95625
"15389",2011-06-20 16:18:00,2011-06-20 16:18:00,1,500,400,1,500,400,0,171.855555555556
"15392",2010-12-14 15:50:00,2011-12-05 11:01:00,4,1535.53,1277,74,1515.73,1265,1,4.07569444444444
"15393",2011-03-03 16:58:00,2011-11-23 16:48:00,2,231.86,150,10,231.86,150,0,15.8347222222222
"15394",2010-12-16 12:46:00,2011-11-30 11:49:00,4,2183.54,910,54,2183.54,910,0,9.04236111111111
"15395",2011-01-18 12:40:00,2011-01-18 12:40:00,1,107.45,17,7,107.45,17,0,325.006944444444
"15396",2011-08-19 10:56:00,2011-08-19 10:56:00,1,288.18,122,14,288.18,122,0,112.079166666667
"15397",2011-02-23 09:25:00,2011-02-23 09:25:00,1,94,20,6,94,20,0,289.142361111111
"15398",2011-09-22 14:56:00,2011-11-23 16:47:00,2,1345.53,769,60,1339.63,767,1,15.8354166666667
"15399",2011-09-21 15:57:00,2011-12-08 13:04:00,3,815.77,611,45,815.77,611,0,0.990277777777778
"15400",2011-03-06 11:27:00,2011-09-08 13:57:00,5,716.2,390,10,666.7,360,1,91.9534722222222
"15402",2011-05-27 13:32:00,2011-07-14 12:17:00,2,626.77,694,35,626.77,694,0,148.022916666667
"15405",2011-06-03 14:44:00,2011-06-03 14:44:00,1,349.1,193,8,349.1,193,0,188.920833333333
"15406",2011-02-11 16:19:00,2011-11-08 13:22:00,2,510.71,254,51,426.61,236,2,30.9777777777778
"15407",2011-02-07 13:18:00,2011-11-06 11:55:00,4,1046.74,552,142,1046.74,552,0,33.0381944444444
"15408",2011-03-20 15:02:00,2011-03-20 15:02:00,1,267.18,106,34,267.18,106,0,263.908333333333
"15410",2011-03-23 10:15:00,2011-09-16 14:47:00,8,3450.84,1200,48,3450.84,1200,0,83.91875
"15411",2011-06-10 12:30:00,2011-11-13 15:19:00,4,1348.93,529,86,1336.43,527,1,25.8965277777778
"15412",2011-06-21 15:24:00,2011-06-21 15:24:00,1,190.53,108,10,190.53,108,0,170.893055555556
"15414",2011-04-11 13:45:00,2011-11-30 09:50:00,3,774.9,443,37,774.9,443,0,9.125
"15415",2011-01-30 14:13:00,2011-01-30 14:13:00,1,559.61,551,46,559.61,551,0,312.942361111111
"15416",2011-03-02 08:41:00,2011-10-06 09:38:00,4,3984.32,2090,165,3974.37,2089,1,64.1333333333333
"15417",2011-09-15 15:26:00,2011-09-15 15:26:00,1,508.8,284,28,508.8,284,0,84.8916666666667
"15419",2011-11-15 09:23:00,2011-11-15 09:23:00,1,135.86,230,8,135.86,230,0,24.14375
"15421",2011-02-02 14:36:00,2011-10-12 09:20:00,4,950.36,500,40,950.36,500,0,58.1458333333333
"15422",2011-01-20 14:17:00,2011-01-20 16:17:00,2,97.7,38,6,97.7,38,0,322.85625
"15423",2011-11-01 14:01:00,2011-11-01 14:01:00,1,43.5,101,2,43.5,101,0,37.9506944444444
"15424",2011-03-30 13:00:00,2011-03-30 13:02:00,2,383.34,554,17,383.34,554,0,253.991666666667
"15426",2010-12-05 13:55:00,2011-11-20 15:36:00,5,1404.07,656,217,1386.58,645,2,18.8847222222222
"15427",2011-10-23 14:47:00,2011-11-06 14:29:00,3,1430.54,967,233,1430.54,967,0,32.93125
"15428",2011-11-24 16:54:00,2011-11-24 16:54:00,1,93.78,102,6,93.78,102,0,14.8305555555556
"15429",2011-09-25 13:42:00,2011-11-13 12:28:00,2,397.35,380,77,364.9,369,1,26.0152777777778
"15432",2011-11-16 16:30:00,2011-11-16 16:30:00,1,171.19,65,10,171.19,65,0,22.8472222222222
"15433",2011-03-17 14:12:00,2011-05-10 10:45:00,2,533.3,534,40,417.87,399,1,213.086805555556
"15434",2011-05-23 14:18:00,2011-12-01 13:33:00,5,1041.48,647,40,997.48,638,1,7.97013888888889
"15435",2011-11-17 16:39:00,2011-11-17 16:39:00,1,149.29,54,29,149.29,54,0,21.8409722222222
"15436",2011-04-19 16:52:00,2011-11-27 16:05:00,3,1067.75,574,243,1067.75,574,0,11.8645833333333
"15437",2011-03-22 13:11:00,2011-03-22 13:11:00,1,200.16,79,44,200.16,79,0,261.985416666667
"15438",2011-07-31 14:19:00,2011-07-31 14:19:00,1,156.58,59,25,156.58,59,0,130.938194444444
"15440",2011-05-15 11:30:00,2011-10-16 12:16:00,3,383.68,197,50,383.68,197,0,54.0236111111111
"15442",2011-04-05 12:24:00,2011-04-05 12:24:00,1,594,120,2,594,120,0,248.018055555556
"15443",2011-01-23 13:25:00,2011-12-08 10:40:00,7,3213.59,1639,237,3188.84,1636,1,1.09027777777778
"15444",2011-10-30 16:12:00,2011-11-30 17:37:00,2,1411.21,759,191,1411.21,759,0,8.80069444444444
"15445",2011-03-20 15:06:00,2011-03-20 15:06:00,1,113.5,58,5,113.5,58,0,263.905555555556
"15447",2011-01-13 11:26:00,2011-01-13 11:26:00,1,155.17,85,9,155.17,85,0,330.058333333333
"15448",2011-01-31 10:42:00,2011-01-31 10:42:00,1,494.64,232,28,494.64,232,0,312.088888888889
"15449",2011-03-23 10:43:00,2011-11-13 15:02:00,3,974.52,812,47,971.22,810,2,25.9083333333333
"15450",2011-11-09 17:11:00,2011-11-09 17:11:00,1,429.84,376,30,429.84,376,0,29.81875
"15452",2011-03-20 15:21:00,2011-11-10 12:13:00,3,528.48,280,47,528.48,280,0,29.0256944444444
"15453",2011-06-05 12:37:00,2011-12-08 10:59:00,7,1371.77,837,169,1371.77,837,0,1.07708333333333
"15454",2010-12-12 14:21:00,2010-12-12 14:21:00,1,179.1,86,23,179.1,86,0,361.936805555556
"15456",2010-12-15 15:34:00,2011-03-01 13:51:00,3,434.59,633,48,434.59,633,0,282.957638888889
"15457",2011-03-22 15:31:00,2011-03-22 15:31:00,1,237.07,132,56,237.07,132,0,261.888194444444
"15458",2011-11-14 13:08:00,2011-11-14 13:08:00,1,161.64,156,7,161.64,156,0,24.9875
"15460",2010-12-20 16:08:00,2010-12-20 16:08:00,1,214.26,107,53,214.26,107,0,353.8625
"15462",2011-06-05 15:36:00,2011-09-06 13:11:00,3,234.6,172,9,234.6,172,0,93.9854166666667
"15463",2011-11-10 12:57:00,2011-11-10 12:57:00,1,126.14,106,7,126.14,106,0,28.9951388888889
"15464",2011-01-05 15:56:00,2011-01-05 15:56:00,1,1044.65,348,155,1044.65,348,0,337.870833333333
"15465",2010-12-05 10:12:00,2011-11-20 10:11:00,18,7354.62,1257,43,6945.02,1217,6,19.1104166666667
"15466",2011-09-15 14:08:00,2011-09-15 14:08:00,1,334.53,246,56,334.53,246,0,84.9458333333333
"15467",2011-07-10 14:42:00,2011-11-30 14:17:00,3,524.88,310,41,511.88,306,1,8.93958333333333
"15468",2011-10-19 13:38:00,2011-10-19 13:49:00,2,467.51,155,24,438.46,150,3,50.9590277777778
"15469",2011-08-11 16:54:00,2011-10-20 16:21:00,2,538.55,153,24,504.5,150,2,49.8534722222222
"15471",2011-12-07 14:12:00,2011-12-07 14:12:00,1,454.48,256,67,454.48,256,0,1.94305555555556
"15472",2011-08-18 15:17:00,2011-08-18 15:17:00,1,371.56,251,76,371.56,251,0,112.897916666667
"15473",2011-10-10 11:12:00,2011-11-25 15:15:00,7,1771.2,672,4,1465.2,552,3,13.8993055555556
"15475",2011-09-23 15:20:00,2011-09-23 15:20:00,1,454.11,319,29,454.11,319,0,76.8958333333333
"15478",2011-10-14 11:09:00,2011-10-30 14:19:00,2,1399.92,575,34,1399.92,575,0,39.9381944444444
"15480",2011-08-15 14:32:00,2011-08-15 14:32:00,1,905.5,303,45,905.5,303,0,115.929166666667
"15482",2010-12-16 10:08:00,2011-11-24 10:46:00,12,10879.76,5004,46,6393.52,2982,4,15.0861111111111
"15483",2011-03-18 12:26:00,2011-07-01 13:07:00,4,225.26,291,74,225.26,291,0,160.988194444444
"15484",2011-09-22 13:31:00,2011-12-08 15:03:00,4,3590.41,3150,135,3559.21,3134,1,0.907638888888889
"15485",2010-12-01 13:23:00,2011-11-09 14:31:00,3,2564.5,1281,59,2564.5,1281,0,29.9298611111111
"15488",2011-09-08 10:11:00,2011-09-08 10:11:00,1,91.32,73,2,91.32,73,0,92.1104166666667
"15489",2011-05-12 12:54:00,2011-11-17 08:53:00,3,1134.28,608,47,1090.03,593,1,22.1645833333333
"15491",2011-04-18 10:04:00,2011-09-05 15:56:00,6,3100.09,1646,108,3090.85,1624,1,94.8708333333333
"15492",2011-09-26 14:02:00,2011-11-11 14:53:00,2,659.46,483,32,659.46,483,0,27.9145833333333
"15493",2011-03-14 11:44:00,2011-11-07 12:04:00,5,1953.41,551,177,1918.86,546,2,32.0319444444444
"15494",2011-08-10 15:29:00,2011-11-18 14:51:00,2,1280.58,1139,120,1280.58,1139,0,20.9159722222222
"15497",2011-01-24 10:01:00,2011-11-22 11:51:00,2,1262.2,624,13,1259.7,622,1,17.0409722222222
"15498",2010-12-08 12:29:00,2011-12-07 12:48:00,27,13316.4,6105,360,12396.46,6084,8,2.00138888888889
"15500",2011-09-19 13:47:00,2011-12-01 13:47:00,4,1131.56,572,64,1131.56,572,0,7.96041666666667
"15502",2010-12-05 15:40:00,2011-11-24 12:48:00,12,10384.93,4236,164,5541.46,3823,11,15.0013888888889
"15503",2010-12-12 10:57:00,2010-12-12 10:57:00,1,141.04,70,66,141.04,70,0,362.078472222222
"15504",2011-09-19 13:45:00,2011-09-19 13:45:00,1,52.83,33,13,52.83,33,0,80.9618055555556
"15505",2011-07-07 13:33:00,2011-10-18 07:56:00,5,3610.96,2390,90,3497.14,2348,2,52.2041666666667
"15506",2011-07-24 11:45:00,2011-11-17 12:11:00,3,972.08,842,121,972.08,842,0,22.0270833333333
"15507",2011-06-21 11:19:00,2011-06-21 11:19:00,1,475.86,160,41,475.86,160,0,171.063194444444
"15508",2011-04-18 15:31:00,2011-06-03 15:43:00,6,1000.27,440,78,1000.27,440,0,188.879861111111
"15510",2011-01-13 12:10:00,2011-01-13 12:10:00,1,250,2,1,250,2,0,330.027777777778
"15511",2011-09-15 15:05:00,2011-11-28 09:43:00,5,900.53,269,117,900.53,269,0,11.1298611111111
"15512",2010-12-15 12:01:00,2011-07-07 10:20:00,2,121,68,7,121,68,0,155.104166666667
"15513",2010-12-01 11:22:00,2011-11-06 14:36:00,19,14758.22,5709,183,14520.08,5545,3,32.9263888888889
"15514",2010-12-10 13:50:00,2011-11-27 14:40:00,11,4023.72,2098,96,2907.45,1761,2,11.9236111111111
"15516",2011-10-24 11:33:00,2011-10-26 10:51:00,3,62.43,27,15,62.43,27,0,44.0826388888889
"15517",2011-04-20 14:02:00,2011-04-20 14:02:00,1,267.03,293,27,267.03,293,0,232.95
"15518",2011-01-11 12:55:00,2011-10-06 13:05:00,8,1921.55,1263,135,1890.99,1252,5,63.9895833333333
"15520",2011-12-08 10:58:00,2011-12-08 10:58:00,1,343.5,314,18,343.5,314,0,1.07777777777778
"15521",2011-03-30 09:15:00,2011-10-30 13:42:00,8,3000.2,1836,116,2574.65,1674,5,39.9638888888889
"15522",2011-09-13 12:26:00,2011-11-07 11:26:00,2,397.99,572,47,397.99,572,0,32.0583333333333
"15523",2011-09-16 16:29:00,2011-09-16 16:29:00,1,412.01,132,10,412.01,132,0,83.8479166666667
"15524",2011-11-15 12:09:00,2011-11-15 12:09:00,1,440,4,1,440,4,0,24.0284722222222
"15525",2010-12-01 13:17:00,2011-12-07 14:43:00,3,734.37,387,133,719.47,385,1,1.92152777777778
"15526",2011-11-06 15:01:00,2011-11-06 15:04:00,2,148.44,24,4,148.44,24,0,32.9069444444444
"15527",2010-12-20 14:15:00,2011-11-21 12:17:00,8,2428.53,991,127,2347.57,987,2,18.0229166666667
"15528",2011-03-30 16:14:00,2011-03-30 16:14:00,1,229.33,123,26,229.33,123,0,253.858333333333
"15529",2010-12-08 12:24:00,2011-11-17 11:29:00,11,3962.6,3455,415,3935.15,3448,1,22.05625
"15530",2011-04-07 11:16:00,2011-11-18 12:25:00,4,1497.31,938,90,1497.31,938,0,21.0173611111111
"15531",2011-11-09 17:47:00,2011-12-01 18:43:00,2,1972.39,1085,196,1972.39,1085,0,7.75486111111111
"15532",2010-12-16 16:45:00,2011-11-14 14:51:00,4,1564.73,515,205,1500.88,502,2,24.9159722222222
"15533",2011-09-11 15:41:00,2011-11-20 15:35:00,3,807.57,289,73,746.92,256,2,18.8854166666667
"15535",2011-01-16 12:35:00,2011-06-19 16:02:00,4,502.9,135,55,426.4,121,3,172.866666666667
"15537",2011-06-29 13:10:00,2011-06-29 13:10:00,1,110.92,29,24,110.92,29,0,162.986111111111
"15539",2011-12-02 13:36:00,2011-12-02 13:36:00,1,538.46,410,41,538.46,410,0,6.96805555555556
"15540",2011-11-28 13:51:00,2011-11-28 13:51:00,1,213.3,200,15,213.3,200,0,10.9576388888889
"15541",2011-08-17 14:58:00,2011-08-17 14:58:00,1,85.13,49,29,85.13,49,0,113.911111111111
"15543",2011-02-24 15:26:00,2011-02-24 15:26:00,1,127.86,86,26,127.86,86,0,287.891666666667
"15544",2010-12-02 12:47:00,2011-11-30 16:43:00,9,3546.71,3109,122,3542.51,3105,2,8.83819444444444
"15545",2010-12-03 17:28:00,2011-10-16 13:24:00,2,288.97,162,78,288.97,162,0,53.9763888888889
"15547",2010-12-12 13:26:00,2011-12-02 12:52:00,14,4910.6,3999,441,4910.6,3999,0,6.99861111111111
"15549",2011-01-27 15:38:00,2011-09-23 16:22:00,3,1681.46,694,104,1643.96,684,1,76.8527777777778
"15550",2011-02-11 12:49:00,2011-12-05 15:38:00,4,575.63,295,43,575.63,295,0,3.88333333333333
"15551",2011-11-03 12:37:00,2011-11-03 12:37:00,1,436.06,218,29,436.06,218,0,36.0090277777778
"15552",2011-05-06 14:47:00,2011-05-06 14:47:00,1,90.12,60,17,90.12,60,0,216.91875
"15553",2011-10-10 14:02:00,2011-10-10 14:02:00,1,428.93,449,51,428.93,449,0,59.95
"15554",2011-03-07 09:00:00,2011-03-07 09:00:00,1,217.2,74,14,217.2,74,0,277.159722222222
"15555",2010-12-05 14:45:00,2011-11-27 16:19:00,16,4794.86,4427,401,4747.89,4398,4,11.8548611111111
"15556",2011-11-15 16:08:00,2011-11-15 16:08:00,1,279.77,236,31,279.77,236,0,23.8625
"15557",2011-11-11 12:46:00,2011-11-11 12:46:00,1,468.91,213,16,468.91,213,0,28.0027777777778
"15561",2011-05-08 11:38:00,2011-11-28 11:07:00,4,800.59,267,27,722.74,256,1,11.0715277777778
"15562",2010-12-23 09:55:00,2010-12-23 09:55:00,1,134.55,39,1,134.55,39,0,351.121527777778
"15563",2010-12-16 11:27:00,2011-11-17 14:50:00,4,1400.44,1501,88,1319.69,1460,3,21.9166666666667
"15565",2011-09-30 10:44:00,2011-10-20 14:33:00,2,173.16,60,8,173.16,60,0,49.9284722222222
"15567",2011-11-21 10:48:00,2011-11-21 10:48:00,1,186.01,223,7,186.01,223,0,18.0847222222222
"15568",2011-09-27 14:37:00,2011-12-07 11:27:00,3,758.29,461,27,758.29,461,0,2.05763888888889
"15569",2011-01-11 13:26:00,2011-08-28 10:15:00,5,1375.71,666,27,1375.71,666,0,103.107638888889
"15570",2010-12-05 12:57:00,2011-12-02 14:47:00,12,4148.82,2063,231,4093.27,2054,1,6.91875
"15571",2011-09-22 13:15:00,2011-11-28 10:02:00,4,650.43,264,47,650.43,264,0,11.1166666666667
"15572",2011-03-06 14:44:00,2011-12-05 10:09:00,7,2533.42,1213,166,2533.42,1213,0,4.11180555555556
"15573",2011-09-15 12:16:00,2011-11-08 11:38:00,2,591.19,355,88,591.19,355,0,31.05
"15574",2010-12-02 15:46:00,2011-06-15 12:01:00,4,675.64,332,131,675.64,332,0,177.034027777778
"15576",2011-11-02 12:03:00,2011-11-02 12:03:00,1,921.37,394,43,921.37,394,0,37.0326388888889
"15577",2011-02-07 13:32:00,2011-07-11 17:03:00,3,258.88,89,39,258.88,89,0,150.824305555556
"15578",2011-06-30 13:03:00,2011-06-30 13:03:00,1,127.1,52,13,127.1,52,0,161.990972222222
"15579",2011-01-30 12:09:00,2011-10-02 12:45:00,2,327.6,117,45,327.6,117,0,68.0034722222222
"15581",2010-12-08 14:38:00,2011-08-11 09:38:00,13,3675.77,283,134,3425.77,282,1,120.133333333333
"15582",2011-05-03 13:36:00,2011-11-15 09:55:00,3,682.91,453,39,682.91,453,0,24.1215277777778
"15584",2011-06-30 16:39:00,2011-11-16 10:55:00,4,720.86,313,89,718.36,311,1,23.0798611111111
"15585",2011-06-16 08:38:00,2011-06-16 08:38:00,1,455.3,320,31,455.3,320,0,176.175
"15587",2010-12-23 09:59:00,2011-10-20 13:37:00,4,913.68,312,3,913.68,312,0,49.9673611111111
"15589",2011-02-02 10:46:00,2011-03-29 09:54:00,3,478.53,243,28,456.58,242,1,255.122222222222
"15592",2011-10-24 08:59:00,2011-10-24 08:59:00,1,388.58,354,24,388.58,354,0,46.1604166666667
"15593",2011-09-30 11:46:00,2011-09-30 11:46:00,1,199.8,60,5,199.8,60,0,70.0444444444445
"15594",2011-04-19 10:08:00,2011-11-24 08:53:00,5,1771.78,983,85,1767.53,982,1,15.1645833333333
"15596",2010-12-09 16:10:00,2011-08-31 10:55:00,5,1406.59,561,51,1343.34,548,4,100.079861111111
"15597",2011-11-04 13:26:00,2011-11-04 13:26:00,1,324.57,279,22,315.72,276,1,34.975
"15598",2011-10-17 16:04:00,2011-10-17 16:04:00,1,240.68,160,14,235.68,156,2,52.8652777777778
"15599",2011-05-19 13:05:00,2011-11-13 11:44:00,2,761.74,718,50,761.74,718,0,26.0458333333333
"15601",2010-12-02 10:39:00,2011-11-28 15:15:00,14,6776.56,4983,230,6745.36,4978,3,10.8993055555556
"15602",2010-12-06 15:35:00,2011-12-01 14:14:00,9,1297.87,1137,30,1083.63,997,6,7.94166666666667
"15603",2011-09-22 10:04:00,2011-09-22 10:04:00,1,48.48,96,2,48.48,96,0,78.1152777777778
"15604",2011-10-18 14:47:00,2011-10-18 14:47:00,1,216.39,159,17,216.39,159,0,51.91875
"15605",2010-12-01 13:38:00,2011-11-03 14:17:00,5,1198.23,441,61,1198.23,441,0,35.9395833333333
"15606",2011-01-19 12:07:00,2011-10-09 15:47:00,9,2920.16,892,48,2422.64,720,2,60.8770833333333
"15607",2011-01-07 12:44:00,2011-01-07 12:44:00,1,104.76,202,13,104.76,202,0,336.004166666667
"15608",2011-08-11 09:56:00,2011-11-11 13:20:00,4,1093.68,714,59,1093.68,714,0,27.9791666666667
"15609",2011-06-08 13:00:00,2011-06-08 13:00:00,1,298.48,148,16,270.03,145,1,183.993055555556
"15610",2011-10-19 10:36:00,2011-10-19 10:36:00,1,112.46,66,6,112.46,66,0,51.0930555555556
"15611",2011-01-09 11:32:00,2011-11-30 12:36:00,13,1591.45,504,23,1568.39,498,2,9.00972222222222
"15612",2011-10-09 12:49:00,2011-11-03 14:52:00,2,195.15,52,4,195.15,52,0,35.9152777777778
"15615",2010-12-15 16:21:00,2011-11-29 14:42:00,23,10399.74,5508,184,10360.04,5493,4,9.92222222222222
"15618",2011-07-26 10:13:00,2011-11-07 08:34:00,4,776.851,454,39,747.031,428,1,32.1777777777778
"15619",2011-11-29 08:14:00,2011-11-29 08:14:00,1,336.4,136,3,336.4,136,0,10.1916666666667
"15620",2010-12-16 14:34:00,2011-10-14 12:41:00,3,1553.18,915,92,1524.4,899,3,56.00625
"15621",2011-11-18 11:49:00,2011-12-05 14:01:00,4,1293.03,501,11,1158.77,463,2,3.95069444444444
"15622",2011-03-02 13:42:00,2011-10-27 16:44:00,9,3709.56,1674,169,3224.53,1552,7,42.8375
"15623",2011-07-21 17:26:00,2011-07-21 17:26:00,1,301.03,125,19,301.03,125,0,140.808333333333
"15624",2011-03-28 13:32:00,2011-08-15 11:38:00,4,588.13,357,26,588.13,357,0,116.05
"15625",2011-04-18 14:01:00,2011-08-28 10:21:00,4,1534.26,1188,44,1504.56,1166,4,103.103472222222
"15626",2011-01-14 10:10:00,2011-09-26 10:03:00,2,675.8,766,49,675.8,766,0,74.1159722222222
"15628",2010-12-08 09:51:00,2011-12-05 10:24:00,9,2870.24,1894,85,2865.64,1882,1,4.10138888888889
"15630",2011-05-19 10:16:00,2011-10-25 15:36:00,2,1186.35,800,57,1180.4,799,1,44.8847222222222
"15632",2011-03-10 08:29:00,2011-11-24 09:51:00,8,3285.31,2109,107,3147.31,2049,2,15.1243055555556
"15634",2011-11-22 16:28:00,2011-11-22 16:28:00,1,243.55,99,15,243.55,99,0,16.8486111111111
"15636",2011-03-02 14:50:00,2011-09-11 11:17:00,2,724.76,284,20,724.76,284,0,89.0645833333333
"15637",2011-10-18 08:28:00,2011-10-18 08:28:00,1,223.36,128,15,223.36,128,0,52.1819444444444
"15639",2011-07-28 14:30:00,2011-07-28 14:30:00,1,425.32,323,25,425.32,323,0,133.930555555556
"15640",2010-12-02 15:40:00,2011-12-05 14:35:00,15,12416.11,6572,240,12336.74,6538,2,3.92708333333333
"15641",2010-12-15 14:45:00,2011-08-26 14:04:00,4,1887.2,1562,102,1887.2,1562,0,104.948611111111
"15643",2011-03-02 14:34:00,2011-06-01 07:38:00,3,664,246,31,647.4,242,3,191.216666666667
"15644",2011-03-23 15:37:00,2011-06-26 14:54:00,4,803.54,550,166,803.54,550,0,165.913888888889
"15645",2011-11-21 11:55:00,2011-11-21 11:55:00,1,612.01,256,50,612.01,256,0,18.0381944444444
"15646",2010-12-02 16:59:00,2011-07-05 09:53:00,3,447.64,394,35,425.14,388,1,157.122916666667
"15648",2011-03-17 18:59:00,2011-05-19 15:53:00,2,639.5,218,23,582.05,210,2,203.872916666667
"15649",2010-12-07 10:06:00,2011-01-07 13:34:00,2,816,192,1,816,192,0,335.969444444444
"15651",2011-03-24 08:56:00,2011-11-03 08:41:00,3,646.3,479,27,646.3,479,0,36.1729166666667
"15652",2011-09-09 14:22:00,2011-09-09 14:22:00,1,337.74,208,21,337.74,208,0,90.9361111111111
"15653",2011-08-16 09:50:00,2011-09-08 10:49:00,2,877.44,1200,4,877.44,1200,0,92.0840277777778
"15654",2011-11-13 15:15:00,2011-11-30 13:08:00,2,922.53,475,15,922.53,475,0,8.9875
"15655",2011-04-10 15:25:00,2011-04-10 15:25:00,1,560.67,324,34,511.32,319,1,242.892361111111
"15656",2011-02-28 15:32:00,2011-10-25 14:56:00,4,748.5,343,46,748.5,343,0,44.9125
"15657",2011-11-17 12:19:00,2011-11-17 12:19:00,1,30,24,1,30,24,0,22.0215277777778
"15658",2010-12-02 10:53:00,2011-06-02 15:22:00,5,1024.1,242,40,958.9,232,3,189.894444444444
"15659",2011-10-27 09:23:00,2011-10-27 09:23:00,1,306.45,111,11,306.45,111,0,43.14375
"15660",2010-12-09 09:49:00,2011-11-14 16:58:00,9,1600.86,1050,55,1552.01,1037,3,24.8277777777778
"15661",2011-01-05 12:32:00,2011-01-26 13:56:00,2,309.8,236,4,309.8,236,0,316.954166666667
"15663",2011-08-25 15:50:00,2011-08-25 15:50:00,1,138.14,106,9,138.14,106,0,105.875
"15664",2011-10-20 10:57:00,2011-10-20 10:57:00,1,386.43,157,17,358.63,141,1,50.0784722222222
"15665",2011-04-10 15:09:00,2011-06-24 14:57:00,2,2222.21,1654,92,2222.21,1654,0,167.911805555556
"15667",2011-10-31 10:56:00,2011-10-31 10:56:00,1,301.32,240,13,301.32,240,0,39.0791666666667
"15668",2011-05-06 10:39:00,2011-05-06 10:39:00,1,76.32,72,1,76.32,72,0,217.090972222222
"15669",2011-03-21 09:13:00,2011-10-30 16:03:00,4,684.34,342,31,677.69,339,1,39.8659722222222
"15670",2011-02-16 10:50:00,2011-02-16 10:50:00,1,173.05,91,12,173.05,91,0,296.083333333333
"15671",2011-03-14 09:37:00,2011-11-21 12:43:00,7,2657.13,1699,52,2635.49,1681,3,18.0048611111111
"15673",2011-01-16 16:25:00,2011-09-12 16:12:00,4,2726.23,1451,107,2726.23,1451,0,87.8597222222222
"15674",2011-03-30 09:19:00,2011-09-27 15:17:00,5,2446.6,1275,88,1744.02,1075,3,72.8979166666667
"15675",2011-03-04 14:21:00,2011-09-19 13:48:00,3,323.69,527,20,323.69,527,0,80.9597222222222
"15676",2011-03-01 10:19:00,2011-11-21 12:40:00,3,3435.76,2252,191,3324.09,2231,2,18.0069444444444
"15677",2011-10-21 15:36:00,2011-10-21 15:36:00,1,657.23,319,33,657.23,319,0,48.8847222222222
"15678",2011-10-18 09:25:00,2011-10-18 09:25:00,1,352.7,184,12,352.7,184,0,52.1423611111111
"15679",2011-06-10 08:24:00,2011-11-15 16:19:00,4,781.28,1170,98,781.28,1170,0,23.8548611111111
"15680",2010-12-08 14:43:00,2011-11-30 13:46:00,3,1333.68,952,61,1333.68,952,0,8.96111111111111
"15681",2011-03-04 13:46:00,2011-11-14 16:30:00,5,1426.16,816,32,946.36,556,1,24.8472222222222
"15683",2011-08-14 12:56:00,2011-08-14 12:56:00,1,193.75,131,10,193.75,131,0,116.995833333333
"15687",2011-01-13 15:13:00,2011-12-01 08:33:00,9,2993.1,1310,119,2981.5,1308,2,8.17847222222222
"15689",2010-12-13 09:57:00,2011-08-12 09:37:00,2,254.1,84,8,254.1,84,0,119.134027777778
"15690",2011-08-31 11:40:00,2011-12-05 15:59:00,2,239.76,408,19,239.76,408,0,3.86875
"15691",2011-04-01 15:13:00,2011-04-01 15:13:00,1,136.8,72,2,136.8,72,0,251.900694444444
"15692",2011-11-11 14:12:00,2011-11-11 14:12:00,1,191.04,138,12,191.04,138,0,27.9430555555556
"15694",2010-12-02 07:49:00,2011-12-09 09:44:00,14,6479.4,1677,42,6423.6,1665,1,0.129166666666667
"15695",2011-03-18 08:31:00,2011-03-18 08:32:00,2,409.98,212,22,409.98,212,0,266.179166666667
"15696",2011-01-17 11:24:00,2011-11-06 14:02:00,8,2711.11,1015,140,2619.11,1009,4,32.95
"15699",2011-11-22 08:26:00,2011-11-22 08:26:00,1,309.65,113,18,309.65,113,0,17.1833333333333
"15700",2011-06-19 15:36:00,2011-06-20 16:53:00,2,696.68,357,85,664.03,328,1,171.83125
"15701",2011-08-21 12:36:00,2011-12-07 14:39:00,4,1529,912,193,1529,912,0,1.92430555555556
"15703",2011-03-20 10:51:00,2011-03-20 10:51:00,1,211.5,66,5,211.5,66,0,264.082638888889
"15704",2011-05-08 12:42:00,2011-07-22 13:35:00,4,2293.62,1028,79,2293.62,1028,0,139.96875
"15705",2011-05-22 15:37:00,2011-05-22 15:37:00,1,143.1,62,6,143.1,62,0,200.884027777778
"15706",2011-08-15 14:32:00,2011-10-07 10:09:00,4,1060.56,321,50,1001.81,305,3,63.1118055555556
"15707",2011-09-14 14:19:00,2011-11-04 14:35:00,4,916.98,594,126,916.98,594,0,34.9270833333333
"15708",2010-12-05 11:12:00,2011-10-30 10:54:00,7,3235.25,1217,124,3200.73,1208,4,40.0805555555556
"15709",2011-03-01 10:38:00,2011-03-01 10:38:00,1,133.25,121,6,133.25,121,0,283.091666666667
"15712",2011-02-25 11:32:00,2011-11-30 14:09:00,5,1072.36,486,41,1072.36,486,0,8.94513888888889
"15713",2010-12-08 15:16:00,2011-07-19 13:34:00,2,356.7,150,18,346.75,149,1,142.969444444444
"15714",2011-09-23 11:25:00,2011-11-28 11:26:00,2,330.03,186,34,330.03,186,0,11.0583333333333
"15716",2010-12-05 12:26:00,2011-07-17 11:59:00,4,1101.11,738,101,1101.11,738,0,145.035416666667
"15717",2011-04-19 13:21:00,2011-04-19 13:21:00,1,150.3,70,7,150.3,70,0,233.978472222222
"15719",2011-01-06 12:31:00,2011-11-07 12:29:00,13,5030.07,2718,299,5028.42,2717,1,32.0145833333333
"15720",2011-11-15 14:48:00,2011-11-15 14:48:00,1,598.73,281,128,598.73,281,0,23.9180555555556
"15721",2011-11-28 12:14:00,2011-11-28 12:14:00,1,471.4,388,80,471.4,388,0,11.025
"15722",2011-02-22 12:24:00,2011-11-04 11:43:00,5,2211.21,1023,45,2169.86,1018,1,35.0465277777778
"15723",2010-12-10 11:12:00,2010-12-10 11:12:00,1,190.7,73,37,190.7,73,0,364.068055555556
"15724",2011-02-28 10:40:00,2011-05-22 14:40:00,2,218.25,73,11,212.3,72,1,200.923611111111
"15725",2011-11-24 14:51:00,2011-11-24 14:51:00,1,415.25,221,32,415.25,221,0,14.9159722222222
"15727",2010-12-15 15:47:00,2011-11-23 12:36:00,7,5159.06,3063,213,5159.06,3063,0,16.0097222222222
"15729",2011-05-11 12:36:00,2011-05-11 12:36:00,1,85,28,5,62,24,1,212.009722222222
"15730",2011-05-17 12:43:00,2011-10-05 12:31:00,3,1120.88,689,68,1108.38,683,1,65.0131944444445
"15732",2010-12-02 15:00:00,2011-05-11 14:24:00,2,294.12,215,13,294.12,215,0,211.934722222222
"15733",2011-03-02 09:05:00,2011-03-02 09:05:00,1,162.3,62,10,162.3,62,0,282.15625
"15734",2011-05-23 14:59:00,2011-08-17 10:50:00,2,1339.45,346,25,1339.45,346,0,114.083333333333
"15737",2011-04-11 10:01:00,2011-11-25 11:21:00,8,1188.12,597,60,1121.21,584,4,14.0618055555556
"15738",2010-12-02 12:50:00,2011-11-21 08:26:00,16,4812.42,2982,46,4788.77,2967,3,18.1833333333333
"15739",2011-10-04 13:42:00,2011-10-04 13:42:00,1,449.12,472,8,449.12,472,0,65.9638888888889
"15740",2011-10-21 14:29:00,2011-10-21 14:29:00,1,154.88,152,9,154.88,152,0,48.93125
"15743",2011-06-08 10:14:00,2011-11-23 17:19:00,4,775.96,214,59,775.96,214,0,15.8131944444444
"15744",2011-09-23 09:52:00,2011-09-23 09:52:00,1,34.8,120,3,34.8,120,0,77.1236111111111
"15745",2011-04-17 13:04:00,2011-11-20 13:45:00,4,1094.59,421,57,1071.24,412,2,18.9618055555556
"15746",2011-07-28 15:21:00,2011-07-28 15:21:00,1,196.88,178,28,182.96,130,1,133.895138888889
"15747",2011-06-20 11:30:00,2011-11-27 12:26:00,3,946.64,466,52,946.64,466,0,12.0166666666667
"15748",2011-10-30 12:51:00,2011-10-30 12:51:00,1,144.36,50,19,144.36,50,0,39.9993055555556
"15749",2011-01-11 12:55:00,2011-04-18 13:20:00,3,44534.3,18028,5,21535.9,9014,1,234.979166666667
"15750",2010-12-08 10:36:00,2011-12-07 12:34:00,8,2463.05,1783,214,2448.8,1776,1,2.01111111111111
"15752",2010-12-02 09:43:00,2011-10-31 11:37:00,7,2626.6,1960,236,2618.15,1955,1,39.0506944444444
"15753",2011-02-08 12:41:00,2011-02-08 12:41:00,1,79.2,144,1,79.2,144,0,304.00625
"15754",2011-04-07 12:24:00,2011-10-19 14:40:00,3,458.57,199,24,455.67,197,1,50.9236111111111
"15755",2011-02-18 11:53:00,2011-11-29 14:57:00,6,2364.25,1427,127,2318.88,1397,2,9.91180555555556
"15756",2011-04-04 14:00:00,2011-10-09 13:30:00,4,528.01,241,160,528.01,241,0,60.9722222222222
"15757",2011-05-06 11:40:00,2011-10-05 12:14:00,2,714.42,491,43,714.42,491,0,65.025
"15758",2011-11-15 10:48:00,2011-11-15 10:48:00,1,205.25,47,9,205.25,47,0,24.0847222222222
"15759",2010-12-16 15:29:00,2011-05-05 15:13:00,3,253.04,60,5,253.04,60,0,217.900694444444
"15762",2011-09-23 15:17:00,2011-10-05 16:15:00,2,583.75,251,37,583.75,251,0,64.8576388888889
"15763",2011-09-23 12:10:00,2011-11-08 09:44:00,2,1086.92,271,58,1048.67,268,1,31.1291666666667
"15764",2011-03-08 09:23:00,2011-09-12 17:58:00,6,3279.97,2050,150,3245.47,2036,4,87.7861111111111
"15766",2011-10-06 17:03:00,2011-10-06 17:03:00,1,315.06,170,11,315.06,170,0,63.8243055555556
"15768",2011-04-28 09:20:00,2011-08-16 10:48:00,3,621.83,244,23,581.83,243,1,115.084722222222
"15769",2010-12-03 15:16:00,2011-12-02 13:52:00,26,56252.72,29672,26,51823.72,27660,3,6.95694444444444
"15773",2011-12-04 12:48:00,2011-12-04 12:48:00,1,635.68,311,10,635.68,311,0,5.00138888888889
"15774",2011-10-02 12:04:00,2011-10-02 12:04:00,1,270.8,87,25,270.8,87,0,68.0319444444444
"15775",2011-04-08 12:56:00,2011-04-08 12:56:00,1,104.9,68,7,104.9,68,0,244.995833333333
"15776",2011-07-29 13:46:00,2011-07-29 13:46:00,1,241.62,138,18,241.62,138,0,132.961111111111
"15777",2010-12-13 16:38:00,2011-04-12 16:43:00,4,1047.11,378,18,1021.61,375,1,240.838194444444
"15780",2010-12-17 11:43:00,2011-06-09 12:01:00,3,475.28,220,26,475.28,220,0,183.034027777778
"15781",2011-02-07 09:15:00,2011-11-14 14:57:00,3,345.46,180,20,333.56,178,1,24.9118055555556
"15782",2011-09-11 14:29:00,2011-11-30 10:49:00,3,2614.74,864,34,2593.94,863,1,9.08402777777778
"15783",2011-11-29 09:50:00,2011-11-29 09:50:00,1,246.3,212,14,246.3,212,0,10.125
"15785",2011-02-17 14:17:00,2011-11-07 11:33:00,5,2328.97,1612,58,2303.75,1594,3,32.0534722222222
"15786",2011-08-17 13:33:00,2011-10-24 14:13:00,3,4919,3340,257,4821,3307,2,45.9423611111111
"15787",2011-10-09 13:11:00,2011-11-13 14:55:00,3,933.26,534,156,933.26,534,0,25.9131944444444
"15789",2010-12-16 14:35:00,2010-12-16 14:35:00,1,351.3,438,25,351.3,438,0,357.927083333333
"15790",2011-11-29 14:53:00,2011-11-29 14:53:00,1,218.75,113,34,218.75,113,0,9.91458333333333
"15791",2011-05-19 15:15:00,2011-10-27 10:14:00,2,1612.69,731,66,1604.44,730,1,43.1083333333333
"15793",2011-03-16 10:45:00,2011-11-25 09:31:00,3,965.61,553,6,948.96,552,1,14.1381944444444
"15795",2011-07-13 10:43:00,2011-07-13 10:43:00,1,610.01,581,42,610.01,581,0,149.088194444444
"15796",2011-02-10 15:40:00,2011-12-08 19:55:00,8,2708.61,860,70,2663.66,858,2,0.704861111111111
"15797",2011-01-24 15:47:00,2011-08-18 17:04:00,4,2207.4,873,8,2207.4,873,0,112.823611111111
"15799",2011-01-09 15:13:00,2011-09-25 12:46:00,3,884.14,955,94,884.14,955,0,75.0027777777778
"15800",2011-04-07 12:39:00,2011-08-24 14:23:00,2,696.89,332,116,696.89,332,0,106.935416666667
"15801",2011-08-22 09:53:00,2011-10-24 13:52:00,3,1063.95,570,61,1042.19,562,1,45.9569444444444
"15802",2011-07-20 11:38:00,2011-07-20 11:38:00,1,451.42,1,1,-451.42,-1,2,142.05
"15803",2011-10-19 14:56:00,2011-10-19 14:56:00,1,415.82,290,8,415.82,290,0,50.9125
"15804",2011-05-25 10:12:00,2011-12-09 12:31:00,13,4206.39,2565,170,3848.55,2513,6,0.0131944444444444
"15805",2010-12-10 09:33:00,2011-11-16 16:32:00,17,5488.18,3367,220,5411.87,3317,3,22.8458333333333
"15806",2011-03-08 09:24:00,2011-10-24 14:35:00,3,784.58,602,24,784.58,602,0,45.9270833333333
"15807",2011-09-23 14:43:00,2011-10-20 14:10:00,3,903.9,430,48,903.9,430,0,49.9444444444444
"15808",2010-12-05 13:05:00,2011-02-06 14:33:00,4,3651.27,1305,142,3641.07,1303,1,305.928472222222
"15809",2011-02-10 11:16:00,2011-11-03 16:40:00,5,515.77,301,31,399.21,251,1,35.8402777777778
"15810",2011-02-16 09:11:00,2011-09-22 09:38:00,4,1391.98,861,66,1145.43,737,3,78.1333333333333
"15811",2010-12-09 15:29:00,2011-11-17 15:31:00,6,2218.62,1071,117,2171.32,1061,3,21.8881944444444
"15812",2011-01-26 12:12:00,2011-08-24 14:19:00,5,1801.14,922,36,1801.14,922,0,106.938194444444
"15813",2011-04-14 09:09:00,2011-05-16 08:13:00,2,1303.91,603,40,1303.91,603,0,207.192361111111
"15814",2011-10-20 09:04:00,2011-11-23 08:17:00,4,1945.33,1271,63,1842.73,1247,2,16.1895833333333
"15815",2011-03-25 08:43:00,2011-10-07 12:42:00,5,2100.6,1856,33,2100.6,1856,0,63.0055555555556
"15819",2011-03-08 09:45:00,2011-10-21 14:50:00,4,1905.45,1357,96,1905.45,1357,0,48.9166666666667
"15820",2011-01-24 12:00:00,2011-01-24 12:00:00,1,206.98,128,17,206.98,128,0,319.034722222222
"15821",2011-10-09 13:28:00,2011-10-26 15:48:00,2,570.96,202,57,570.96,202,0,43.8763888888889
"15822",2010-12-15 13:38:00,2011-12-06 14:50:00,2,885.47,375,28,885.47,375,0,2.91666666666667
"15823",2010-12-02 15:08:00,2010-12-02 15:08:00,1,15,1,1,-840.76,-283,1,371.904166666667
"15825",2011-06-20 13:27:00,2011-06-20 13:27:00,1,532.94,220,20,532.94,220,0,171.974305555556
"15826",2011-05-13 10:44:00,2011-10-14 16:05:00,3,1654.31,963,64,1649.36,962,1,55.8645833333333
"15827",2010-12-02 13:06:00,2011-09-27 15:35:00,14,1836.09,882,72,1641.48,842,6,72.8854166666667
"15829",2011-07-22 10:23:00,2011-09-01 16:45:00,2,636.14,996,44,636.14,996,0,98.8368055555556
"15830",2011-11-02 10:40:00,2011-11-02 10:40:00,1,576,415,39,547.7,409,1,37.0902777777778
"15831",2011-01-19 14:52:00,2011-10-12 13:14:00,3,794.64,1092,63,740.64,1084,1,57.9833333333333
"15832",2011-03-30 15:29:00,2011-03-30 15:29:00,1,836.79,465,54,836.79,465,0,253.889583333333
"15834",2011-03-07 17:52:00,2011-09-30 14:41:00,4,2225.15,961,242,2076.3,957,2,69.9229166666667
"15835",2011-01-13 10:35:00,2011-10-26 15:47:00,4,954.09,439,47,954.09,439,0,43.8770833333333
"15836",2011-10-20 17:13:00,2011-10-20 17:13:00,1,137.37,26,10,117.47,24,1,49.8173611111111
"15837",2011-10-06 09:01:00,2011-10-06 09:01:00,1,391.98,189,24,391.98,189,0,64.1590277777778
"15838",2010-12-07 11:26:00,2011-11-28 14:00:00,19,33643.08,18368,54,33350.76,9007,2,10.9513888888889
"15839",2011-07-14 16:35:00,2011-11-06 13:54:00,3,1048.49,675,56,1020.74,670,2,32.9555555555556
"15840",2011-06-20 11:42:00,2011-10-12 09:08:00,2,355.56,396,26,345.66,394,1,58.1541666666667
"15841",2011-01-05 11:25:00,2011-09-28 12:15:00,4,1224.06,942,36,1209.1,926,2,72.0243055555556
"15843",2011-02-09 10:19:00,2011-02-09 10:19:00,1,118.95,27,8,118.95,27,0,303.104861111111
"15844",2011-10-24 15:19:00,2011-10-24 15:19:00,1,130.74,134,11,130.74,134,0,45.8965277777778
"15845",2011-01-06 17:19:00,2011-11-22 09:42:00,8,3711.77,1926,97,3650.87,1918,2,17.1305555555556
"15847",2011-02-24 16:46:00,2011-11-01 14:41:00,2,389.27,449,22,389.27,449,0,37.9229166666667
"15850",2011-06-24 14:16:00,2011-11-20 14:14:00,2,234.88,298,87,234.88,298,0,18.9416666666667
"15852",2011-05-26 13:26:00,2011-06-06 11:22:00,2,160.71,48,22,160.71,48,0,186.061111111111
"15853",2011-10-19 10:38:00,2011-10-19 10:38:00,1,110.8,135,29,110.8,135,0,51.0916666666667
"15854",2010-12-13 11:47:00,2011-12-05 13:39:00,12,2969.12,926,105,2969.12,926,0,3.96597222222222
"15855",2011-03-21 12:32:00,2011-07-26 10:20:00,5,712.24,470,59,712.24,470,0,136.104166666667
"15856",2010-12-09 13:34:00,2011-12-05 17:09:00,27,16143.64,10866,295,15929.74,10802,4,3.82013888888889
"15857",2011-11-21 12:18:00,2011-11-21 12:18:00,1,297,308,14,297,308,0,18.0222222222222
"15858",2010-12-07 14:31:00,2011-11-24 12:48:00,5,1427.57,1163,145,1427.57,1163,0,15.0013888888889
"15860",2010-12-06 11:38:00,2011-10-30 11:25:00,8,965.16,437,105,965.16,437,0,40.0590277777778
"15861",2011-03-17 20:12:00,2011-11-27 15:59:00,8,3146.92,2528,339,2981.92,2527,1,11.86875
"15862",2010-12-01 11:21:00,2011-12-01 13:28:00,4,832.88,585,142,832.88,585,0,7.97361111111111
"15863",2011-05-31 11:36:00,2011-11-14 12:49:00,2,68.84,19,18,68.84,19,0,25.0006944444444
"15864",2011-01-27 16:43:00,2011-11-17 13:32:00,6,1936.32,1192,16,1769.78,1044,2,21.9708333333333
"15865",2011-05-10 11:44:00,2011-10-30 12:43:00,3,895.13,368,37,895.13,368,0,40.0048611111111
"15866",2011-08-30 14:09:00,2011-08-30 14:09:00,1,211.89,124,43,211.89,124,0,100.945138888889
"15867",2010-12-05 14:17:00,2011-12-04 13:32:00,15,3810.14,2052,302,3795.29,2050,1,4.97083333333333
"15869",2011-03-07 17:19:00,2011-03-07 17:23:00,2,149.64,175,13,149.64,175,0,276.810416666667
"15870",2011-11-07 10:58:00,2011-11-07 10:58:00,1,351.44,333,68,351.44,333,0,32.0777777777778
"15872",2011-11-25 11:54:00,2011-11-25 11:55:00,2,316.25,187,101,316.25,187,0,14.0381944444444
"15874",2011-02-28 13:28:00,2011-10-07 12:31:00,7,4405.88,2534,110,4330.67,2506,2,63.0131944444444
"15877",2011-11-22 11:18:00,2011-12-08 11:53:00,2,490.33,368,122,437.83,243,1,1.03958333333333
"15880",2010-12-05 13:00:00,2010-12-05 13:00:00,1,329.03,202,95,299.03,178,1,368.993055555556
"15881",2010-12-10 13:32:00,2011-01-31 16:59:00,5,501.39,260,26,438.24,199,3,311.827083333333
"15882",2010-12-06 13:01:00,2011-05-25 11:35:00,4,516.36,276,23,495.36,266,1,198.052083333333
"15883",2011-11-06 14:50:00,2011-12-07 17:05:00,2,396.48,223,42,396.48,223,0,1.82291666666667
"15885",2011-02-03 15:28:00,2011-09-08 10:43:00,3,379.35,111,18,379.35,111,0,92.0881944444444
"15886",2011-10-10 14:25:00,2011-10-10 14:25:00,1,181.09,147,12,181.09,147,0,59.9340277777778
"15888",2011-09-20 12:30:00,2011-09-20 12:30:00,1,168.31,76,11,141.27,60,1,80.0138888888889
"15889",2010-12-05 15:12:00,2011-07-06 11:10:00,2,420.07,206,79,420.07,206,0,156.069444444444
"15891",2011-04-27 12:35:00,2011-04-27 12:35:00,1,511.68,418,60,511.68,418,0,226.010416666667
"15894",2010-12-05 14:06:00,2011-03-31 13:50:00,2,258.25,164,35,258.25,164,0,252.958333333333
"15895",2011-07-13 10:27:00,2011-07-13 10:27:00,1,179.17,94,11,179.17,94,0,149.099305555556
"15897",2011-05-29 13:32:00,2011-05-29 13:50:00,2,208.59,223,17,208.59,223,0,193.958333333333
"15898",2010-12-06 11:01:00,2011-12-08 15:23:00,5,1383.83,567,70,1379.63,565,1,0.89375
"15899",2010-12-06 10:36:00,2010-12-06 10:36:00,1,56.25,39,4,56.25,39,0,368.093055555556
"15900",2011-11-16 12:19:00,2011-11-16 12:19:00,1,337.28,216,44,337.28,216,0,23.0215277777778
"15901",2011-07-08 12:18:00,2011-11-23 12:43:00,3,351.73,379,102,351.73,379,0,16.0048611111111
"15903",2011-02-17 14:04:00,2011-11-30 08:08:00,7,5126.76,2410,46,5126.34,2409,1,9.19583333333333
"15904",2011-12-01 14:50:00,2011-12-01 14:50:00,1,164.68,84,30,164.68,84,0,7.91666666666667
"15906",2011-03-29 13:28:00,2011-11-20 12:24:00,7,1567.69,544,113,1521.79,538,1,19.0180555555556
"15907",2011-05-13 13:01:00,2011-12-06 12:21:00,3,882.72,478,175,882.72,478,0,3.02013888888889
"15909",2011-06-19 10:38:00,2011-06-19 10:38:00,1,191.94,98,7,191.94,98,0,173.091666666667
"15910",2011-01-27 11:55:00,2011-12-09 10:51:00,8,1228.88,1013,215,1228.88,1013,0,0.0826388888888889
"15912",2011-04-20 17:10:00,2011-06-14 14:29:00,2,264.62,185,19,264.62,185,0,177.93125
"15916",2010-12-08 13:07:00,2011-11-23 13:46:00,8,1502.86,752,124,1466.01,747,2,15.9611111111111
"15917",2011-04-06 10:40:00,2011-04-06 10:40:00,1,123.1,42,12,123.1,42,0,247.090277777778
"15918",2011-03-13 15:55:00,2011-06-02 11:42:00,2,334.23,153,33,334.23,153,0,190.047222222222
"15919",2010-12-06 11:26:00,2011-11-20 11:28:00,2,525.69,385,103,525.69,385,0,19.0569444444444
"15920",2011-07-08 15:16:00,2011-07-08 15:31:00,4,167.5,99,53,167.5,99,0,153.888194444444
"15921",2011-06-20 11:03:00,2011-06-20 11:03:00,1,323.03,162,24,323.03,162,0,172.074305555556
"15922",2010-12-01 13:51:00,2010-12-01 13:51:00,1,369.5,138,11,363.6,136,1,372.957638888889
"15923",2010-12-02 12:16:00,2010-12-02 12:16:00,1,127.08,122,21,127.08,122,0,372.023611111111
"15925",2011-05-29 15:35:00,2011-05-29 15:35:00,1,207.15,93,12,207.15,93,0,193.885416666667
"15930",2011-10-03 14:52:00,2011-10-03 14:52:00,1,426.63,139,21,426.63,139,0,66.9152777777778
"15932",2011-02-23 14:50:00,2011-12-05 17:13:00,8,2495.87,2325,93,2461.85,2311,3,3.81736111111111
"15933",2011-09-14 12:05:00,2011-11-18 13:14:00,3,1107.46,885,63,1107.46,885,0,20.9833333333333
"15935",2011-04-12 09:35:00,2011-04-14 13:27:00,2,416.86,115,12,416.86,115,0,238.974305555556
"15937",2011-10-06 15:48:00,2011-10-06 15:48:00,1,145.35,73,7,145.35,73,0,63.8763888888889
"15938",2011-01-20 10:11:00,2011-08-19 12:56:00,5,404.58,240,13,404.58,240,0,111.995833333333
"15939",2011-01-12 12:43:00,2011-09-11 11:30:00,15,6115.01,4728,28,6102.26,4725,1,89.0555555555556
"15940",2011-02-01 16:18:00,2011-02-01 16:18:00,1,35.8,4,1,31.8,3,1,310.855555555556
"15942",2011-07-29 09:01:00,2011-07-29 09:01:00,1,337.44,232,14,337.44,232,0,133.159027777778
"15944",2011-03-08 10:33:00,2011-03-08 10:33:00,1,325.1,50,6,325.1,50,0,276.095138888889
"15945",2010-12-09 13:14:00,2010-12-09 13:14:00,1,181,52,2,181,52,0,364.983333333333
"15947",2011-09-18 10:46:00,2011-09-18 10:46:00,1,1708.24,898,29,1708.24,898,0,82.0861111111111
"15948",2011-10-27 08:35:00,2011-12-01 15:32:00,2,955.24,567,51,955.24,567,0,7.8875
"15949",2011-09-29 17:34:00,2011-11-23 09:09:00,2,364.72,284,12,364.72,284,0,16.1534722222222
"15950",2010-12-15 11:56:00,2011-11-08 11:09:00,4,1744.71,719,86,1684.46,712,1,31.0701388888889
"15951",2011-02-27 11:57:00,2011-12-01 08:34:00,2,708.22,313,36,669.57,306,1,8.17777777777778
"15952",2011-04-28 12:55:00,2011-11-06 11:18:00,4,781.91,391,65,781.91,391,0,33.0638888888889
"15953",2010-12-05 15:15:00,2011-11-24 15:32:00,8,1657.28,891,63,1632.43,884,2,14.8875
"15955",2010-12-02 11:22:00,2011-11-15 14:15:00,14,4416.26,2135,137,4389.81,2124,2,23.9409722222222
"15957",2011-11-08 12:14:00,2011-11-08 12:14:00,1,428.89,211,40,428.89,211,0,31.025
"15958",2011-09-26 13:41:00,2011-09-26 13:41:00,1,104.35,33,7,104.35,33,0,73.9645833333333
"15963",2011-10-25 13:05:00,2011-11-20 11:33:00,2,470.76,298,26,470.76,298,0,19.0534722222222
"15965",2010-12-07 13:18:00,2011-11-22 16:44:00,4,808.87,434,88,808.87,434,0,16.8375
"15967",2011-01-25 11:57:00,2011-11-16 15:41:00,2,397.68,205,73,397.68,205,0,22.88125
"15969",2011-06-07 12:19:00,2011-12-07 11:06:00,3,666.1,124,20,582.9,120,1,2.07222222222222
"15970",2011-02-09 12:08:00,2011-02-09 12:08:00,1,314.1,116,11,314.1,116,0,303.029166666667
"15971",2011-02-01 16:47:00,2011-11-22 12:50:00,12,4199.85,1717,10,4199.85,1717,0,17
"15973",2010-12-08 11:42:00,2010-12-08 11:42:00,1,307.82,106,4,99.77,87,2,366.047222222222
"15974",2011-02-24 10:10:00,2011-10-31 13:13:00,7,3442.15,2262,141,3429.55,2256,1,38.9840277777778
"15975",2011-09-16 13:33:00,2011-09-16 13:33:00,1,371.01,243,24,371.01,243,0,83.9701388888889
"15976",2011-05-03 17:12:00,2011-06-27 13:00:00,2,427.64,275,83,427.64,275,0,164.993055555556
"15977",2011-10-31 16:24:00,2011-11-22 13:29:00,2,1054.73,1016,48,1054.73,1016,0,16.9729166666667
"15978",2011-09-23 15:21:00,2011-09-23 15:21:00,1,1098.78,888,49,1098.78,888,0,76.8951388888889
"15980",2011-03-30 15:05:00,2011-09-12 09:41:00,3,2398.86,1560,40,2398.86,1560,0,88.13125
"15981",2011-02-01 13:50:00,2011-11-15 08:00:00,8,3408.48,1866,53,3408.48,1866,0,24.2013888888889
"15983",2010-12-01 12:15:00,2011-11-17 17:34:00,4,1465.12,886,82,1465.12,886,0,21.8027777777778
"15984",2010-12-06 13:21:00,2011-12-07 12:16:00,10,2780.63,1815,217,2759.93,1805,1,2.02361111111111
"15985",2011-04-17 11:04:00,2011-08-08 16:31:00,2,1142.42,1086,29,1037.42,836,1,122.846527777778
"15986",2011-11-09 15:17:00,2011-11-09 15:17:00,1,168.12,268,14,168.12,268,0,29.8979166666667
"15987",2010-12-06 08:34:00,2011-11-27 15:38:00,7,1432.77,1533,110,1432.77,1533,0,11.8833333333333
"15988",2011-11-20 13:23:00,2011-11-20 13:23:00,1,156.78,180,26,156.78,180,0,18.9770833333333
"15990",2011-02-25 15:35:00,2011-10-26 15:58:00,2,792.11,443,52,792.11,443,0,43.8694444444444
"15992",2011-12-06 11:00:00,2011-12-06 11:00:00,1,41.99,17,3,41.99,17,0,3.07638888888889
"15993",2011-10-26 16:21:00,2011-12-01 10:45:00,7,2777.67,2037,335,2736.92,2028,3,8.08680555555556
"15994",2011-10-16 12:28:00,2011-10-16 12:28:00,1,414.27,173,31,414.27,173,0,54.0152777777778
"15996",2010-12-08 15:59:00,2011-09-12 15:14:00,6,1032.58,380,103,1016.68,378,1,87.9
"15998",2010-12-12 13:32:00,2011-11-03 12:45:00,5,3080.22,2032,370,3074.42,2028,1,36.0034722222222
"16000",2011-12-07 12:14:00,2011-12-07 12:17:00,3,12393.7,5110,9,12393.7,5110,0,2.02291666666667
"16003",2010-12-15 12:09:00,2011-11-10 09:57:00,5,2735.37,1185,82,2735.37,1185,0,29.1201388888889
"16005",2011-03-14 11:46:00,2011-11-27 13:47:00,4,578.71,280,173,578.71,280,0,11.9604166666667
"16006",2011-05-12 13:12:00,2011-05-12 13:12:00,1,101.4,84,8,101.4,84,0,210.984722222222
"16007",2011-05-08 13:32:00,2011-10-23 11:05:00,4,1693.81,1388,221,1693.81,1388,0,47.0729166666667
"16008",2011-05-19 10:54:00,2011-11-16 10:32:00,3,478.78,323,29,478.78,323,0,23.0958333333333
"16009",2011-07-03 11:26:00,2011-11-17 16:51:00,4,972.11,366,68,972.11,366,0,21.8326388888889
"16010",2010-12-12 12:18:00,2011-04-08 10:14:00,3,392.4,202,62,392.4,202,0,245.108333333333
"16011",2010-12-08 16:34:00,2011-12-01 16:31:00,16,3352.96,2035,99,3352.96,2035,0,7.84652777777778
"16012",2011-07-07 18:02:00,2011-11-04 13:25:00,3,1415.29,799,87,1415.29,799,0,34.9756944444444
"16013",2010-12-03 13:09:00,2011-12-06 10:36:00,47,37130.6,15536,30,33366.25,13845,7,3.09305555555556
"16014",2011-02-21 17:42:00,2011-11-02 12:04:00,3,646.83,258,123,637.58,254,1,37.0319444444444
"16015",2011-10-21 12:56:00,2011-12-06 10:58:00,3,704.55,907,146,689.7,904,1,3.07777777777778
"16016",2010-12-08 12:36:00,2011-12-06 14:35:00,8,1465.51,602,156,1440.06,600,2,2.92708333333333
"16017",2011-10-23 12:56:00,2011-10-23 12:56:00,1,211.88,102,26,211.88,102,0,46.9958333333333
"16018",2011-06-12 13:52:00,2011-10-31 14:13:00,2,408.9,190,26,408.9,190,0,38.9423611111111
"16019",2010-12-10 12:29:00,2011-10-24 11:51:00,9,3786.24,1733,133,3450.24,1649,1,46.0409722222222
"16020",2011-10-05 13:54:00,2011-11-23 11:18:00,3,851.01,487,42,851.01,487,0,16.0638888888889
"16022",2011-03-24 13:16:00,2011-03-24 13:16:00,1,602.63,255,68,602.63,255,0,259.981944444444
"16023",2011-03-18 13:32:00,2011-10-24 16:34:00,3,719.81,358,90,719.81,358,0,45.8444444444444
"16024",2011-11-27 13:26:00,2011-11-27 13:26:00,1,251.03,397,61,251.03,397,0,11.975
"16025",2011-11-10 11:45:00,2011-11-10 11:45:00,1,439.66,338,28,439.66,338,0,29.0451388888889
"16026",2011-10-27 13:53:00,2011-10-27 13:53:00,1,236.09,243,30,236.09,243,0,42.95625
"16027",2011-02-10 12:19:00,2011-09-09 10:47:00,6,934.62,1147,11,852.12,1146,1,91.0854166666667
"16029",2010-12-01 09:57:00,2011-11-01 10:27:00,63,80850.84,40108,44,53168.69,33632,13,38.0993055555556
"16030",2011-02-03 11:28:00,2011-02-03 11:28:00,1,331.24,283,28,331.24,283,0,309.056944444444
"16031",2011-04-06 14:23:00,2011-09-08 13:07:00,2,547.9,421,91,547.9,421,0,91.9881944444444
"16033",2010-12-05 10:36:00,2011-12-04 12:44:00,20,8778.82,3529,538,8690.03,3506,7,5.00416666666667
"16034",2011-01-11 11:54:00,2011-05-27 16:17:00,3,437.7,242,18,437.7,242,0,195.85625
"16036",2011-03-21 13:01:00,2011-09-13 14:53:00,2,758.92,716,55,758.92,716,0,86.9145833333333
"16037",2010-12-16 10:18:00,2011-03-15 09:13:00,3,855.02,428,37,855.02,428,0,269.150694444444
"16038",2011-05-22 11:29:00,2011-12-02 12:40:00,3,471.78,244,24,454.33,241,1,7.00694444444444
"16040",2011-03-16 09:58:00,2011-10-05 13:47:00,3,1313.55,684,57,1313.55,684,0,64.9604166666667
"16041",2011-07-21 16:27:00,2011-11-09 12:25:00,3,3166.4,1584,6,3166.4,1584,0,30.0173611111111
"16042",2011-01-11 13:25:00,2011-11-17 17:50:00,5,1177.47,743,68,1127.57,733,2,21.7916666666667
"16043",2011-01-26 11:14:00,2011-11-02 12:50:00,4,773.99,503,30,773.99,503,0,37
"16045",2011-02-22 14:55:00,2011-08-12 12:41:00,4,1340.7,897,71,1340.7,897,0,119.00625
"16048",2010-12-01 15:27:00,2010-12-01 15:28:00,2,256.44,144,8,243.69,143,1,372.890277777778
"16049",2011-09-25 14:33:00,2011-10-30 13:19:00,3,1074.81,763,248,1074.81,763,0,39.9798611111111
"16050",2011-06-19 11:44:00,2011-06-19 11:44:00,1,137.9,278,10,137.9,278,0,173.045833333333
"16052",2011-10-16 15:13:00,2011-10-16 15:13:00,1,362.06,282,34,362.06,282,0,53.9006944444444
"16053",2011-08-09 14:57:00,2011-11-07 11:21:00,2,1511.95,1793,81,1511.95,1793,0,32.0618055555556
"16054",2011-07-17 13:08:00,2011-07-17 13:08:00,1,783.9,380,70,783.9,380,0,144.9875
"16055",2011-05-03 09:26:00,2011-05-03 09:26:00,1,134.8,22,8,134.8,22,0,220.141666666667
"16056",2011-10-25 15:19:00,2011-10-25 15:19:00,1,650.75,345,66,650.75,345,0,44.8965277777778
"16057",2011-02-28 10:35:00,2011-11-23 15:23:00,7,2263.12,863,109,2140.22,833,3,15.89375
"16059",2010-12-07 10:36:00,2011-10-05 09:56:00,6,1453.16,641,126,1453.16,641,0,65.1208333333333
"16062",2010-12-10 12:00:00,2011-11-30 12:15:00,4,1153.62,800,50,1153.62,800,0,9.02430555555556
"16063",2011-03-24 14:55:00,2011-03-24 14:56:00,1,335.32,262,23,335.32,262,0,259.9125
"16065",2010-12-09 13:03:00,2010-12-09 13:03:00,1,367.14,228,71,367.14,228,0,364.990972222222
"16066",2011-08-07 14:33:00,2011-11-23 11:54:00,5,1521.04,935,77,1521.04,935,0,16.0388888888889
"16070",2011-11-07 16:36:00,2011-11-17 15:50:00,2,852.15,457,32,852.15,457,0,21.875
"16071",2011-10-26 11:14:00,2011-10-26 11:14:00,1,326.24,180,21,326.24,180,0,44.0666666666667
"16072",2011-02-24 14:32:00,2011-02-24 14:32:00,1,584.32,140,23,584.32,140,0,287.929166666667
"16073",2011-02-15 15:41:00,2011-02-15 15:41:00,1,122.4,48,1,94.35,37,1,296.88125
"16076",2011-05-15 12:31:00,2011-12-06 14:59:00,10,2234.73,1435,71,2173.53,1363,1,2.91041666666667
"16078",2011-03-01 09:47:00,2011-03-01 09:47:00,1,79.2,16,1,79.2,16,0,283.127083333333
"16079",2011-10-30 13:06:00,2011-11-23 12:48:00,3,1352,864,18,1352,864,0,16.0013888888889
"16080",2011-03-10 14:44:00,2011-09-19 10:42:00,2,217.16,128,10,176.6,104,1,81.0888888888889
"16081",2010-12-08 11:16:00,2011-10-14 13:06:00,5,2799.42,1473,175,2799.42,1473,0,55.9888888888889
"16083",2010-12-14 11:51:00,2011-08-31 10:47:00,2,1317.62,908,31,1317.62,908,0,100.085416666667
"16084",2011-02-13 16:05:00,2011-02-13 16:05:00,1,436.18,216,38,436.18,216,0,298.864583333333
"16085",2011-01-23 12:07:00,2011-11-16 13:24:00,5,981.51,636,123,981.51,636,0,22.9763888888889
"16086",2010-12-07 13:45:00,2011-10-11 13:09:00,5,1121.39,511,24,1119.31,510,1,58.9868055555556
"16091",2011-05-25 09:18:00,2011-07-08 08:45:00,2,315.06,154,16,315.06,154,0,154.170138888889
"16092",2011-03-30 15:38:00,2011-08-17 10:46:00,3,817.86,628,37,779.36,602,2,114.086111111111
"16093",2011-08-25 11:09:00,2011-08-25 11:09:00,1,17,20,1,17,20,0,106.070138888889
"16094",2011-05-04 13:57:00,2011-11-28 12:45:00,4,1078.23,647,48,1041.83,633,2,11.0034722222222
"16096",2011-03-20 13:38:00,2011-03-20 13:38:00,1,320.62,155,12,320.62,155,0,263.966666666667
"16097",2011-04-13 13:47:00,2011-04-13 13:47:00,1,185.05,87,10,185.05,87,0,239.960416666667
"16098",2010-12-01 09:45:00,2011-09-13 09:59:00,7,2005.63,613,34,2005.63,613,0,87.11875
"16099",2011-04-28 08:34:00,2011-10-20 13:13:00,3,731.9,434,29,731.9,434,0,49.9840277777778
"16101",2011-09-30 10:18:00,2011-09-30 10:18:00,1,1290.7,757,76,1245.96,738,2,70.1055555555556
"16102",2011-08-03 12:50:00,2011-10-28 13:19:00,3,1842.14,942,41,1842.14,942,0,41.9798611111111
"16103",2011-04-20 12:28:00,2011-12-02 14:16:00,6,1429.64,558,30,1429.64,558,0,6.94027777777778
"16104",2011-10-09 10:23:00,2011-10-09 10:23:00,1,298.21,122,28,298.21,122,0,61.1020833333333
"16105",2011-04-05 10:13:00,2011-04-05 10:13:00,1,336.96,330,13,336.96,330,0,248.109027777778
"16106",2011-10-05 10:37:00,2011-10-05 10:37:00,1,108.38,74,6,108.38,74,0,65.0923611111111
"16107",2011-06-09 18:42:00,2011-11-22 09:40:00,7,3204.16,1176,16,3204.16,1176,0,17.1319444444444
"16108",2011-09-16 11:48:00,2011-09-16 11:48:00,1,842.5,615,48,816.1,599,1,84.0430555555556
"16109",2011-02-04 12:37:00,2011-05-05 09:17:00,2,611.88,612,18,611.88,612,0,218.147916666667
"16110",2011-02-01 14:01:00,2011-10-25 14:35:00,3,1320.95,720,283,1320.95,720,0,44.9270833333333
"16112",2011-01-05 11:47:00,2011-07-19 14:28:00,4,195.74,574,15,195.74,574,0,142.931944444444
"16113",2011-06-09 16:16:00,2011-06-09 16:16:00,1,161.38,176,30,161.38,176,0,182.856944444444
"16114",2011-06-22 10:13:00,2011-06-22 10:13:00,1,135.75,43,8,135.75,43,0,170.109027777778
"16115",2011-02-20 12:14:00,2011-11-30 11:32:00,8,1660.88,994,169,1660.88,994,0,9.05416666666667
"16116",2011-05-12 12:01:00,2011-05-12 12:01:00,1,612.78,248,34,592.88,246,1,211.034027777778
"16117",2011-06-03 11:42:00,2011-06-03 11:42:00,1,232.21,130,30,232.21,130,0,189.047222222222
"16119",2011-09-28 10:15:00,2011-12-01 15:11:00,2,423.36,240,14,423.36,240,0,7.90208333333333
"16120",2011-10-11 14:10:00,2011-10-11 14:22:00,4,1309.14,878,26,1294.14,866,1,58.9361111111111
"16121",2011-05-08 11:52:00,2011-10-13 12:59:00,2,854.66,576,170,854.66,576,0,56.99375
"16122",2010-12-08 11:41:00,2011-09-27 15:34:00,4,684.42,1128,26,684.42,1128,0,72.8861111111111
"16123",2011-10-19 09:18:00,2011-10-19 09:18:00,1,307.78,170,16,307.78,170,0,51.1472222222222
"16124",2011-01-26 14:45:00,2011-01-26 14:45:00,1,249,48,11,187.15,41,1,316.920138888889
"16125",2010-12-07 15:48:00,2010-12-07 15:48:00,1,289.35,124,13,289.35,124,0,366.876388888889
"16126",2011-02-16 11:18:00,2011-11-10 16:03:00,4,6287.77,2125,57,6287.77,2125,0,28.8659722222222
"16127",2011-10-31 13:58:00,2011-10-31 13:58:00,1,656.25,323,40,656.25,323,0,38.9527777777778
"16128",2011-03-02 12:21:00,2011-11-22 11:14:00,5,1880.22,988,76,1880.22,988,0,17.0666666666667
"16131",2011-04-14 08:32:00,2011-10-19 11:53:00,6,3506.54,1802,55,3506.54,1802,0,51.0395833333333
"16133",2011-01-25 15:55:00,2011-12-06 11:24:00,33,14589.04,8887,219,14305.66,8737,13,3.05972222222222
"16134",2010-12-15 14:00:00,2011-11-18 10:05:00,2,618.09,371,34,603.69,357,1,21.1145833333333
"16135",2011-03-22 12:30:00,2011-03-22 12:30:00,1,517.55,209,21,517.55,209,0,262.013888888889
"16136",2011-03-07 09:52:00,2011-10-11 09:10:00,3,709.38,440,35,709.38,440,0,59.1527777777778
"16139",2011-05-17 10:23:00,2011-11-21 08:37:00,3,635.41,330,25,635.41,330,0,18.1756944444444
"16140",2010-12-03 14:40:00,2011-10-05 12:15:00,2,725.18,730,32,703.77,727,2,65.0243055555556
"16141",2011-09-12 13:11:00,2011-09-12 13:11:00,1,620.4,238,30,620.4,238,0,87.9854166666667
"16142",2011-04-04 10:16:00,2011-04-04 10:16:00,1,535.34,422,37,535.34,422,0,249.106944444444
"16143",2010-12-05 15:18:00,2011-12-06 14:13:00,6,2424.94,919,75,2419.84,917,1,2.94236111111111
"16144",2011-04-07 10:09:00,2011-04-07 10:09:00,1,175.2,16,1,175.2,16,0,246.111805555556
"16145",2010-12-15 09:09:00,2011-12-01 10:33:00,11,3799.49,3123,134,3741.98,3072,7,8.09513888888889
"16146",2011-04-21 15:25:00,2011-07-05 14:20:00,3,734.13,427,26,734.13,427,0,156.9375
"16147",2011-07-29 09:57:00,2011-07-29 09:57:00,1,375,246,22,375,246,0,133.120138888889
"16148",2011-02-16 14:01:00,2011-02-16 14:01:00,1,76.32,72,1,76.32,72,0,295.950694444444
"16149",2011-07-20 14:54:00,2011-12-05 11:29:00,2,280.52,308,18,280.52,308,0,4.05625
"16150",2010-12-02 18:27:00,2011-10-28 12:39:00,5,2053.02,1047,91,1906.07,1004,5,42.0076388888889
"16152",2011-03-16 09:47:00,2011-03-16 09:47:00,1,1829.04,642,29,1829.04,642,0,268.127083333333
"16153",2010-12-20 09:22:00,2011-10-21 10:50:00,5,1824.23,1073,78,1824.23,1073,0,49.0833333333333
"16156",2011-02-02 12:02:00,2011-12-01 12:42:00,9,3092.04,1273,108,2994.62,1235,4,8.00555555555556
"16157",2011-09-28 11:48:00,2011-11-24 11:41:00,3,656.69,347,12,644.24,344,1,15.0479166666667
"16159",2011-03-03 12:27:00,2011-03-03 12:27:00,1,348.2,236,14,348.2,236,0,281.015972222222
"16160",2011-09-15 10:53:00,2011-10-05 14:19:00,2,1025.44,1162,20,1009.45,1153,2,64.9381944444444
"16161",2010-12-06 10:03:00,2011-12-08 12:10:00,19,5533.67,2583,286,5311.08,2490,7,1.02777777777778
"16162",2011-04-01 15:03:00,2011-04-01 15:03:00,1,37.4,4,2,37.4,4,0,251.907638888889
"16163",2010-12-09 16:28:00,2011-04-21 15:15:00,2,856.6,192,5,441.6,92,1,231.899305555556
"16164",2011-10-28 09:12:00,2011-11-22 15:04:00,3,822.48,433,27,802.53,432,1,16.9069444444444
"16168",2010-12-05 11:38:00,2011-11-29 12:45:00,27,3787.6,1892,57,3770.6,1888,1,10.0034722222222
"16169",2011-09-25 11:33:00,2011-12-01 15:28:00,4,1822.97,1325,71,1822.97,1325,0,7.89027777777778
"16170",2011-04-05 13:42:00,2011-10-20 08:21:00,6,1885.05,1770,106,1880.42,1766,1,50.1868055555556
"16171",2011-10-11 14:51:00,2011-10-11 14:51:00,1,73.2,24,3,73.2,24,0,58.9159722222222
"16172",2011-04-12 12:02:00,2011-09-05 13:22:00,5,1140.21,787,52,1140.21,787,0,94.9777777777778
"16173",2011-09-02 15:23:00,2011-11-24 10:53:00,6,1418.32,575,70,1406.57,571,1,15.08125
"16174",2011-07-11 09:23:00,2011-08-05 13:26:00,3,1009.55,651,19,1009.55,651,0,125.975
"16175",2011-04-13 14:38:00,2011-09-06 14:32:00,4,1037.59,533,45,1037.59,533,0,93.9291666666667
"16177",2011-10-20 12:57:00,2011-10-20 12:57:00,1,331.95,95,15,331.95,95,0,49.9951388888889
"16178",2011-07-24 16:05:00,2011-07-24 16:05:00,1,197.9,94,8,197.9,94,0,137.864583333333
"16179",2011-10-10 09:41:00,2011-10-10 09:41:00,1,215.83,99,11,215.83,99,0,60.13125
"16180",2011-04-01 10:23:00,2011-08-31 16:28:00,8,10254.18,5867,90,10217.48,5853,2,99.8486111111111
"16181",2011-09-27 13:38:00,2011-09-27 13:38:00,1,305.54,152,11,305.54,152,0,72.9666666666667
"16182",2011-02-18 10:11:00,2011-09-28 13:23:00,4,6617.65,3791,17,6617.65,3791,0,71.9770833333333
"16183",2011-10-03 14:59:00,2011-10-03 14:59:00,1,338.71,113,15,338.71,113,0,66.9104166666667
"16184",2011-05-12 13:33:00,2011-10-06 17:43:00,6,1158.79,561,26,1155.54,560,1,63.7965277777778
"16185",2011-04-21 11:59:00,2011-11-23 09:41:00,2,529.41,260,31,529.41,260,0,16.13125
"16186",2010-12-02 14:40:00,2011-11-17 12:43:00,12,4006.94,3020,87,3991.94,3008,1,22.0048611111111
"16187",2011-02-28 13:34:00,2011-11-08 09:50:00,15,6911.44,5048,160,6841.24,5004,2,31.125
"16188",2011-04-11 09:44:00,2011-10-26 12:19:00,4,981.86,782,65,981.86,782,0,44.0215277777778
"16189",2011-09-15 15:21:00,2011-11-24 11:47:00,2,215.48,134,9,215.48,134,0,15.04375
"16190",2011-10-30 15:59:00,2011-10-30 15:59:00,1,215.08,88,6,215.08,88,0,39.86875
"16191",2010-12-14 12:38:00,2011-12-07 11:26:00,13,5180.52,3351,65,4913.32,3203,12,2.05833333333333
"16193",2011-04-17 11:45:00,2011-04-17 11:45:00,1,314.45,219,19,314.45,219,0,236.045138888889
"16198",2011-09-25 14:58:00,2011-09-25 14:58:00,1,400.681,129,15,400.681,129,0,74.9111111111111
"16200",2011-06-28 15:47:00,2011-12-05 14:40:00,2,1068.87,516,149,1068.87,516,0,3.92361111111111
"16201",2011-08-22 10:47:00,2011-12-06 16:02:00,4,1863.47,1286,74,1821.52,1267,1,2.86666666666667
"16202",2010-12-14 10:43:00,2010-12-14 10:43:00,1,365.27,191,18,365.27,191,0,360.088194444444
"16203",2010-12-02 15:39:00,2011-10-12 12:31:00,4,592.9,262,27,589.15,261,1,58.0131944444444
"16204",2011-11-16 13:40:00,2011-11-16 13:40:00,1,384.18,218,45,384.18,218,0,22.9652777777778
"16205",2011-06-13 11:33:00,2011-11-09 09:32:00,4,757.63,516,73,757.63,516,0,30.1375
"16206",2011-01-16 11:07:00,2011-10-16 10:41:00,4,537.06,272,52,537.06,272,0,54.0895833333333
"16207",2011-11-14 13:51:00,2011-11-14 13:51:00,1,394.38,140,19,394.38,140,0,24.9576388888889
"16208",2011-02-23 13:37:00,2011-10-26 11:36:00,2,664.26,333,61,664.26,333,0,44.0513888888889
"16209",2011-04-07 12:23:00,2011-09-12 11:58:00,5,2262.62,1179,37,2262.62,1179,0,88.0361111111111
"16210",2010-12-01 12:27:00,2011-12-08 12:36:00,18,21086.3,7559,74,21086.3,7559,0,1.00972222222222
"16211",2011-09-12 12:11:00,2011-09-12 12:11:00,1,547.02,154,23,542.77,153,1,88.0270833333333
"16212",2011-03-01 12:51:00,2011-11-20 13:00:00,2,690.34,244,40,681.19,241,1,18.9930555555556
"16213",2011-09-22 10:03:00,2011-09-22 10:03:00,1,159,48,6,159,48,0,78.1159722222222
"16214",2011-03-15 13:23:00,2011-06-22 11:30:00,3,1062.75,420,36,1062.75,420,0,170.055555555556
"16215",2011-09-20 10:18:00,2011-09-20 10:18:00,1,242.35,104,14,242.35,104,0,80.1055555555556
"16216",2011-03-17 15:34:00,2011-03-17 15:34:00,1,914.93,254,37,914.93,254,0,266.886111111111
"16217",2011-03-02 15:28:00,2011-04-18 13:31:00,2,304.25,91,13,259.39,76,2,234.971527777778
"16218",2010-12-01 11:29:00,2011-11-10 09:59:00,7,3084.68,2088,56,3054.87,2077,1,29.11875
"16221",2010-12-07 13:13:00,2011-11-03 11:43:00,3,860.86,714,90,860.86,714,0,36.0465277777778
"16222",2011-01-25 13:38:00,2011-01-25 13:38:00,1,773.55,325,120,773.55,325,0,317.966666666667
"16224",2011-04-04 12:00:00,2011-10-13 17:51:00,4,1295.3,1116,90,1295.3,1116,0,56.7909722222222
"16225",2011-03-07 12:17:00,2011-10-26 08:30:00,5,1096.32,493,109,1096.32,493,0,44.1805555555556
"16226",2011-04-18 12:58:00,2011-05-20 14:41:00,3,255.12,192,6,255.12,192,0,202.922916666667
"16227",2011-04-28 13:33:00,2011-04-28 13:33:00,1,314.22,90,6,308.32,88,1,224.970138888889
"16229",2011-05-11 10:18:00,2011-09-13 17:16:00,2,1010.6,318,46,1010.6,318,0,86.8152777777778
"16230",2011-05-03 15:12:00,2011-06-03 10:06:00,2,542.03,365,32,542.03,365,0,189.113888888889
"16232",2011-05-08 14:05:00,2011-10-27 12:16:00,4,990.88,550,24,983.23,547,1,43.0236111111111
"16233",2010-12-08 12:51:00,2011-09-29 17:27:00,3,536.68,174,22,422.13,165,2,70.8076388888889
"16235",2011-01-11 15:42:00,2011-10-30 10:56:00,5,867.31,330,42,858.41,328,1,40.0791666666667
"16236",2011-09-22 14:10:00,2011-09-22 14:10:00,1,432.2,184,20,432.2,184,0,77.9444444444444
"16239",2011-06-03 09:30:00,2011-10-14 08:29:00,2,414.2,228,18,372.9,218,1,56.18125
"16240",2011-09-23 13:44:00,2011-11-15 14:30:00,2,3718.8,1641,126,3693.81,1634,3,23.9305555555556
"16241",2010-12-05 11:04:00,2011-11-30 11:08:00,13,2590.31,1443,347,2590.31,1443,0,9.07083333333333
"16242",2011-03-07 17:04:00,2011-12-01 15:12:00,7,3579.86,1969,184,3574.91,1968,1,7.90138888888889
"16243",2011-10-16 12:09:00,2011-11-06 12:32:00,2,409.1,110,49,409.1,110,0,33.0125
"16244",2010-12-02 11:41:00,2011-05-12 10:18:00,2,1522.75,855,88,1522.75,855,0,211.105555555556
"16245",2011-03-28 09:30:00,2011-11-16 10:14:00,3,1413.66,1014,80,1352.36,1008,2,23.1083333333333
"16247",2011-06-22 14:23:00,2011-06-22 14:23:00,1,114.56,182,16,114.56,182,0,169.935416666667
"16248",2011-10-09 11:32:00,2011-10-09 11:32:00,1,152.94,78,7,152.94,78,0,61.0541666666667
"16249",2011-04-14 13:50:00,2011-10-18 10:07:00,5,1800.07,950,67,1800.07,950,0,52.1131944444444
"16250",2010-12-01 09:59:00,2011-03-23 15:07:00,2,389.44,208,22,389.44,208,0,260.904861111111
"16253",2011-03-29 13:33:00,2011-10-04 09:09:00,2,3683.86,3233,114,3665.62,3137,1,66.1534722222222
"16255",2010-12-09 14:25:00,2011-11-23 12:40:00,8,2619.91,1767,146,2609.3,1760,2,16.0069444444444
"16256",2011-03-18 12:18:00,2011-03-18 12:18:00,1,752.43,581,13,732.63,577,1,266.022222222222
"16257",2011-06-16 10:11:00,2011-06-16 10:11:00,1,46.95,2,2,46.95,2,0,176.110416666667
"16258",2011-05-04 14:33:00,2011-10-25 13:30:00,5,5203.51,2994,111,5203.51,2994,0,44.9722222222222
"16260",2011-10-20 09:40:00,2011-10-20 09:40:00,1,1035.45,311,18,1035.45,311,0,50.1319444444444
"16261",2011-04-07 19:05:00,2011-11-22 17:23:00,4,728.54,301,98,728.54,301,0,16.8104166666667
"16265",2010-12-10 10:21:00,2011-11-30 16:41:00,9,5447,2646,164,5423.15,2627,2,8.83958333333333
"16266",2011-05-17 14:50:00,2011-09-27 12:08:00,7,861.89,398,44,861.89,398,0,73.0291666666667
"16268",2011-09-29 18:30:00,2011-09-29 18:30:00,2,667.65,533,45,667.65,533,0,70.7638888888889
"16270",2010-12-21 14:26:00,2010-12-21 14:26:00,1,1141.24,688,54,1141.24,688,0,352.933333333333
"16271",2010-12-16 16:36:00,2011-12-07 12:45:00,5,1404.64,1024,89,1398.69,1023,1,2.00347222222222
"16272",2011-08-15 10:53:00,2011-08-15 10:54:00,1,411.7,224,25,411.7,224,0,116.080555555556
"16274",2010-12-01 15:35:00,2010-12-01 15:35:00,1,351.75,153,64,351.75,153,0,372.885416666667
"16275",2011-05-27 12:41:00,2011-05-27 12:41:00,1,559.87,336,33,559.87,336,0,196.00625
"16276",2011-06-16 09:34:00,2011-06-16 09:34:00,1,810.6,420,6,810.6,420,0,176.136111111111
"16278",2011-08-31 17:12:00,2011-08-31 17:12:00,1,566.38,114,23,537.83,109,2,99.8180555555556
"16279",2011-06-16 11:50:00,2011-11-18 15:00:00,3,1502.78,1046,102,1489.88,1044,1,20.9097222222222
"16281",2011-09-28 14:57:00,2011-09-28 14:57:00,1,2062.06,934,17,2062.06,934,0,71.9118055555556
"16282",2011-01-04 11:42:00,2011-01-04 11:42:00,1,168.3,114,11,168.3,114,0,339.047222222222
"16283",2011-05-15 13:37:00,2011-12-04 12:08:00,5,1570.81,1236,117,1531.51,1222,2,5.02916666666667
"16284",2011-10-20 13:54:00,2011-11-08 16:12:00,2,812.68,535,87,812.68,535,0,30.8597222222222
"16287",2011-06-23 09:08:00,2011-06-23 09:08:00,1,142.5,298,8,142.5,298,0,169.154166666667
"16292",2011-08-10 12:24:00,2011-08-10 12:24:00,1,302.25,191,17,280.9,188,1,121.018055555556
"16293",2010-12-07 15:02:00,2011-11-18 09:58:00,10,2248.99,982,102,2236.74,978,2,21.1194444444444
"16295",2011-10-06 10:45:00,2011-11-30 08:17:00,4,1328.55,841,70,1328.55,841,0,9.18958333333333
"16297",2011-03-16 08:29:00,2011-03-16 08:29:00,1,301.9,206,20,275.4,180,3,268.18125
"16298",2011-06-06 10:06:00,2011-11-17 11:59:00,3,598.2,198,22,598.2,198,0,22.0354166666667
"16302",2011-08-05 09:44:00,2011-08-05 09:44:00,1,233.22,158,11,212.82,134,1,126.129166666667
"16303",2011-01-10 14:16:00,2011-11-14 10:49:00,3,5360.63,2659,119,5305.83,2621,1,25.0840277777778
"16305",2011-07-24 12:18:00,2011-07-24 12:18:00,1,361.22,256,22,361.22,256,0,138.022222222222
"16306",2010-12-07 15:18:00,2011-05-10 12:12:00,6,632.27,487,36,602.27,471,3,213.026388888889
"16308",2011-03-23 14:46:00,2011-11-02 11:24:00,4,2560,8000,1,2560,8000,0,37.0597222222222
"16309",2011-04-13 11:46:00,2011-08-25 15:35:00,2,706.57,467,39,686.67,465,1,105.885416666667
"16311",2011-10-21 13:13:00,2011-11-22 08:54:00,2,616.26,394,35,616.26,394,0,17.1638888888889
"16313",2011-10-21 09:04:00,2011-12-06 13:02:00,2,274.15,165,16,274.15,165,0,2.99166666666667
"16315",2011-01-13 11:57:00,2011-01-13 11:57:00,1,226.37,75,14,226.37,75,0,330.036805555556
"16316",2010-12-16 14:26:00,2011-10-06 13:48:00,8,2938.91,1484,120,2755.56,1466,4,63.9597222222222
"16317",2011-02-15 14:30:00,2011-08-12 12:46:00,3,1341.65,890,64,1341.65,890,0,119.002777777778
"16318",2011-11-04 13:05:00,2011-11-04 13:05:00,1,328.15,199,19,328.15,199,0,34.9895833333333
"16319",2011-05-06 11:27:00,2011-05-06 11:27:00,1,404.4,72,3,404.4,72,0,217.057638888889
"16320",2011-05-10 15:31:00,2011-06-20 15:25:00,2,1038.46,732,56,1038.46,732,0,171.892361111111
"16321",2011-01-20 12:11:00,2011-09-28 14:55:00,5,373.65,135,7,230.7,78,2,71.9131944444444
"16322",2011-11-03 14:33:00,2011-12-08 15:41:00,2,326.75,231,28,326.75,231,0,0.88125
"16323",2011-05-27 14:48:00,2011-05-27 14:48:00,1,207.5,50,1,207.5,50,0,195.918055555556
"16324",2011-06-15 14:26:00,2011-08-03 12:58:00,3,408.59,270,100,408.59,270,0,127.994444444444
"16325",2011-04-08 09:20:00,2011-10-24 08:48:00,3,594.24,194,14,510.54,164,2,46.1680555555556
"16326",2011-01-09 12:01:00,2011-12-04 10:11:00,14,3039.22,682,158,3014.22,662,1,5.11041666666667
"16327",2010-12-05 12:43:00,2011-11-25 13:23:00,6,3820.27,2560,142,3820.27,2560,0,13.9770833333333
"16330",2011-08-19 17:08:00,2011-11-22 12:24:00,3,251.91,147,39,242.21,145,1,17.0180555555556
"16332",2011-02-07 14:16:00,2011-11-11 14:22:00,7,1582.8,797,125,1572.8,789,1,27.9361111111111
"16333",2011-02-03 10:50:00,2011-12-02 12:19:00,22,26626.8,32184,9,26626.8,32184,0,7.02152777777778
"16337",2011-11-03 10:03:00,2011-11-03 10:03:00,1,151.05,87,10,151.05,87,0,36.1159722222222
"16338",2011-07-05 13:56:00,2011-07-05 13:56:00,1,214.8,94,11,214.8,94,0,156.954166666667
"16339",2011-02-28 13:41:00,2011-02-28 13:41:00,1,94.05,21,17,94.05,21,0,283.964583333333
"16340",2011-08-24 14:53:00,2011-08-24 14:53:00,1,534.31,486,124,534.31,486,0,106.914583333333
"16341",2011-05-22 13:20:00,2011-11-15 09:12:00,4,1971.87,1398,60,1959.38,1388,2,24.1513888888889
"16342",2011-06-13 10:10:00,2011-09-25 14:36:00,4,322.41,157,10,322.41,157,0,74.9263888888889
"16343",2011-11-23 17:43:00,2011-11-23 17:45:00,2,328.58,175,29,328.58,175,0,15.7951388888889
"16344",2011-07-04 15:50:00,2011-07-04 15:50:00,1,101.1,18,1,101.1,18,0,157.875
"16345",2011-10-26 16:03:00,2011-10-26 16:03:00,1,565.46,288,35,565.46,288,0,43.8659722222222
"16347",2011-11-03 13:01:00,2011-11-28 13:14:00,2,847.45,341,61,847.45,341,0,10.9833333333333
"16348",2011-04-13 15:49:00,2011-11-07 15:44:00,7,1415.65,805,157,1415.65,805,0,31.8791666666667
"16349",2011-02-22 12:40:00,2011-02-22 12:40:00,1,53.5,9,9,53.5,9,0,290.006944444444
"16350",2011-01-10 09:44:00,2011-11-18 15:53:00,4,1116.47,545,40,1100.47,542,1,20.8729166666667
"16351",2011-01-11 10:26:00,2011-01-11 10:26:00,1,153.9,90,8,153.9,90,0,332.1
"16352",2011-11-02 08:44:00,2011-11-22 10:32:00,2,494.44,300,28,494.44,300,0,17.0958333333333
"16353",2010-12-05 12:09:00,2011-12-06 12:23:00,23,6675.71,2006,51,6675.71,2006,0,3.01875
"16354",2011-09-27 16:28:00,2011-10-07 14:28:00,2,395.8,150,38,395.8,150,0,62.9319444444444
"16356",2011-03-07 12:31:00,2011-05-26 11:51:00,3,211.77,93,20,210.32,92,1,197.040972222222
"16357",2011-05-10 10:35:00,2011-11-06 16:04:00,3,658.88,246,31,658.88,246,0,32.8652777777778
"16358",2011-06-08 15:05:00,2011-12-08 15:09:00,4,2027.5,1302,82,2024.95,1301,1,0.903472222222222
"16359",2011-01-12 10:49:00,2011-12-02 17:04:00,9,1750.92,1183,39,1460.37,1154,3,6.82361111111111
"16360",2011-09-12 13:50:00,2011-12-05 12:16:00,6,3450.41,2110,365,3349.57,2094,2,4.02361111111111
"16361",2011-09-29 13:13:00,2011-11-30 12:32:00,4,891.21,418,87,891.21,418,0,9.0125
"16362",2011-09-09 14:47:00,2011-11-07 13:01:00,5,709.99,340,58,627.29,314,4,31.9923611111111
"16363",2011-10-17 14:14:00,2011-10-17 14:14:00,1,109.36,52,5,109.36,52,0,52.9416666666667
"16364",2011-07-25 14:35:00,2011-11-28 11:27:00,2,705.79,279,48,705.79,279,0,11.0576388888889
"16365",2010-12-07 17:19:00,2011-11-22 11:24:00,9,1540.42,504,45,1540.42,504,0,17.0597222222222
"16366",2011-11-21 08:19:00,2011-11-21 08:19:00,1,327.3,256,18,327.3,256,0,18.1881944444444
"16367",2010-12-12 12:01:00,2011-11-02 13:13:00,2,800.67,643,123,800.67,643,0,36.9840277777778
"16368",2011-11-11 15:08:00,2011-12-07 13:12:00,2,479.91,251,58,479.91,251,0,1.98472222222222
"16369",2011-05-27 09:39:00,2011-11-21 16:25:00,3,1545.41,1030,91,1545.41,1030,0,17.8506944444444
"16370",2011-04-28 16:40:00,2011-09-18 15:55:00,4,1301.91,640,143,1301.91,640,0,81.8715277777778
"16372",2011-11-06 12:50:00,2011-11-06 13:08:00,2,355.73,158,86,355.73,158,0,32.9875
"16374",2011-03-22 13:46:00,2011-10-04 15:21:00,2,466.73,237,101,466.73,237,0,65.8951388888889
"16376",2011-11-22 16:47:00,2011-12-01 11:38:00,2,974.96,691,104,965.47,686,1,8.05
"16377",2011-03-17 15:41:00,2011-03-17 15:41:00,1,676.2,1500,5,676.2,1500,0,266.88125
"16378",2011-02-02 12:42:00,2011-04-06 15:07:00,3,362.95,267,22,362.95,267,0,246.904861111111
"16379",2011-09-22 09:33:00,2011-12-05 15:38:00,4,2157.4,1410,87,2131.9,1408,1,3.88333333333333
"16380",2011-10-09 15:40:00,2011-10-09 15:40:00,1,1743.15,1428,28,1743.15,1428,0,60.8819444444444
"16383",2011-03-16 13:00:00,2011-09-26 12:45:00,2,643.76,467,80,643.76,467,0,74.0034722222222
"16384",2011-03-21 10:13:00,2011-09-11 11:19:00,2,584.5,260,33,584.5,260,0,89.0631944444444
"16385",2010-12-08 12:56:00,2011-10-10 13:12:00,3,554.86,258,52,554.86,258,0,59.9847222222222
"16386",2011-03-31 12:19:00,2011-11-11 12:28:00,2,302.57,205,76,302.57,205,0,28.0152777777778
"16387",2011-01-21 11:34:00,2011-01-21 11:34:00,1,94.36,44,4,94.36,44,0,322.052777777778
"16389",2011-03-01 15:47:00,2011-10-17 14:41:00,4,1382.07,1242,33,1362.27,1230,1,52.9229166666667
"16392",2011-03-15 12:11:00,2011-03-15 12:11:00,1,217.89,201,41,217.89,201,0,269.027083333333
"16393",2010-12-05 13:10:00,2011-12-07 12:51:00,13,3040.96,1573,120,2935.8,1526,7,1.99930555555556
"16394",2011-02-23 10:58:00,2011-10-14 09:48:00,5,1555.34,2604,61,1412.06,2317,4,56.1263888888889
"16395",2011-01-13 12:10:00,2011-10-10 12:50:00,5,1482.06,1472,150,1482.06,1472,0,60
"16398",2011-03-31 09:38:00,2011-07-08 15:16:00,2,1705.8,758,75,1631.15,745,2,153.898611111111
"16399",2011-04-18 13:46:00,2011-11-20 16:12:00,2,408.02,263,68,408.02,263,0,18.8597222222222
"16400",2011-09-06 12:27:00,2011-09-06 12:27:00,1,303.93,172,28,303.93,172,0,94.0159722222222
"16401",2011-01-16 10:56:00,2011-12-08 18:15:00,12,4098.32,3882,66,4061.24,3858,8,0.774305555555556
"16402",2010-12-05 13:42:00,2011-03-20 12:25:00,2,293.45,146,55,293.45,146,0,264.017361111111
"16403",2011-01-31 13:39:00,2011-01-31 13:39:00,1,177.5,114,10,161.05,103,1,311.965972222222
"16404",2011-09-30 14:55:00,2011-09-30 14:55:00,1,443.05,157,23,443.05,157,0,69.9131944444444
"16405",2011-02-02 17:08:00,2011-02-10 15:24:00,2,167.25,187,3,167.25,187,0,301.893055555556
"16406",2011-11-21 11:57:00,2011-11-21 11:57:00,1,154.35,116,54,154.35,116,0,18.0368055555556
"16407",2011-01-31 14:02:00,2011-11-27 11:05:00,10,2079.68,1093,99,2079.68,1093,0,12.0729166666667
"16409",2011-01-26 14:51:00,2011-11-03 16:45:00,5,2022.98,1304,145,2022.98,1304,0,35.8368055555556
"16411",2010-12-05 13:26:00,2011-11-20 13:23:00,2,211.7,131,41,211.7,131,0,18.9770833333333
"16412",2011-10-17 12:35:00,2011-10-17 12:35:00,1,135.99,63,25,135.99,63,0,53.0104166666667
"16413",2011-10-14 12:08:00,2011-10-14 12:08:00,1,262.2,148,30,262.2,148,0,56.0291666666667
"16414",2011-03-04 13:27:00,2011-11-18 09:42:00,2,126.25,27,5,126.25,27,0,21.1305555555556
"16415",2011-10-26 13:35:00,2011-10-26 13:35:00,1,200.27,178,45,200.27,178,0,43.96875
"16416",2011-10-14 13:35:00,2011-11-13 12:50:00,3,1051.4,672,59,1026.99,655,1,26
"16418",2011-04-27 16:54:00,2011-10-26 12:39:00,3,631.12,280,76,631.12,280,0,44.0076388888889
"16419",2011-02-01 12:25:00,2011-08-19 12:33:00,6,958.71,428,36,945.96,427,1,112.011805555556
"16422",2010-12-05 15:35:00,2011-11-22 14:00:00,51,34684.4,33704,68,33805.69,32592,24,16.9513888888889
"16423",2011-11-15 09:21:00,2011-11-15 09:21:00,1,346.12,230,18,346.12,230,0,24.1451388888889
"16424",2011-06-01 13:40:00,2011-06-01 13:40:00,1,133.56,88,5,82.56,82,1,190.965277777778
"16425",2011-02-10 14:30:00,2011-02-10 14:30:00,1,302.7,199,21,302.7,199,0,301.930555555556
"16426",2011-03-08 15:45:00,2011-12-07 14:01:00,10,1863.76,1215,211,1863.76,1215,0,1.95069444444444
"16427",2011-02-28 15:18:00,2011-03-21 17:10:00,2,241.06,156,8,241.06,156,0,262.819444444444
"16429",2011-08-25 13:54:00,2011-08-25 13:54:00,1,284.55,9,2,284.55,9,0,105.955555555556
"16430",2011-10-13 14:47:00,2011-10-13 14:47:00,1,300.85,103,6,300.85,103,0,56.91875
"16431",2011-02-15 14:02:00,2011-05-10 14:09:00,3,623.28,442,51,623.28,442,0,212.945138888889
"16432",2011-10-06 13:59:00,2011-10-06 13:59:00,1,287.4,276,8,287.4,276,0,63.9520833333333
"16433",2011-11-11 14:09:00,2011-11-11 14:09:00,1,184.26,106,17,184.26,106,0,27.9451388888889
"16434",2011-02-13 12:17:00,2011-11-10 14:28:00,7,1511.8,760,88,1511.8,760,0,28.9319444444444
"16438",2011-09-18 13:31:00,2011-12-04 10:51:00,5,798.35,463,74,798.35,463,0,5.08263888888889
"16440",2011-05-09 12:25:00,2011-12-02 12:02:00,5,3640.67,2018,186,3640.67,2018,0,7.03333333333333
"16441",2011-02-21 17:35:00,2011-10-03 17:48:00,2,381.2,173,22,381.2,173,0,66.7930555555556
"16442",2010-12-14 10:46:00,2011-12-08 11:43:00,3,609.3,443,161,609.3,443,0,1.04652777777778
"16444",2011-03-20 12:14:00,2011-10-24 13:50:00,4,654.67,407,68,638.77,405,1,45.9583333333333
"16445",2011-11-06 12:32:00,2011-11-06 12:32:00,1,230.51,111,62,230.51,111,0,33.0125
"16446",2011-05-18 09:52:00,2011-12-09 09:15:00,2,168472.5,80997,3,2.90000000000001,2,1,0.149305555555556
"16447",2011-07-27 12:45:00,2011-07-27 12:45:00,1,255.91,221,34,255.91,221,0,135.003472222222
"16448",2011-05-25 16:28:00,2011-05-25 16:28:00,1,182.99,76,19,182.99,76,0,197.848611111111
"16449",2011-03-04 12:15:00,2011-05-26 10:25:00,2,707.69,367,40,674.69,359,1,197.100694444444
"16450",2011-07-13 11:47:00,2011-07-13 11:47:00,1,311.92,200,11,311.92,200,0,149.04375
"16451",2011-09-13 09:17:00,2011-09-13 09:17:00,1,266.97,120,14,266.97,120,0,87.1479166666667
"16454",2011-10-06 16:57:00,2011-10-26 11:40:00,2,6.9,3,2,-8.15,2,1,44.0486111111111
"16455",2010-12-03 16:44:00,2011-10-07 12:17:00,7,1841.18,988,69,1841.18,988,0,63.0229166666667
"16456",2010-12-01 14:11:00,2011-09-01 13:50:00,5,2158.18,1147,80,2158.18,1147,0,98.9583333333333
"16457",2011-05-05 13:19:00,2011-05-05 13:19:00,1,208.36,140,9,208.36,140,0,217.979861111111
"16458",2010-12-14 11:51:00,2011-12-07 09:34:00,18,3482.74,2154,52,3482.74,2154,0,2.13611111111111
"16460",2011-09-19 10:15:00,2011-11-11 13:46:00,3,811.23,876,128,811.23,876,0,27.9611111111111
"16461",2011-06-15 12:07:00,2011-06-15 12:07:00,1,142.92,48,31,142.92,48,0,177.029861111111
"16462",2011-03-01 08:58:00,2011-09-27 10:24:00,3,136,16,1,102,12,1,73.1013888888889
"16463",2011-05-19 14:45:00,2011-11-18 14:01:00,4,1422.4,1163,74,1383.7,1135,3,20.9506944444444
"16464",2011-07-20 13:53:00,2011-11-20 12:11:00,3,1298.66,952,152,1298.66,952,0,19.0270833333333
"16466",2011-02-20 11:39:00,2011-11-06 11:35:00,7,1595.96,785,103,1595.96,785,0,33.0520833333333
"16468",2011-09-26 14:13:00,2011-09-26 14:13:00,1,74.9,31,2,74.9,31,0,73.9423611111111
"16469",2011-04-07 13:11:00,2011-11-16 12:25:00,4,625.42,260,148,625.42,260,0,23.0173611111111
"16470",2010-12-16 11:53:00,2011-10-19 12:11:00,4,752.77,522,120,747.82,521,1,51.0270833333333
"16471",2011-03-10 09:41:00,2011-03-10 09:41:00,1,223.95,141,13,223.95,141,0,274.13125
"16473",2011-01-07 10:55:00,2011-06-28 09:10:00,3,316.11,196,18,314.86,195,1,164.152777777778
"16474",2011-07-17 14:51:00,2011-12-02 13:02:00,7,1810.65,909,237,1750.62,884,4,6.99166666666667
"16475",2011-03-11 09:39:00,2011-09-12 14:37:00,4,544.3,319,23,544.3,319,0,87.9256944444444
"16477",2010-12-03 12:48:00,2011-10-07 09:44:00,7,2494.46,1415,111,2494.46,1415,0,63.1291666666667
"16478",2011-10-05 12:02:00,2011-11-14 15:51:00,3,331,224,15,331,224,0,24.8743055555556
"16479",2011-11-29 13:04:00,2011-11-29 13:40:00,2,300.83,102,35,300.83,102,0,9.96527777777778
"16480",2011-09-25 11:40:00,2011-09-25 11:40:00,1,769.29,455,51,769.29,455,0,75.0486111111111
"16482",2011-11-24 12:33:00,2011-11-24 12:33:00,1,220.62,346,18,220.62,346,0,15.0118055555556
"16483",2011-05-31 13:08:00,2011-05-31 13:08:00,1,139.35,44,19,139.35,44,0,191.9875
"16484",2011-06-02 10:39:00,2011-06-19 12:06:00,2,404.3,200,25,379.4,194,1,173.030555555556
"16485",2011-09-23 15:50:00,2011-09-23 15:50:00,1,363.65,235,41,363.65,235,0,76.875
"16488",2011-07-14 11:46:00,2011-11-06 13:42:00,3,498.8,728,28,492.2,724,1,32.9638888888889
"16491",2011-10-24 10:18:00,2011-10-24 10:18:00,1,731.5,478,39,731.5,478,0,46.1055555555556
"16493",2011-01-14 08:16:00,2011-09-21 11:10:00,4,1351.63,1164,40,1329.66,1113,2,79.0694444444444
"16494",2011-02-16 12:49:00,2011-02-16 12:49:00,1,826.53,675,47,826.53,675,0,296.000694444444
"16495",2011-03-08 16:38:00,2011-12-06 13:20:00,3,648.26,328,78,648.26,328,0,2.97916666666667
"16496",2011-01-27 09:42:00,2011-12-01 10:31:00,3,1599.52,1111,92,1562.22,1091,1,8.09652777777778
"16497",2011-01-10 13:20:00,2011-10-21 10:55:00,6,2965.69,1396,128,2965.69,1396,0,49.0798611111111
"16498",2011-06-30 19:52:00,2011-07-01 15:07:00,2,100.97,45,15,86.12,42,1,160.904861111111
"16499",2010-12-10 10:27:00,2010-12-14 13:31:00,2,365.45,127,18,319.1,122,3,359.971527777778
"16500",2011-01-13 10:28:00,2011-12-05 12:04:00,6,400.86,123,8,400.86,123,0,4.03194444444444
"16503",2010-12-14 13:50:00,2011-08-25 11:46:00,4,1431.93,569,71,1421.43,567,1,106.044444444444
"16504",2011-11-14 15:18:00,2011-11-14 15:18:00,1,465.88,510,76,465.88,510,0,24.8972222222222
"16505",2011-11-08 12:14:00,2011-11-08 12:14:00,1,777.6,576,4,777.6,576,0,31.025
"16506",2011-10-30 15:50:00,2011-11-20 12:17:00,2,90.3,42,3,90.3,42,0,19.0229166666667
"16509",2011-02-16 09:25:00,2011-02-16 09:25:00,1,363.7,64,13,363.7,64,0,296.142361111111
"16510",2010-12-02 13:39:00,2010-12-02 13:39:00,1,248.1,92,13,248.1,92,0,371.965972222222
"16511",2011-03-18 11:24:00,2011-11-18 10:41:00,3,918.33,405,135,918.33,405,0,21.0895833333333
"16513",2011-10-27 14:56:00,2011-12-05 10:18:00,4,874.59,407,33,874.59,407,0,4.10555555555556
"16515",2011-02-01 13:09:00,2011-10-18 13:10:00,5,1624.14,826,89,1624.14,826,0,51.9861111111111
"16516",2011-11-09 14:59:00,2011-11-09 14:59:00,1,101.7,58,6,101.7,58,0,29.9104166666667
"16517",2011-03-07 13:50:00,2011-03-07 13:50:00,1,162.7,96,17,162.7,96,0,276.958333333333
"16518",2011-02-28 16:36:00,2011-10-09 15:04:00,2,484.32,327,36,480.92,325,1,60.9069444444444
"16519",2010-12-09 14:08:00,2011-11-14 15:41:00,2,215.08,54,13,215.08,54,0,24.88125
"16520",2010-12-09 13:08:00,2011-06-06 13:24:00,3,1046.57,558,129,1036.62,557,1,185.976388888889
"16523",2011-01-28 12:06:00,2011-12-08 09:06:00,21,9418.47,4265,151,9295.67,4233,7,1.15555555555556
"16525",2010-12-08 11:31:00,2011-12-07 15:07:00,26,13027.45,7397,75,11895.57,6493,3,1.90486111111111
"16526",2011-06-21 12:02:00,2011-06-21 12:02:00,1,290.36,106,15,290.36,106,0,171.033333333333
"16527",2011-09-19 16:21:00,2011-09-19 16:21:00,1,228.06,106,14,228.06,106,0,80.8534722222222
"16528",2011-12-06 12:45:00,2011-12-06 12:45:00,1,244.41,171,17,244.41,171,0,3.00347222222222
"16529",2011-06-02 17:23:00,2011-06-02 17:23:00,1,455.25,198,30,455.25,198,0,189.810416666667
"16531",2010-12-14 13:19:00,2011-11-17 16:29:00,7,1244.59,915,68,1244.59,915,0,21.8479166666667
"16532",2011-01-05 12:37:00,2011-11-22 11:08:00,3,6748.8,2016,2,6748.8,2016,0,17.0708333333333
"16533",2011-10-02 15:07:00,2011-11-20 13:08:00,3,1082.81,611,112,1014.19,513,2,18.9875
"16535",2011-12-04 15:18:00,2011-12-04 15:18:00,1,593.75,356,31,593.75,356,0,4.89722222222222
"16536",2011-08-21 15:54:00,2011-08-21 15:54:00,1,548.12,250,49,538.17,249,1,109.872222222222
"16539",2010-12-01 15:40:00,2011-12-07 08:41:00,4,1388.81,477,36,1388.81,477,0,2.17291666666667
"16542",2011-10-17 10:47:00,2011-10-17 10:47:00,1,119.62,46,5,119.62,46,0,53.0854166666667
"16545",2011-06-28 10:37:00,2011-06-28 10:37:00,1,339.3,78,3,339.3,78,0,164.092361111111
"16546",2010-12-02 12:07:00,2011-02-22 11:20:00,2,787.15,549,25,-95.93,-303,1,290.0625
"16549",2011-01-09 14:03:00,2011-11-29 15:06:00,10,4034.9,2294,445,4034.9,2294,0,9.90555555555556
"16550",2010-12-06 13:53:00,2011-08-23 11:12:00,5,2298.97,1540,162,2266.25,1526,4,108.068055555556
"16551",2011-01-07 10:24:00,2011-09-05 09:38:00,3,922.12,970,26,922.12,970,0,95.1333333333333
"16552",2010-12-01 12:36:00,2011-04-11 10:04:00,2,379.73,219,17,379.73,219,0,242.115277777778
"16553",2010-12-14 13:58:00,2011-06-29 15:42:00,12,5719.82,4600,62,5664.57,4595,2,162.880555555556
"16554",2011-01-12 12:41:00,2011-10-28 14:51:00,3,837.1,402,51,641.55,311,4,41.9159722222222
"16555",2011-08-22 12:32:00,2011-11-04 14:31:00,2,285.89,175,15,285.89,175,0,34.9298611111111
"16556",2010-12-14 13:32:00,2011-10-04 11:36:00,7,3313.79,1890,144,3313.79,1890,0,66.0513888888889
"16557",2011-07-25 13:28:00,2011-11-15 14:04:00,2,281.85,111,11,281.85,111,0,23.9486111111111
"16558",2010-12-08 12:01:00,2011-12-09 10:20:00,20,8338.49,5377,264,8257.04,5346,4,0.104166666666667
"16560",2010-12-16 14:36:00,2011-11-13 10:35:00,2,841.41,500,52,816.51,494,1,26.09375
"16561",2011-10-11 09:53:00,2011-12-04 11:50:00,2,511.12,244,29,511.12,244,0,5.04166666666667
"16563",2011-10-17 11:51:00,2011-10-17 11:51:00,1,1077.74,486,19,1077.74,486,0,53.0409722222222
"16565",2010-12-10 15:21:00,2010-12-10 15:21:00,1,173.7,46,3,173.7,46,0,363.895138888889
"16566",2011-02-20 10:29:00,2011-11-24 16:34:00,5,614.66,362,14,614.01,361,1,14.8444444444444
"16567",2011-01-07 09:31:00,2011-05-29 13:57:00,2,865.6,996,34,865.6,996,0,193.953472222222
"16569",2011-12-06 15:32:00,2011-12-06 15:32:00,1,124.2,93,5,124.2,93,0,2.8875
"16570",2011-02-01 10:37:00,2011-11-24 17:02:00,10,3738.4,2112,68,3622.95,2050,5,14.825
"16571",2011-03-03 09:41:00,2011-11-13 11:46:00,3,1421.69,1239,73,1285.22,1176,2,26.0444444444444
"16572",2011-03-09 12:04:00,2011-08-04 16:34:00,3,1009.6,532,40,999.7,530,1,126.844444444444
"16573",2011-02-22 15:14:00,2011-09-16 09:13:00,2,663.61,360,40,648.41,354,2,84.1506944444444
"16574",2011-09-29 13:39:00,2011-09-29 13:39:00,1,451.44,416,28,451.44,416,0,70.9659722222222
"16581",2011-06-10 10:05:00,2011-06-10 10:05:00,1,105.84,134,9,70.44,122,1,182.114583333333
"16582",2011-08-18 17:02:00,2011-08-18 17:02:00,1,313.62,164,6,313.62,164,0,112.825
"16583",2010-12-01 12:03:00,2010-12-01 12:03:00,1,233.45,111,14,233.45,111,0,373.032638888889
"16584",2011-03-30 13:14:00,2011-09-20 13:45:00,2,936.08,646,25,908.03,635,1,79.9618055555556
"16586",2011-04-05 09:32:00,2011-04-05 09:32:00,1,463.95,95,8,463.95,95,0,248.1375
"16587",2011-04-21 15:51:00,2011-04-21 15:51:00,1,225.15,71,13,225.15,71,0,231.874305555556
"16589",2011-07-01 13:31:00,2011-09-29 14:50:00,3,459.24,368,31,459.24,368,0,70.9166666666667
"16591",2011-10-02 10:43:00,2011-10-02 10:43:00,1,213.5,41,10,213.5,41,0,68.0881944444444
"16592",2011-02-25 10:19:00,2011-12-05 13:49:00,16,4113.68,2927,142,4073.28,2914,3,3.95902777777778
"16593",2011-01-16 12:11:00,2011-10-20 12:41:00,3,330.03,116,24,330.03,116,0,50.00625
"16594",2011-09-25 14:08:00,2011-09-25 14:08:00,1,181.09,64,53,181.09,64,0,74.9458333333333
"16595",2011-10-09 13:15:00,2011-10-09 13:15:00,1,360.16,335,83,360.16,335,0,60.9826388888889
"16596",2010-12-08 16:18:00,2011-11-24 10:02:00,2,250.15,97,12,250.15,97,0,15.1166666666667
"16597",2011-12-05 15:44:00,2011-12-05 15:44:00,1,90.04,184,7,90.04,184,0,3.87916666666667
"16598",2011-02-27 11:42:00,2011-02-27 11:42:00,1,145.05,73,10,140.7,70,1,285.047222222222
"16600",2011-01-05 12:13:00,2011-12-05 16:00:00,6,813.52,1145,50,813.52,1145,0,3.86805555555556
"16601",2011-10-30 11:09:00,2011-10-30 11:09:00,1,242.7,133,29,242.7,133,0,40.0701388888889
"16602",2011-11-03 15:54:00,2011-11-03 15:54:00,1,528.08,336,29,494.73,317,1,35.8722222222222
"16603",2011-09-09 13:02:00,2011-09-26 10:06:00,2,482.47,480,34,482.47,480,0,74.1138888888889
"16607",2010-12-16 08:41:00,2011-11-22 10:24:00,14,3347.71,2859,140,3038.67,2822,2,17.1013888888889
"16609",2011-04-01 10:11:00,2011-11-24 13:32:00,7,5493.46,2420,155,5450.96,2410,2,14.9708333333333
"16610",2011-05-04 13:13:00,2011-05-04 13:13:00,1,75.66,66,6,75.66,66,0,218.984027777778
"16611",2011-06-06 15:46:00,2011-06-06 15:46:00,1,129.49,47,9,120.99,46,1,185.877777777778
"16612",2011-02-01 10:38:00,2011-11-07 07:38:00,4,1187.66,506,48,1187.66,506,0,32.2166666666667
"16613",2011-09-30 15:52:00,2011-09-30 15:52:00,1,618.59,293,30,618.59,293,0,69.8736111111111
"16614",2011-06-10 11:36:00,2011-06-10 11:36:00,1,506.19,223,26,506.19,223,0,182.051388888889
"16616",2011-07-05 13:38:00,2011-11-24 16:31:00,2,500.42,370,31,500.42,370,0,14.8465277777778
"16617",2011-04-18 10:35:00,2011-04-18 10:35:00,1,151.85,91,5,151.85,91,0,235.09375
"16618",2011-01-21 11:55:00,2011-11-08 13:52:00,5,2647.59,1363,79,2630.64,1362,1,30.9569444444444
"16619",2011-03-21 08:18:00,2011-03-21 08:18:00,1,226.21,133,14,204.41,129,1,263.188888888889
"16620",2011-03-24 10:37:00,2011-12-06 12:19:00,2,178.96,88,9,178.96,88,0,3.02152777777778
"16621",2011-03-07 11:32:00,2011-10-19 11:38:00,4,813.48,302,22,813.48,302,0,51.05
"16623",2011-04-08 10:09:00,2011-04-08 10:09:00,1,129.45,39,5,129.45,39,0,245.111805555556
"16624",2011-05-26 14:20:00,2011-09-20 12:39:00,2,810.57,488,44,810.57,488,0,80.0076388888889
"16625",2011-03-10 12:50:00,2011-03-10 12:50:00,1,333.08,164,23,333.08,164,0,274
"16626",2011-03-18 12:27:00,2011-12-09 11:56:00,17,4413.1,2690,86,4379.65,2670,3,0.0375
"16627",2011-09-21 14:38:00,2011-09-21 14:38:00,1,322.8,162,20,322.8,162,0,78.925
"16628",2011-04-19 08:55:00,2011-11-10 12:45:00,5,2188.05,1205,79,2183.04,1202,1,29.0034722222222
"16629",2011-09-04 16:12:00,2011-09-27 10:34:00,2,408.63,489,58,408.63,489,0,73.0944444444444
"16633",2011-04-19 14:36:00,2011-11-22 13:41:00,6,2883.1,1138,115,2878.15,1137,1,16.9645833333333
"16634",2010-12-02 17:41:00,2011-05-01 12:09:00,2,217.9,82,9,217.9,82,0,222.028472222222
"16637",2011-04-28 10:20:00,2011-11-07 13:17:00,4,1154.47,927,66,1124.59,891,1,31.98125
"16638",2010-12-06 10:19:00,2011-11-17 11:09:00,10,1680.72,1255,92,1676.47,1254,1,22.0701388888889
"16639",2011-04-18 09:31:00,2011-11-08 13:20:00,3,1257.51,510,48,1169.38,503,1,30.9791666666667
"16641",2011-08-26 12:49:00,2011-08-26 12:49:00,1,231.1,256,12,231.1,256,0,105.000694444444
"16642",2011-05-16 12:35:00,2011-12-05 11:31:00,2,688.33,479,32,679.83,478,1,4.05486111111111
"16643",2011-04-08 08:24:00,2011-04-08 08:24:00,1,487.51,269,27,487.51,269,0,245.184722222222
"16644",2011-05-11 12:53:00,2011-06-15 12:39:00,2,833.78,826,62,833.78,826,0,177.007638888889
"16647",2011-05-19 09:31:00,2011-06-23 11:47:00,2,214.06,146,12,214.06,146,0,169.04375
"16648",2011-10-28 08:58:00,2011-10-28 08:58:00,1,290.66,281,19,270.86,269,1,42.1611111111111
"16650",2011-09-29 09:51:00,2011-09-29 09:51:00,1,518.42,372,24,518.42,372,0,71.1243055555556
"16652",2011-03-11 13:13:00,2011-10-12 09:38:00,7,6773.97,3283,74,6654.26,3267,4,58.1333333333333
"16653",2011-09-29 13:38:00,2011-11-23 14:51:00,2,1212.66,733,67,1166.92,723,1,15.9159722222222
"16654",2010-12-06 15:09:00,2011-07-21 15:23:00,4,601.27,282,29,594.97,280,1,140.89375
"16655",2011-01-12 10:16:00,2011-11-22 11:25:00,6,3789.52,2363,208,3789.52,2363,0,17.0590277777778
"16656",2010-12-10 11:23:00,2011-11-17 14:43:00,15,8625.8,8894,14,8568.24,8873,6,21.9215277777778
"16657",2011-03-30 12:02:00,2011-11-30 11:48:00,4,874.43,1130,158,874.43,1130,0,9.04305555555556
"16658",2010-12-06 13:47:00,2010-12-06 13:47:00,1,123.24,40,8,123.24,40,0,367.960416666667
"16659",2011-06-03 15:03:00,2011-06-03 15:03:00,1,39.12,72,2,39.12,72,0,188.907638888889
"16660",2011-01-24 12:44:00,2011-11-23 14:53:00,4,1267.65,571,16,810.45,451,1,15.9145833333333
"16665",2010-12-12 14:03:00,2010-12-12 14:03:00,1,135.4,59,9,135.4,59,0,361.949305555556
"16666",2011-11-20 14:01:00,2011-11-20 14:01:00,1,118.98,233,32,118.98,233,0,18.9506944444444
"16667",2011-02-28 12:57:00,2011-10-02 15:26:00,2,567.18,236,52,567.18,236,0,67.8916666666667
"16668",2011-02-28 12:46:00,2011-11-24 17:43:00,6,306.72,318,9,306.72,318,0,14.7965277777778
"16669",2011-09-22 14:13:00,2011-11-16 12:26:00,3,1348.88,881,141,1344.88,876,1,23.0166666666667
"16670",2010-12-16 10:30:00,2011-11-23 09:34:00,11,4095.9,2556,179,4022.46,2524,6,16.1361111111111
"16671",2011-06-28 11:20:00,2011-11-11 13:40:00,3,1692.27,875,3,1692.27,875,0,27.9652777777778
"16672",2011-03-18 10:15:00,2011-12-07 16:29:00,20,8134.94,2832,22,8093.59,2812,3,1.84791666666667
"16674",2011-09-02 13:59:00,2011-10-16 11:31:00,2,304.24,181,89,304.24,181,0,54.0548611111111
"16676",2011-01-06 13:00:00,2011-11-06 12:01:00,4,1592.12,636,75,1558.72,631,1,33.0340277777778
"16678",2011-03-02 09:24:00,2011-12-07 12:17:00,12,3109.99,2397,92,3013.83,2368,5,2.02291666666667
"16679",2010-12-08 13:51:00,2010-12-08 13:51:00,1,129.75,29,3,129.75,29,0,365.957638888889
"16680",2011-10-27 17:35:00,2011-10-27 17:35:00,1,183.7,94,10,183.7,94,0,42.8020833333333
"16681",2011-03-31 13:46:00,2011-09-28 11:11:00,6,1770.34,1407,18,1770.34,1407,0,72.06875
"16682",2011-06-05 11:02:00,2011-12-05 12:13:00,5,1028,1040,15,1028,1040,0,4.02569444444444
"16684",2010-12-16 17:34:00,2011-12-05 14:06:00,28,66653.56,50255,119,65892.08,49390,3,3.94722222222222
"16685",2011-10-09 13:44:00,2011-10-09 13:58:00,2,324.24,396,60,324.24,396,0,60.9527777777778
"16686",2010-12-19 14:41:00,2011-10-23 13:49:00,7,2959.88,1977,406,2940.53,1972,2,46.9590277777778
"16688",2011-10-10 12:23:00,2011-12-08 15:24:00,4,1260.86,804,52,1260.86,804,0,0.893055555555556
"16689",2011-09-18 13:29:00,2011-09-25 11:39:00,2,422.6,330,12,303.26,168,1,75.0493055555555
"16690",2011-05-22 10:53:00,2011-09-28 15:02:00,2,225.58,138,10,208.63,137,1,71.9083333333333
"16692",2011-02-23 15:41:00,2011-03-28 14:46:00,2,1276,152,2,1276,152,0,255.919444444444
"16693",2011-03-13 11:06:00,2011-10-02 11:10:00,2,477.86,203,58,477.86,203,0,68.0694444444444
"16696",2011-04-05 15:20:00,2011-07-27 14:23:00,4,657.9,146,7,657.9,146,0,134.935416666667
"16697",2011-04-12 17:12:00,2011-04-12 17:12:00,1,112.75,27,20,112.75,27,0,240.818055555556
"16698",2011-03-31 13:33:00,2011-04-27 10:52:00,2,1998,840,4,1998,840,0,226.081944444444
"16700",2010-12-08 16:34:00,2011-12-01 11:00:00,13,5076.55,4024,159,5040,4019,4,8.07638888888889
"16701",2010-12-13 11:51:00,2011-12-01 11:10:00,13,5398.3,6393,99,5150.27,6211,5,8.06944444444444
"16705",2010-12-16 10:51:00,2011-12-09 12:08:00,20,14034.99,5476,133,13946.13,5458,9,0.0291666666666667
"16706",2011-08-17 15:53:00,2011-11-02 13:50:00,3,531.35,249,108,531.35,249,0,36.9583333333333
"16708",2011-10-25 12:20:00,2011-10-25 12:20:00,1,656.63,285,27,656.63,285,0,45.0208333333333
"16709",2011-03-03 10:55:00,2011-09-16 10:56:00,5,3029.87,851,64,3029.87,851,0,84.0791666666667
"16710",2010-12-06 13:13:00,2011-11-20 14:50:00,10,2467.99,1823,268,2467.99,1823,0,18.9166666666667
"16711",2010-12-17 12:43:00,2011-12-06 16:32:00,5,1651.03,833,18,1651.03,833,0,2.84583333333333
"16712",2011-03-08 15:07:00,2011-11-30 13:48:00,11,3611.31,1730,259,3611.31,1730,0,8.95972222222222
"16713",2010-12-08 13:01:00,2011-11-21 12:36:00,15,6910.78,4271,338,6827.88,4259,6,18.0097222222222
"16714",2011-01-26 13:40:00,2011-05-05 11:09:00,3,1129.06,589,77,879.06,587,1,218.070138888889
"16715",2011-09-22 18:15:00,2011-09-22 18:15:00,1,301.72,642,19,301.72,642,0,77.7743055555556
"16716",2011-02-01 15:35:00,2011-03-18 10:03:00,2,901.2,120,1,319.8,44,1,266.115972222222
"16717",2010-12-08 16:48:00,2011-11-16 12:16:00,6,3843.08,1860,176,3263.06,1562,3,23.0236111111111
"16718",2010-12-05 13:03:00,2010-12-05 13:03:00,1,606.05,407,41,606.05,407,0,368.990972222222
"16719",2010-12-06 12:06:00,2011-11-25 09:27:00,7,1770.22,1175,107,1753.72,1173,1,14.1409722222222
"16720",2011-11-13 16:22:00,2011-11-13 16:22:00,1,152.95,180,25,152.95,180,0,25.8527777777778
"16721",2011-03-22 16:08:00,2011-03-22 16:08:00,1,292.47,172,37,292.47,172,0,261.8625
"16722",2010-12-06 12:59:00,2011-11-22 13:28:00,13,4730.81,5001,96,4711.21,4989,3,16.9736111111111
"16723",2011-08-24 11:31:00,2011-09-09 13:01:00,2,576.4,398,37,576.4,398,0,90.9923611111111
"16725",2010-12-03 16:02:00,2011-02-10 16:52:00,7,758.27,288,110,752.32,287,1,301.831944444444
"16726",2010-12-13 13:28:00,2011-11-13 14:53:00,5,1358.74,945,121,1358.74,945,0,25.9145833333333
"16727",2010-12-10 13:48:00,2010-12-10 13:48:00,1,256.32,167,41,256.32,167,0,363.959722222222
"16728",2011-03-20 13:28:00,2011-10-24 14:36:00,4,1048.28,671,218,1048.28,671,0,45.9263888888889
"16729",2011-04-12 14:22:00,2011-11-01 14:29:00,21,7205.33,5722,234,7041.69,5708,5,37.93125
"16730",2011-01-24 14:01:00,2011-10-18 14:11:00,3,743.11,994,75,702.79,898,1,51.94375
"16732",2011-11-08 09:54:00,2011-11-08 09:54:00,1,603.75,317,28,603.75,317,0,31.1222222222222
"16734",2011-08-17 15:00:00,2011-10-18 13:44:00,3,646.76,345,44,646.76,345,0,51.9625
"16735",2011-01-09 12:53:00,2011-09-22 11:49:00,5,2247.41,1532,88,2216.06,1513,2,78.0423611111111
"16737",2011-10-17 13:03:00,2011-10-17 13:03:00,1,417.6,288,1,417.6,288,0,52.9909722222222
"16738",2011-02-15 09:46:00,2011-02-15 09:46:00,1,3.75,3,1,3.75,3,0,297.127777777778
"16739",2011-06-16 09:17:00,2011-06-16 09:17:00,1,323,172,13,312.55,169,1,176.147916666667
"16742",2011-10-24 12:02:00,2011-10-24 12:02:00,1,464.9,1,1,0,-189,1,46.0333333333333
"16743",2010-12-16 12:15:00,2011-11-10 13:13:00,7,2213.13,2035,89,2166.88,1998,1,28.9840277777778
"16744",2011-06-19 15:13:00,2011-11-28 13:06:00,7,1291.91,798,198,1291.91,798,0,10.9888888888889
"16745",2011-02-01 11:31:00,2011-09-14 11:58:00,17,7180.7,6719,148,7157.1,6711,1,86.0361111111111
"16746",2010-12-16 11:43:00,2011-12-05 12:33:00,18,6680.11,4660,234,6676.76,4657,1,4.01180555555556
"16747",2011-10-03 10:18:00,2011-11-02 11:37:00,2,836.06,583,34,826.96,577,2,37.0506944444444
"16748",2011-01-09 13:50:00,2011-11-22 10:17:00,5,1515.9,880,42,1515.9,880,0,17.10625
"16750",2011-04-21 16:53:00,2011-10-26 12:48:00,5,623.93,214,74,623.93,214,0,44.0013888888889
"16751",2011-11-09 10:48:00,2011-11-09 10:48:00,1,1764.72,1031,24,1764.72,1031,0,30.0847222222222
"16752",2010-12-02 12:18:00,2010-12-02 12:18:00,1,207.5,54,9,207.5,54,0,372.022222222222
"16753",2011-10-12 13:14:00,2011-10-12 13:14:00,1,223.92,189,34,223.92,189,0,57.9833333333333
"16754",2010-12-02 17:38:00,2010-12-02 17:38:00,1,2002.4,4280,2,2002.4,4280,0,371.8
"16755",2011-01-28 10:47:00,2011-08-17 13:21:00,3,1475.43,1058,133,1463.23,1052,2,113.978472222222
"16756",2011-05-09 09:33:00,2011-05-09 09:33:00,1,239.4,106,13,239.4,106,0,214.136805555556
"16757",2011-01-25 11:59:00,2011-01-25 11:59:00,1,106.83,81,7,106.83,81,0,318.035416666667
"16758",2011-10-05 14:47:00,2011-10-05 14:47:00,1,369.34,203,22,369.34,203,0,64.91875
"16759",2011-11-09 09:06:00,2011-12-02 12:42:00,3,789.79,609,40,772.84,608,1,7.00555555555556
"16761",2011-09-04 11:15:00,2011-09-04 11:15:00,1,316.62,341,13,316.62,341,0,96.0659722222222
"16762",2011-07-18 12:52:00,2011-11-20 11:43:00,3,1207.24,480,51,1207.24,480,0,19.0465277777778
"16763",2011-05-25 11:52:00,2011-05-25 11:52:00,1,611.85,319,23,594.9,318,1,198.040277777778
"16764",2011-07-19 17:17:00,2011-12-06 11:41:00,13,2790.95,1253,209,2749.95,1241,5,3.04791666666667
"16765",2011-02-18 15:41:00,2011-02-18 15:41:00,1,34,4,1,34,4,0,293.88125
"16766",2011-03-11 13:34:00,2011-03-11 15:22:00,2,1145.6,536,17,1145.6,536,0,272.894444444444
"16767",2011-01-27 13:38:00,2011-11-09 09:42:00,11,5575.56,4423,148,5575.56,4423,0,30.1305555555556
"16768",2011-03-13 10:25:00,2011-10-23 10:38:00,3,478.09,196,47,458.04,191,2,47.0916666666667
"16769",2011-03-24 13:41:00,2011-03-24 13:41:00,1,361.54,80,33,361.54,80,0,259.964583333333
"16770",2010-12-02 15:49:00,2011-10-13 12:21:00,5,757.1,456,116,731.9,444,1,57.0201388888889
"16771",2011-01-05 13:57:00,2011-11-06 13:28:00,5,2242.61,1487,200,2242.61,1487,0,32.9736111111111
"16773",2011-10-13 14:37:00,2011-10-13 14:37:00,1,171.59,171,23,171.59,171,0,56.9256944444444
"16774",2011-06-14 12:45:00,2011-10-03 12:41:00,4,661.52,322,36,654.92,318,1,67.00625
"16775",2010-12-07 15:15:00,2011-11-29 15:22:00,11,1691.51,439,84,1691.51,439,0,9.89444444444444
"16776",2011-10-10 13:04:00,2011-10-10 13:04:00,1,371.54,254,61,371.54,254,0,59.9902777777778
"16777",2011-03-27 14:34:00,2011-09-20 13:41:00,2,222.62,62,45,222.62,62,0,79.9645833333333
"16778",2011-03-10 15:21:00,2011-09-26 13:48:00,2,245.94,194,16,245.94,194,0,73.9597222222222
"16779",2010-12-08 09:56:00,2011-12-07 14:54:00,22,10611.72,5301,161,10436.05,5212,6,1.91388888888889
"16780",2011-03-25 17:34:00,2011-08-31 16:09:00,2,422.24,270,51,422.24,270,0,99.8618055555555
"16781",2010-12-02 14:26:00,2010-12-02 14:26:00,1,311.25,113,17,294.65,111,1,371.933333333333
"16782",2010-12-09 11:28:00,2011-11-29 13:20:00,13,2267.95,705,103,2230.3,696,6,9.97916666666667
"16784",2011-11-20 12:20:00,2011-11-20 12:20:00,1,107.6,24,3,107.6,24,0,19.0208333333333
"16788",2011-03-30 13:05:00,2011-08-08 14:53:00,2,594.39,304,138,594.39,304,0,122.914583333333
"16789",2011-12-01 15:12:00,2011-12-01 15:12:00,1,80.8,32,5,80.8,32,0,7.90138888888889
"16790",2011-11-02 11:23:00,2011-12-06 11:53:00,6,1545.62,898,88,1520.12,892,2,3.03958333333333
"16791",2011-01-11 15:42:00,2011-11-10 19:12:00,7,1705.78,757,218,1690.28,753,1,28.7347222222222
"16792",2011-03-02 14:39:00,2011-03-02 14:41:00,2,110.38,44,11,110.38,44,0,281.922916666667
"16793",2011-10-13 15:08:00,2011-10-13 15:08:00,1,243.84,146,16,243.84,146,0,56.9041666666667
"16794",2011-06-12 14:15:00,2011-12-08 17:54:00,10,1196.5,923,142,1175.3,919,2,0.788888888888889
"16795",2010-12-09 14:08:00,2010-12-09 14:08:00,1,414.88,239,64,414.88,239,0,364.945833333333
"16796",2011-09-11 14:01:00,2011-09-11 14:01:00,1,305.62,186,18,305.62,186,0,88.9506944444445
"16800",2011-11-28 14:06:00,2011-11-28 14:06:00,1,1162.65,524,148,1162.65,524,0,10.9472222222222
"16801",2011-03-11 13:56:00,2011-06-29 15:33:00,4,1594.23,493,72,842.33,307,1,162.886805555556
"16803",2011-10-05 14:28:00,2011-10-05 14:28:00,1,332.3,245,24,332.3,245,0,64.9319444444444
"16804",2011-03-14 15:48:00,2011-11-16 16:43:00,3,536.99,246,59,536.99,246,0,22.8381944444444
"16805",2010-12-14 13:35:00,2011-06-19 11:23:00,2,460.59,539,94,460.59,539,0,173.060416666667
"16806",2011-04-14 19:59:00,2011-08-28 15:27:00,4,762.16,356,68,762.16,356,0,102.890972222222
"16807",2011-03-14 09:46:00,2011-07-20 12:00:00,3,1121.59,778,57,1121.59,778,0,142.034722222222
"16808",2011-03-10 19:05:00,2011-09-01 19:34:00,2,288.42,196,21,288.42,196,0,98.7194444444444
"16809",2011-03-22 15:20:00,2011-11-16 15:45:00,5,914.69,652,79,912.74,651,1,22.8784722222222
"16810",2011-05-31 15:32:00,2011-05-31 15:32:00,1,309.54,114,15,275.64,112,1,191.8875
"16811",2011-11-22 17:19:00,2011-12-05 11:39:00,2,547.07,477,26,547.07,477,0,4.04930555555556
"16812",2010-12-14 12:35:00,2010-12-14 12:35:00,1,479.35,81,15,479.35,81,0,360.010416666667
"16813",2011-05-19 13:28:00,2011-12-01 14:03:00,10,1652.18,1501,248,1652.18,1501,0,7.94930555555556
"16814",2010-12-05 11:45:00,2011-11-25 13:27:00,21,6416.7,2697,122,6408.2,2696,1,13.9743055555556
"16816",2010-12-16 17:01:00,2011-08-28 14:16:00,4,417.06,274,28,417.06,274,0,102.940277777778
"16817",2010-12-06 14:19:00,2011-12-07 11:03:00,9,1604.75,822,73,1446.95,762,4,2.07430555555556
"16818",2011-05-18 11:42:00,2011-11-29 10:41:00,11,3349.57,2164,172,3317.97,2162,2,10.0895833333333
"16820",2011-09-05 12:06:00,2011-09-05 12:06:00,1,497.61,307,26,497.61,307,0,95.0305555555556
"16823",2011-04-26 15:00:00,2011-04-26 15:00:00,1,358.38,136,34,358.38,136,0,226.909722222222
"16824",2011-06-28 13:36:00,2011-11-24 12:38:00,2,460.64,236,23,460.64,236,0,15.0083333333333
"16825",2011-06-07 09:44:00,2011-11-01 11:51:00,2,775.18,566,27,775.18,566,0,38.0409722222222
"16826",2011-10-19 14:05:00,2011-10-19 14:05:00,1,341.7,158,22,341.7,158,0,50.9479166666667
"16828",2011-08-19 13:24:00,2011-09-07 15:10:00,2,128.5,59,8,128.5,59,0,92.9027777777778
"16829",2011-07-06 10:48:00,2011-07-06 10:48:00,1,197.22,99,11,197.22,99,0,156.084722222222
"16830",2011-11-01 11:35:00,2011-11-01 11:35:00,1,325.91,264,23,325.91,264,0,38.0520833333333
"16832",2011-05-06 14:12:00,2011-06-08 15:36:00,3,199.15,33,11,199.15,33,0,183.884722222222
"16833",2011-01-09 13:02:00,2011-12-08 14:39:00,4,1106.53,440,46,1106.53,440,0,0.924305555555556
"16834",2011-04-26 09:37:00,2011-04-26 09:37:00,1,413.46,358,24,413.46,358,0,227.134027777778
"16835",2010-12-01 17:15:00,2011-08-03 13:50:00,2,180.85,61,10,180.85,61,0,127.958333333333
"16836",2011-08-15 12:38:00,2011-10-31 10:05:00,2,251.87,165,11,251.87,165,0,39.1145833333333
"16837",2011-04-08 08:48:00,2011-11-08 14:27:00,11,3170.98,1563,123,3167.73,1562,1,30.9326388888889
"16838",2011-02-24 15:01:00,2011-05-26 13:13:00,2,588.85,185,24,582.9,184,1,196.984027777778
"16839",2010-12-05 11:15:00,2011-12-01 09:03:00,34,16594.35,8975,114,15357.78,8470,5,8.15763888888889
"16841",2011-02-25 12:40:00,2011-11-03 11:51:00,6,1869.82,2250,101,1774.62,2234,1,36.0409722222222
"16842",2011-02-10 14:51:00,2011-08-31 10:42:00,3,1264.19,693,45,1260.44,692,1,100.088888888889
"16843",2011-01-16 16:10:00,2011-10-28 09:06:00,16,10196.57,10159,226,10183.82,10154,1,42.1555555555556
"16846",2011-10-20 13:55:00,2011-10-20 13:55:00,1,214.32,135,11,214.32,135,0,49.9548611111111
"16847",2011-10-27 13:29:00,2011-10-27 13:29:00,1,193.44,78,12,193.44,78,0,42.9729166666667
"16848",2011-10-18 08:42:00,2011-10-18 08:42:00,1,281.42,182,14,281.42,182,0,52.1722222222222
"16849",2011-06-06 09:16:00,2011-06-06 09:16:00,1,124.57,33,8,124.57,33,0,186.148611111111
"16850",2011-01-10 11:09:00,2011-01-10 11:09:00,1,332.41,249,19,332.41,249,0,333.070138888889
"16851",2011-10-19 09:48:00,2011-12-05 13:32:00,3,342.45,271,17,342.45,271,0,3.97083333333333
"16852",2011-06-16 15:49:00,2011-11-29 13:22:00,2,144.91,56,9,144.91,56,0,9.97777777777778
"16855",2011-10-27 16:31:00,2011-11-16 12:03:00,2,328.4,164,19,328.4,164,0,23.0326388888889
"16856",2011-11-25 08:59:00,2011-11-25 08:59:00,1,35.4,12,2,35.4,12,0,14.1604166666667
"16858",2010-12-06 09:52:00,2010-12-06 09:52:00,1,375.69,91,9,345.89,83,1,368.123611111111
"16859",2011-03-23 13:39:00,2011-07-18 12:19:00,2,747.81,827,50,473.14,656,3,144.021527777778
"16861",2011-07-04 15:38:00,2011-10-11 09:05:00,2,173.76,140,6,151.65,133,1,59.15625
"16863",2010-12-08 08:58:00,2011-11-08 15:26:00,2,502.8,409,25,481.35,392,2,30.8916666666667
"16866",2011-07-01 12:34:00,2011-07-22 10:06:00,3,207.74,60,10,207.74,60,0,140.113888888889
"16869",2011-06-17 13:01:00,2011-11-17 12:02:00,4,817.12,583,113,797.32,579,1,22.0333333333333
"16871",2011-03-14 10:31:00,2011-11-17 19:27:00,6,2812.34,1253,131,2761.49,1250,1,21.7243055555556
"16872",2011-06-08 14:32:00,2011-09-23 16:05:00,3,680.02,600,5,680.02,600,0,76.8645833333333
"16873",2010-12-10 15:45:00,2011-12-05 12:05:00,6,7123.62,3840,179,7066.31,3825,4,4.03125
"16875",2011-01-04 10:37:00,2011-10-03 13:39:00,5,2095.53,1069,93,2023.47,1044,4,66.9659722222222
"16877",2011-05-15 16:13:00,2011-11-27 13:47:00,6,846.62,458,111,846.62,458,0,11.9604166666667
"16878",2011-09-16 17:39:00,2011-09-16 17:39:00,1,13.3,12,3,0,0,1,83.7993055555555
"16880",2011-06-03 16:45:00,2011-11-09 11:33:00,7,1491.43,746,121,1491.43,746,0,30.0534722222222
"16881",2011-10-04 10:33:00,2011-10-04 10:33:00,1,432,600,1,432,600,0,66.0951388888889
"16882",2011-01-26 17:43:00,2011-10-04 10:42:00,3,705.12,424,39,705.12,424,0,66.0888888888889
"16883",2010-12-03 10:33:00,2011-06-05 12:51:00,2,272.48,103,33,272.48,103,0,186.999305555556
"16884",2011-11-02 10:16:00,2011-11-02 11:52:00,2,429.84,320,26,429.84,320,0,37.0402777777778
"16885",2010-12-17 17:23:00,2011-11-24 13:40:00,3,450.41,178,82,450.41,178,0,14.9652777777778
"16887",2011-11-04 14:07:00,2011-11-04 14:07:00,1,192.33,156,35,192.33,156,0,34.9465277777778
"16889",2011-01-07 10:47:00,2011-05-29 11:05:00,3,1578.67,925,112,1578.67,925,0,194.072916666667
"16891",2010-12-03 11:35:00,2011-12-08 11:15:00,5,742.43,265,166,742.43,265,0,1.06597222222222
"16892",2011-06-09 11:35:00,2011-12-08 13:18:00,5,518.19,236,87,489.49,232,2,0.980555555555556
"16893",2010-12-08 12:06:00,2010-12-08 12:06:00,1,145.93,62,44,145.93,62,0,366.030555555556
"16895",2011-10-06 12:15:00,2011-10-06 12:15:00,1,202.27,91,57,202.27,91,0,64.0243055555556
"16897",2011-01-30 11:52:00,2011-02-13 15:02:00,2,289.78,73,37,213.03,58,1,298.908333333333
"16898",2010-12-06 12:23:00,2011-11-13 15:44:00,3,501.03,412,150,436.68,379,1,25.8791666666667
"16899",2010-12-14 13:11:00,2011-12-02 12:03:00,6,1271.06,520,80,1271.06,520,0,7.03263888888889
"16900",2011-10-07 13:17:00,2011-11-23 10:32:00,3,887.11,833,78,187.69,723,2,16.0958333333333
"16902",2011-08-15 14:17:00,2011-08-15 14:17:00,1,1706.88,629,43,1706.88,629,0,115.939583333333
"16903",2011-11-10 15:32:00,2011-11-10 15:32:00,1,363.2,247,50,363.2,247,0,28.8875
"16904",2010-12-07 13:29:00,2011-12-05 13:10:00,16,3653.75,1984,387,3653.75,1984,0,3.98611111111111
"16905",2010-12-03 10:43:00,2011-12-04 14:01:00,7,3037.6,1381,117,3020.65,1380,1,4.95069444444444
"16906",2011-04-05 12:30:00,2011-09-19 11:49:00,4,559.59,263,74,559.59,263,0,81.0423611111111
"16907",2010-12-09 16:52:00,2011-11-10 18:04:00,5,928.76,286,89,928.76,286,0,28.7819444444444
"16909",2011-09-28 16:45:00,2011-09-28 16:45:00,1,379.14,436,18,364.14,434,1,71.8368055555556
"16910",2011-09-09 14:14:00,2011-12-05 12:51:00,8,1508.96,884,318,1508.96,884,0,3.99930555555556
"16912",2011-01-20 15:42:00,2011-11-11 12:18:00,11,2555.58,1025,88,2508.87,1010,3,28.0222222222222
"16913",2011-02-22 12:56:00,2011-02-22 12:56:00,1,113.44,82,8,113.44,82,0,289.995833333333
"16914",2011-11-03 15:27:00,2011-11-03 15:27:00,1,183.76,112,25,183.76,112,0,35.8909722222222
"16915",2011-03-01 09:52:00,2011-11-30 16:39:00,6,621.68,132,46,621.68,132,0,8.84097222222222
"16916",2010-12-02 13:14:00,2011-11-16 12:08:00,2,562.41,431,129,562.41,431,0,23.0291666666667
"16917",2011-03-08 11:55:00,2011-03-08 11:55:00,1,391.52,232,9,391.52,232,0,276.038194444444
"16918",2011-01-26 17:37:00,2011-10-21 12:50:00,6,1068.82,721,97,1043.34,708,1,49
"16919",2010-12-06 12:52:00,2011-07-06 13:35:00,11,2592.25,1403,141,2592.25,1403,0,155.96875
"16921",2011-10-09 16:22:00,2011-10-09 16:22:00,1,154.18,154,50,154.18,154,0,60.8527777777778
"16923",2010-12-12 11:06:00,2011-11-27 13:00:00,19,7069.08,3344,313,6488.3,3110,7,11.9930555555556
"16924",2011-09-16 12:54:00,2011-11-18 12:53:00,3,829.89,467,69,722.64,454,1,20.9979166666667
"16926",2010-12-03 13:42:00,2010-12-03 13:42:00,1,230.25,35,14,230.25,35,0,370.963888888889
"16927",2010-12-13 11:57:00,2011-08-16 11:10:00,3,543.05,993,5,543.05,993,0,115.069444444444
"16928",2010-12-01 15:21:00,2011-09-20 15:10:00,17,2814.7,2092,69,2748.6,2072,2,79.9027777777778
"16929",2011-07-07 12:39:00,2011-12-06 08:37:00,7,1295.39,929,51,1295.39,929,0,3.17569444444444
"16930",2011-10-02 14:25:00,2011-11-13 16:13:00,3,378.89,339,47,378.89,339,0,25.8590277777778
"16931",2010-12-05 11:40:00,2011-12-04 13:15:00,21,4554.87,3134,448,4554.87,3134,0,4.98263888888889
"16932",2011-10-17 14:12:00,2011-10-17 14:12:00,1,150.23,82,44,150.23,82,0,52.9430555555556
"16933",2011-04-14 13:33:00,2011-12-08 12:54:00,2,563.23,288,42,530.08,281,3,0.997222222222222
"16934",2011-10-16 12:25:00,2011-10-16 12:40:00,2,931.03,397,59,931.03,397,0,54.0069444444444
"16936",2011-11-14 11:04:00,2011-11-14 11:04:00,1,261.9,171,56,261.9,171,0,25.0736111111111
"16938",2011-02-04 09:34:00,2011-12-01 10:20:00,4,2711.68,2533,212,1878.43,1018,1,8.10416666666667
"16940",2011-02-23 12:27:00,2011-10-18 13:15:00,3,3049.88,2169,226,3049.88,2169,0,51.9826388888889
"16942",2011-04-26 11:59:00,2011-11-27 12:40:00,9,1904.99,805,159,1878.51,801,1,12.0069444444444
"16943",2011-01-25 14:00:00,2011-05-12 11:57:00,3,816.73,145,23,816.73,145,0,211.036805555556
"16945",2010-12-16 17:49:00,2011-11-18 11:39:00,19,4345.5,2725,137,4345.5,2725,0,21.0493055555556
"16947",2011-04-18 09:38:00,2011-04-18 09:38:00,1,406.48,312,21,406.48,312,0,235.133333333333
"16948",2011-01-18 10:58:00,2011-07-24 12:46:00,3,435.02,1614,15,435.02,1614,0,138.002777777778
"16949",2011-01-27 12:11:00,2011-12-06 11:07:00,6,1286.27,791,57,1161.27,790,1,3.07152777777778
"16950",2010-12-07 15:20:00,2011-10-14 09:06:00,3,1178.56,644,39,1178.56,644,0,56.1555555555556
"16951",2011-02-08 14:58:00,2011-07-28 12:05:00,3,1277.75,1318,73,1262.75,1306,1,134.03125
"16952",2011-08-22 12:58:00,2011-08-22 13:03:00,2,167.61,92,16,167.61,92,0,108.990972222222
"16953",2011-11-09 15:54:00,2011-11-09 15:54:00,1,20.8,10,1,20.8,10,0,29.8722222222222
"16954",2010-12-15 10:41:00,2011-12-09 09:46:00,9,2085.08,1054,40,2085.08,1054,0,0.127777777777778
"16955",2010-12-01 13:31:00,2011-06-08 10:36:00,4,518.67,266,18,493.67,246,1,184.093055555556
"16956",2011-11-22 08:56:00,2011-11-22 08:56:00,1,308.74,114,16,292.34,112,1,17.1625
"16957",2011-03-03 09:25:00,2011-04-14 13:56:00,2,416.64,172,15,416.64,172,0,238.954166666667
"16959",2011-09-13 15:03:00,2011-09-13 15:03:00,1,117.35,49,7,117.35,49,0,86.9076388888889
"16960",2011-04-01 11:54:00,2011-11-01 11:35:00,3,507.05,304,92,507.05,304,0,38.0520833333333
"16961",2011-08-15 13:46:00,2011-08-15 13:46:00,1,234.17,125,14,234.17,125,0,115.961111111111
"16963",2011-06-05 13:48:00,2011-06-05 13:48:00,1,110.55,35,7,110.55,35,0,186.959722222222
"16965",2011-04-27 12:08:00,2011-04-27 12:08:00,1,201.19,291,26,201.19,291,0,226.029166666667
"16966",2011-04-13 14:17:00,2011-12-01 13:40:00,7,2154.97,1981,8,2148.47,1978,3,7.96527777777778
"16967",2011-06-03 14:24:00,2011-06-03 14:24:00,1,319.02,333,21,319.02,333,0,188.934722222222
"16968",2011-08-24 10:51:00,2011-12-05 15:02:00,2,439.43,326,31,439.43,326,0,3.90833333333333
"16969",2011-06-01 12:10:00,2011-10-31 13:12:00,3,650.41,816,42,650.41,816,0,38.9847222222222
"16971",2011-11-01 15:06:00,2011-11-01 15:06:00,1,357.21,72,40,232.21,71,1,37.9055555555556
"16976",2011-03-17 16:33:00,2011-03-17 16:33:00,1,251.52,88,2,251.52,88,0,266.845138888889
"16978",2011-09-23 12:50:00,2011-09-23 12:50:00,1,344.33,166,39,344.33,166,0,77
"16979",2011-02-15 09:20:00,2011-12-06 12:21:00,6,1852,865,64,1809.05,860,2,3.02013888888889
"16980",2011-02-21 12:58:00,2011-03-29 16:36:00,2,1028.46,739,71,1028.46,739,0,254.843055555556
"16982",2011-10-10 12:28:00,2011-10-10 12:28:00,1,384.06,182,22,384.06,182,0,60.0152777777778
"16983",2010-12-05 12:34:00,2011-11-27 12:10:00,7,1905.87,1335,112,1894.82,1322,1,12.0277777777778
"16984",2011-08-01 17:37:00,2011-09-12 13:43:00,2,4459.52,2380,354,4370.59,2365,3,87.9631944444444
"16985",2010-12-16 10:38:00,2011-11-22 13:33:00,10,5464.12,1832,62,5461.62,1830,1,16.9701388888889
"16986",2011-11-09 15:52:00,2011-11-10 11:55:00,2,1873.2,1040,3,1873.2,1040,0,29.0381944444444
"16987",2011-05-18 15:55:00,2011-12-06 17:26:00,7,1616.8,401,74,1616.8,401,0,2.80833333333333
"16988",2011-12-04 16:02:00,2011-12-04 16:02:00,1,126.12,43,7,126.12,43,0,4.86666666666667
"16989",2011-07-12 09:11:00,2011-12-02 16:39:00,6,1133.25,1233,7,1133.25,1233,0,6.84097222222222
"16990",2011-05-05 08:30:00,2011-05-05 08:30:00,1,179,100,1,179,100,0,218.180555555556
"16992",2011-02-28 10:37:00,2011-11-29 11:50:00,5,1614.31,860,84,1601.86,857,1,10.0416666666667
"16996",2010-12-21 13:22:00,2011-11-09 16:43:00,6,1456.96,544,13,1427.46,534,3,29.8381944444444
"16997",2011-01-18 11:51:00,2011-02-24 17:28:00,3,702,360,7,702,360,0,287.806944444444
"16998",2011-02-08 15:42:00,2011-07-13 09:44:00,4,295,76,1,287.02,73,2,149.129166666667
"16999",2011-09-26 15:43:00,2011-11-16 13:53:00,2,484.82,294,21,484.82,294,0,22.95625
"17001",2010-12-16 09:35:00,2011-12-09 09:38:00,11,3989.57,2164,75,3989.57,2164,0,0.133333333333333
"17002",2011-02-22 11:46:00,2011-09-15 12:40:00,3,1493.73,679,41,1487.78,678,1,85.0069444444444
"17004",2011-09-08 12:16:00,2011-10-24 14:25:00,2,1312.14,771,38,1312.14,771,0,45.9340277777778
"17006",2011-09-25 12:15:00,2011-12-05 12:09:00,4,781.78,272,37,781.78,272,0,4.02847222222222
"17007",2010-12-17 13:57:00,2011-10-20 10:47:00,6,889.93,597,50,877.43,587,1,50.0854166666667
"17010",2011-11-21 14:49:00,2011-11-21 14:49:00,1,195.36,118,11,185.46,116,1,17.9173611111111
"17011",2011-11-09 13:30:00,2011-11-09 13:30:00,1,270.9,186,15,270.9,186,0,29.9722222222222
"17014",2011-10-04 11:36:00,2011-12-01 14:09:00,3,583.43,243,63,562.68,238,1,7.94513888888889
"17015",2011-06-07 13:19:00,2011-11-11 10:45:00,3,1838.61,1978,182,1838.61,1978,0,28.0868055555556
"17017",2010-12-02 10:17:00,2011-12-07 09:32:00,20,8694.26,6673,88,8574.11,6613,7,2.1375
"17018",2011-01-18 08:46:00,2011-10-30 11:42:00,2,920.1,176,15,920.1,176,0,40.0472222222222
"17019",2010-12-06 12:55:00,2011-11-28 13:06:00,4,1258.08,820,166,1258.08,820,0,10.9888888888889
"17022",2011-11-08 17:09:00,2011-11-08 17:09:00,1,71,108,7,71,108,0,30.8201388888889
"17024",2011-07-05 09:31:00,2011-10-25 13:47:00,3,95.85,69,2,95.85,69,0,44.9604166666667
"17025",2010-12-01 15:45:00,2011-10-10 09:06:00,3,357.77,235,8,357.77,235,0,60.1555555555556
"17026",2010-12-05 12:47:00,2011-06-07 14:28:00,2,154.83,97,4,154.83,97,0,184.931944444444
"17027",2011-01-26 14:19:00,2011-09-22 12:24:00,6,877.56,416,110,835.86,410,1,78.0180555555555
"17029",2011-04-17 10:57:00,2011-08-21 11:06:00,2,716,400,1,716,400,0,110.072222222222
"17030",2011-10-07 08:49:00,2011-10-07 08:49:00,1,146.87,146,11,146.87,146,0,63.1673611111111
"17031",2011-07-08 09:38:00,2011-11-28 10:23:00,2,380.35,235,19,380.35,235,0,11.1020833333333
"17033",2010-12-15 13:21:00,2011-09-14 14:34:00,3,1030.14,750,24,1030.14,750,0,85.9277777777778
"17034",2011-02-25 10:10:00,2011-11-23 15:14:00,3,745.52,410,28,734.57,406,1,15.9
"17035",2011-02-01 12:27:00,2011-04-08 11:23:00,2,433.53,229,27,388.33,201,1,245.060416666667
"17037",2011-09-13 12:49:00,2011-09-13 12:49:00,1,1267.32,656,75,1253.22,652,1,87.0006944444444
"17038",2011-11-09 13:50:00,2011-11-09 13:50:00,1,112.4,28,22,112.4,28,0,29.9583333333333
"17040",2011-07-25 10:19:00,2011-07-25 10:19:00,1,449.73,181,15,449.73,181,0,137.104861111111
"17041",2010-12-14 11:43:00,2011-11-13 11:21:00,3,1071.49,927,59,1055.69,923,1,26.0618055555556
"17042",2011-04-06 14:53:00,2011-12-07 12:26:00,5,1036.58,990,74,1036.58,990,0,2.01666666666667
"17043",2011-03-18 14:53:00,2011-11-07 15:33:00,4,1735.18,998,100,1735.18,998,0,31.8868055555556
"17044",2011-11-14 14:28:00,2011-11-14 14:28:00,1,948.48,504,6,897.43,487,2,24.9319444444444
"17045",2011-04-06 12:08:00,2011-08-18 17:09:00,3,339.44,106,20,339.44,106,0,112.820138888889
"17046",2011-07-05 14:24:00,2011-07-05 14:24:00,1,642.02,510,22,642.02,510,0,156.934722222222
"17047",2011-05-18 16:50:00,2011-09-15 13:27:00,3,1100.9,533,59,1100.9,533,0,84.9743055555556
"17048",2011-01-12 16:51:00,2011-08-14 11:49:00,3,925.35,485,41,864.32,474,3,117.042361111111
"17049",2011-03-09 08:33:00,2011-12-07 10:48:00,9,5655.03,2673,201,5589.83,2666,2,2.08472222222222
"17050",2011-02-13 12:41:00,2011-09-04 13:48:00,6,3185.64,1595,169,3185.64,1595,0,95.9597222222222
"17051",2011-05-29 14:13:00,2011-05-29 14:13:00,1,240.89,179,40,240.89,179,0,193.942361111111
"17052",2011-11-11 14:50:00,2011-11-11 14:50:00,1,399.09,251,72,399.09,251,0,27.9166666666667
"17053",2011-08-01 10:23:00,2011-08-01 10:23:00,1,498.48,122,13,496.38,121,1,130.102083333333
"17054",2011-04-08 13:14:00,2011-11-11 12:56:00,5,1356.33,804,64,1353.83,802,1,27.9958333333333
"17058",2011-04-14 09:18:00,2011-09-19 10:13:00,3,1179.89,592,51,1179.89,592,0,81.1090277777778
"17059",2010-12-05 12:35:00,2011-11-10 12:27:00,5,3080.39,1850,292,3080.39,1850,0,29.0159722222222
"17060",2011-03-18 13:27:00,2011-03-18 13:27:00,1,234.24,216,5,234.24,216,0,265.974305555556
"17061",2011-04-21 13:29:00,2011-09-27 11:24:00,11,5232.23,1526,57,5116.13,1484,1,73.0597222222222
"17062",2010-12-05 11:59:00,2011-01-30 11:01:00,4,533.33,418,52,529.43,416,1,313.075694444444
"17063",2011-02-23 13:44:00,2011-11-18 16:19:00,7,1461.14,770,66,1421.59,763,4,20.8548611111111
"17064",2011-01-16 16:10:00,2011-10-12 10:18:00,3,855.45,316,53,855.45,316,0,58.1055555555556
"17068",2010-12-06 13:58:00,2011-11-27 13:14:00,21,4552.14,2164,116,4531.34,2154,1,11.9833333333333
"17069",2010-12-01 16:49:00,2011-11-11 17:13:00,9,2709.7,1506,111,2655.22,1482,4,27.8173611111111
"17070",2011-08-17 17:01:00,2011-08-17 17:01:00,1,304.24,131,62,304.24,131,0,113.825694444444
"17071",2011-02-03 08:18:00,2011-11-11 16:31:00,9,2429.03,1197,102,2385.48,1182,5,27.8465277777778
"17073",2011-08-22 14:37:00,2011-11-22 11:47:00,4,1446.09,759,142,1446.09,759,0,17.04375
"17075",2011-01-26 13:20:00,2011-11-22 11:58:00,4,834.12,292,62,813.77,289,1,17.0361111111111
"17076",2010-12-10 10:08:00,2011-11-03 17:53:00,3,841.08,295,17,841.08,295,0,35.7895833333333
"17078",2011-11-03 18:49:00,2011-11-03 19:17:00,2,378.2,788,28,378.2,788,0,35.73125
"17079",2011-09-22 15:34:00,2011-09-22 15:34:00,1,118.8,24,2,118.8,24,0,77.8861111111111
"17080",2011-03-15 12:05:00,2011-11-17 12:59:00,2,287.62,166,8,285.5,164,1,21.99375
"17081",2011-10-24 13:08:00,2011-11-14 12:56:00,2,288.91,77,55,288.91,77,0,24.9958333333333
"17082",2011-01-25 14:36:00,2011-11-06 15:17:00,2,2003.85,1049,75,2003.85,1049,0,32.8979166666667
"17083",2011-02-09 11:38:00,2011-08-22 15:43:00,3,1405.78,772,24,1405.78,772,0,108.879861111111
"17084",2011-11-04 14:49:00,2011-11-04 14:54:00,2,2747.99,1702,146,2747.99,1702,0,34.9138888888889
"17085",2010-12-12 12:24:00,2011-08-08 14:15:00,5,1562.4,785,115,1550.8,783,1,122.940972222222
"17086",2011-10-07 11:22:00,2011-12-02 13:54:00,6,2050.08,1859,76,2050.08,1859,0,6.95555555555556
"17088",2011-03-31 09:48:00,2011-11-11 14:23:00,4,1991.01,868,96,1991.01,868,0,27.9354166666667
"17090",2010-12-20 13:52:00,2011-12-05 13:44:00,7,1974.65,903,45,1972.55,902,1,3.9625
"17091",2010-12-07 09:55:00,2011-12-07 10:43:00,9,3827.76,1746,119,3802.81,1743,1,2.08819444444444
"17092",2011-03-07 14:51:00,2011-10-20 19:51:00,4,1774.03,1130,99,1774.03,1130,0,49.7076388888889
"17094",2011-01-21 13:09:00,2011-01-21 13:09:00,1,302,152,14,270.2,148,1,321.986805555556
"17095",2011-01-09 11:05:00,2011-11-17 12:21:00,3,1324.16,618,69,1088.2,613,3,22.0201388888889
"17096",2011-03-23 12:05:00,2011-11-24 15:01:00,4,1022.13,339,46,992.68,332,3,14.9090277777778
"17097",2010-12-09 14:55:00,2011-12-07 17:05:00,8,954.42,459,153,937.92,457,1,1.82291666666667
"17100",2011-11-21 16:36:00,2011-11-21 16:36:00,2,971.74,800,65,971.74,800,0,17.8430555555556
"17101",2011-06-14 14:49:00,2011-11-29 13:57:00,4,1621.73,815,28,1621.73,815,0,9.95347222222222
"17102",2011-03-23 10:08:00,2011-03-23 10:08:00,1,25.5,2,1,25.5,2,0,261.1125
"17105",2011-02-06 14:46:00,2011-07-03 15:53:00,2,665.78,693,80,665.78,693,0,158.872916666667
"17107",2011-03-06 15:17:00,2011-11-06 14:14:00,6,10797.48,4826,269,10362.48,4526,1,32.9416666666667
"17109",2011-04-21 15:46:00,2011-11-10 16:59:00,6,881.29,588,107,865.93,572,2,28.8270833333333
"17110",2011-06-27 12:58:00,2011-06-27 12:58:00,1,163.3,50,12,163.3,50,0,164.994444444444
"17111",2011-10-23 15:59:00,2011-10-23 15:59:00,1,231.61,282,29,231.61,282,0,46.86875
"17114",2011-01-09 11:39:00,2011-12-04 12:17:00,8,801.12,215,85,739.72,206,2,5.02291666666667
"17115",2011-04-20 14:46:00,2011-12-01 14:30:00,3,837.5,372,33,806.9,368,2,7.93055555555556
"17117",2011-02-24 13:54:00,2011-02-24 13:54:00,1,116.2,68,9,116.2,68,0,287.955555555556
"17118",2011-01-26 12:19:00,2011-01-26 12:19:00,1,157.02,154,10,157.02,154,0,317.021527777778
"17119",2011-10-11 11:03:00,2011-12-06 14:40:00,2,606.91,334,35,593.61,327,1,2.92361111111111
"17120",2011-04-20 15:21:00,2011-04-20 15:21:00,1,307.46,120,18,307.46,120,0,232.895138888889
"17122",2011-08-12 14:33:00,2011-08-12 14:33:00,1,138.32,80,7,138.32,80,0,118.928472222222
"17123",2011-07-01 10:47:00,2011-07-01 10:47:00,1,345.3,246,9,345.3,246,0,161.085416666667
"17124",2011-06-07 14:02:00,2011-06-07 14:02:00,1,294.24,129,31,294.24,129,0,184.95
"17125",2011-10-20 14:41:00,2011-10-20 14:41:00,1,230.5,281,34,230.5,281,0,49.9229166666667
"17126",2010-12-12 11:26:00,2011-07-10 13:52:00,5,989.45,780,187,976.55,778,2,151.956944444444
"17128",2011-01-09 12:02:00,2011-01-09 12:02:00,1,157.09,76,14,157.09,76,0,334.033333333333
"17131",2011-09-25 12:42:00,2011-12-04 12:52:00,5,2463.17,983,78,2463.17,983,0,4.99861111111111
"17133",2011-03-18 13:47:00,2011-11-24 12:27:00,7,4892.24,2730,13,4892.24,2730,0,15.0159722222222
"17134",2011-03-20 11:56:00,2011-08-25 09:53:00,2,413.2,98,21,413.2,98,0,106.122916666667
"17135",2010-12-03 09:31:00,2011-11-23 16:48:00,7,1139.73,1224,34,1139.73,1224,0,15.8347222222222
"17138",2011-03-09 11:54:00,2011-03-09 11:54:00,1,380.5,126,24,380.5,126,0,275.038888888889
"17139",2011-02-24 09:32:00,2011-11-24 10:12:00,12,10650.77,5176,309,10567.87,5157,3,15.1097222222222
"17140",2011-04-06 13:33:00,2011-04-06 13:33:00,1,454.12,296,16,454.12,296,0,246.970138888889
"17142",2011-04-14 18:22:00,2011-04-14 18:22:00,1,579,81,15,579,81,0,238.769444444444
"17144",2011-09-16 12:50:00,2011-12-08 17:57:00,2,984.57,483,42,984.57,483,0,0.786805555555556
"17146",2010-12-16 12:20:00,2011-08-26 12:44:00,3,749.78,212,33,749.78,212,0,105.004166666667
"17147",2011-02-01 09:36:00,2011-11-17 12:32:00,4,1714.59,882,68,1679.64,878,2,22.0125
"17148",2011-10-19 09:59:00,2011-10-19 09:59:00,1,124.88,82,9,124.88,82,0,51.11875
"17152",2011-03-21 16:20:00,2011-05-29 12:19:00,3,1689.5,517,9,1503.5,477,1,194.021527777778
"17153",2011-11-15 13:42:00,2011-11-15 13:42:00,1,213.78,104,14,213.78,104,0,23.9638888888889
"17154",2011-09-25 13:42:00,2011-09-25 13:42:00,1,329.34,490,23,329.34,490,0,74.9638888888889
"17155",2011-06-15 10:22:00,2011-11-22 12:38:00,2,251.7,242,19,251.7,242,0,17.0083333333333
"17157",2011-06-16 15:08:00,2011-12-02 09:10:00,2,319,172,11,306.55,169,1,7.15277777777778
"17158",2010-12-14 13:03:00,2011-11-07 15:15:00,3,1266.97,778,53,1266.97,778,0,31.8993055555556
"17159",2011-06-21 09:49:00,2011-11-18 10:52:00,3,1538.88,1111,96,1534.73,1110,1,21.0819444444444
"17160",2011-04-12 12:00:00,2011-11-08 14:05:00,6,3518.03,2856,111,3518.03,2856,0,30.9479166666667
"17162",2011-02-07 12:27:00,2011-11-11 11:34:00,10,1715.46,1001,81,1707.21,1000,1,28.0527777777778
"17163",2011-09-22 15:54:00,2011-11-18 08:57:00,2,293.1,66,3,293.1,66,0,21.1618055555556
"17164",2011-03-11 14:26:00,2011-11-07 09:14:00,7,2467.35,1501,92,2466.4,1500,1,32.15
"17165",2011-02-28 16:39:00,2011-02-28 16:39:00,1,158.68,100,10,158.68,100,0,283.840972222222
"17166",2011-05-20 08:18:00,2011-11-01 09:46:00,2,206.34,78,11,189.49,75,1,38.1277777777778
"17169",2011-06-09 13:16:00,2011-10-13 10:25:00,2,835.78,526,51,816.88,519,2,57.1006944444444
"17171",2011-02-23 16:37:00,2011-02-23 16:37:00,1,224.91,185,16,224.91,185,0,288.842361111111
"17172",2011-09-22 09:36:00,2011-09-22 09:36:00,1,317.76,480,15,313.26,479,1,78.1347222222222
"17173",2011-07-31 15:26:00,2011-12-04 14:40:00,8,3766.6,1122,36,3755.65,1121,1,4.92361111111111
"17174",2011-05-06 11:47:00,2011-05-06 11:47:00,1,59.9,41,4,59.9,41,0,217.04375
"17175",2011-02-16 14:56:00,2011-10-26 15:31:00,4,1443.69,866,42,1430.94,865,1,43.8881944444444
"17176",2011-05-22 12:41:00,2011-05-22 12:41:00,1,306.13,170,15,306.13,170,0,201.00625
"17179",2010-12-13 14:24:00,2011-06-14 16:48:00,3,711.79,290,56,711.79,290,0,177.834722222222
"17180",2011-01-27 18:05:00,2011-10-14 15:46:00,4,783.97,670,91,768.32,667,2,55.8777777777778
"17181",2010-12-01 12:38:00,2011-10-13 14:48:00,2,239.92,241,23,239.92,241,0,56.9180555555556
"17183",2011-08-26 15:25:00,2011-12-02 10:07:00,6,3347.31,1296,42,3286.91,1264,2,7.11319444444444
"17186",2011-10-10 12:52:00,2011-10-24 10:20:00,2,144,200,1,144,200,0,46.1041666666667
"17187",2011-04-27 12:39:00,2011-04-27 12:39:00,1,203.95,144,10,203.95,144,0,226.007638888889
"17188",2010-12-12 12:56:00,2011-11-28 13:53:00,7,2474.23,1328,71,2275.58,1301,2,10.95625
"17189",2010-12-15 17:28:00,2011-08-25 19:39:00,2,383.75,226,52,383.75,226,0,105.715972222222
"17190",2011-05-16 15:29:00,2011-10-12 11:33:00,2,444.74,161,19,249.74,160,1,58.0534722222222
"17191",2010-12-06 14:36:00,2011-11-11 16:58:00,7,2093.68,1166,163,2093.68,1166,0,27.8277777777778
"17193",2011-06-16 10:04:00,2011-11-04 12:47:00,7,1699.3,1254,17,1674.46,1238,2,35.0020833333333
"17194",2010-12-14 12:06:00,2011-03-11 12:05:00,2,262.62,119,26,262.62,119,0,273.03125
"17197",2011-11-10 10:32:00,2011-11-10 10:32:00,1,1013.01,191,29,1013.01,191,0,29.0958333333333
"17198",2010-12-03 14:54:00,2011-11-16 10:39:00,3,692.22,357,89,692.22,357,0,23.0909722222222
"17201",2011-10-17 11:55:00,2011-10-17 11:55:00,1,289.78,231,38,289.78,231,0,53.0381944444444
"17203",2011-10-10 14:37:00,2011-11-04 12:27:00,6,3560.08,2846,116,3560.08,2846,0,35.0159722222222
"17204",2011-03-21 12:42:00,2011-06-17 14:46:00,4,1564.56,646,44,1352.91,589,5,174.919444444444
"17205",2011-10-17 12:46:00,2011-10-17 12:46:00,1,384.08,884,13,384.08,884,0,53.0027777777778
"17206",2011-10-17 13:25:00,2011-10-17 13:25:00,1,204.24,76,7,204.24,76,0,52.9756944444444
"17211",2010-12-05 12:44:00,2011-11-13 12:03:00,8,2317.22,1323,150,2299.67,1310,1,26.0326388888889
"17212",2011-03-31 19:42:00,2011-03-31 19:42:00,1,226.85,147,4,226.85,147,0,252.713888888889
"17213",2010-12-08 13:03:00,2011-10-30 14:53:00,7,2781.23,1176,85,2741.08,1167,4,39.9145833333333
"17214",2010-12-15 15:14:00,2011-10-10 13:17:00,6,1059.12,272,79,974.12,271,1,59.98125
"17217",2011-04-19 17:19:00,2011-04-19 17:19:00,1,113.5,24,9,113.5,24,0,233.813194444444
"17218",2010-12-06 15:25:00,2011-12-05 13:52:00,10,1951.97,955,146,1951.97,955,0,3.95694444444444
"17219",2011-11-08 11:25:00,2011-11-08 11:25:00,1,114.23,89,24,114.23,89,0,31.0590277777778
"17220",2010-12-10 14:54:00,2011-11-15 13:47:00,14,3187.55,1897,303,3187.55,1897,0,23.9604166666667
"17221",2011-11-03 17:39:00,2011-12-02 13:35:00,2,334.48,287,59,334.48,287,0,6.96875
"17222",2011-10-05 13:58:00,2011-10-05 13:58:00,1,328.65,122,27,328.65,122,0,64.9527777777778
"17223",2010-12-06 14:08:00,2011-02-02 15:57:00,2,416.89,110,43,416.89,110,0,309.870138888889
"17226",2011-02-04 11:52:00,2011-02-04 11:52:00,1,393.49,406,21,393.49,406,0,308.040277777778
"17227",2010-12-06 11:16:00,2011-11-21 10:51:00,6,939.32,741,28,939.32,741,0,18.0826388888889
"17228",2010-12-02 16:00:00,2011-11-24 10:24:00,8,1906.09,1532,140,1906.09,1532,0,15.1013888888889
"17229",2011-07-20 12:38:00,2011-09-04 13:56:00,2,318.76,185,39,318.76,185,0,95.9541666666667
"17230",2010-12-15 11:22:00,2011-03-20 16:12:00,8,3638.41,1651,51,3466.67,1553,3,263.859722222222
"17231",2010-12-13 14:16:00,2011-11-27 15:18:00,10,3124.72,1724,292,3078.22,1718,4,11.8972222222222
"17232",2011-11-25 12:24:00,2011-12-07 12:21:00,2,417.77,202,30,417.77,202,0,2.02013888888889
"17233",2011-11-04 14:06:00,2011-11-04 14:06:00,1,190.88,131,25,190.88,131,0,34.9472222222222
"17234",2011-06-10 11:20:00,2011-06-10 11:20:00,1,149.89,55,14,149.89,55,0,182.0625
"17235",2010-12-02 13:38:00,2011-11-14 15:51:00,2,550.06,224,24,550.06,224,0,24.8743055555556
"17236",2010-12-12 11:49:00,2011-11-27 12:00:00,6,916.13,474,88,916.13,474,0,12.0347222222222
"17237",2011-11-17 12:55:00,2011-11-28 15:02:00,2,314.69,105,18,314.69,105,0,10.9083333333333
"17238",2010-12-03 15:05:00,2011-12-07 11:35:00,17,3719.1,1807,297,3719.1,1807,0,2.05208333333333
"17239",2011-01-31 09:41:00,2011-01-31 09:41:00,1,382.5,150,15,379.95,149,1,312.13125
"17242",2011-06-12 13:04:00,2011-08-23 14:55:00,2,1135.04,611,30,1135.04,611,0,107.913194444444
"17243",2010-12-05 10:03:00,2011-12-08 13:26:00,26,8540.05,3320,180,8491.75,3312,4,0.975
"17244",2011-10-17 15:19:00,2011-10-17 15:19:00,1,954.9,616,31,954.9,616,0,52.8965277777778
"17245",2011-05-19 10:43:00,2011-05-19 10:43:00,1,171.45,75,9,171.45,75,0,204.088194444444
"17247",2011-11-24 15:21:00,2011-11-24 15:21:00,1,280.09,105,53,280.09,105,0,14.8951388888889
"17248",2011-08-11 13:34:00,2011-08-11 13:34:00,1,318.65,213,68,318.65,213,0,119.969444444444
"17250",2011-03-23 16:45:00,2011-12-06 12:15:00,2,381.97,167,55,381.97,167,0,3.02430555555556
"17251",2010-12-12 11:06:00,2010-12-12 11:06:00,1,269.83,108,37,269.83,108,0,362.072222222222
"17252",2011-06-06 16:41:00,2011-08-15 09:45:00,2,348.91,192,86,348.91,192,0,116.128472222222
"17253",2011-11-21 12:59:00,2011-11-21 12:59:00,1,178.26,43,18,178.26,43,0,17.99375
"17254",2011-11-24 14:09:00,2011-12-05 12:46:00,2,271.19,251,100,271.19,251,0,4.00277777777778
"17255",2011-02-13 15:18:00,2011-10-30 12:18:00,2,291.48,227,69,291.48,227,0,40.0222222222222
"17256",2011-01-31 14:53:00,2011-08-24 13:30:00,2,240,141,12,240,141,0,106.972222222222
"17259",2010-12-06 12:55:00,2011-07-14 15:01:00,2,581.23,388,104,581.23,388,0,147.909027777778
"17262",2010-12-08 13:30:00,2011-10-18 12:56:00,5,1253.36,367,9,1253.36,367,0,51.9958333333333
"17263",2011-05-15 14:32:00,2011-05-15 14:32:00,1,63.44,36,23,63.44,36,0,207.929166666667
"17265",2011-06-12 12:00:00,2011-07-24 10:49:00,2,550.01,389,106,550.01,389,0,138.084027777778
"17266",2011-07-15 11:57:00,2011-12-07 14:12:00,3,296.58,153,60,296.58,153,0,1.94305555555556
"17267",2011-08-04 17:19:00,2011-08-04 17:22:00,2,317.2,158,37,317.2,158,0,126.811111111111
"17268",2011-04-08 13:20:00,2011-08-24 10:06:00,4,763.64,844,3,763.64,844,0,107.113888888889
"17272",2011-03-22 12:05:00,2011-10-28 16:37:00,4,2148.63,1778,70,2144.53,1776,1,41.8423611111111
"17274",2011-11-04 13:16:00,2011-11-04 13:16:00,1,107.82,77,24,107.82,77,0,34.9819444444444
"17277",2011-01-21 12:37:00,2011-04-26 12:47:00,2,1065.35,430,67,1065.35,430,0,227.002083333333
"17278",2011-04-12 13:10:00,2011-04-12 13:10:00,1,246.04,179,15,246.04,179,0,240.986111111111
"17279",2011-10-13 11:58:00,2011-10-13 11:58:00,1,187.83,48,8,187.83,48,0,57.0361111111111
"17282",2011-02-13 11:36:00,2011-08-01 14:29:00,3,1685.46,1866,79,1685.46,1866,0,129.93125
"17284",2011-01-07 14:31:00,2011-10-10 14:38:00,6,1647.48,1362,229,1636.58,1360,1,59.925
"17286",2011-11-18 12:47:00,2011-11-18 12:47:00,1,151.37,117,44,151.37,117,0,21.0020833333333
"17287",2010-12-02 12:22:00,2011-11-13 13:27:00,7,1049.06,556,88,1049.06,556,0,25.9743055555556
"17288",2010-12-16 13:33:00,2011-11-30 16:09:00,7,1417.63,1201,118,1417.63,1201,0,8.86180555555556
"17289",2011-06-12 13:51:00,2011-11-08 12:01:00,3,931.02,513,86,922.77,512,1,31.0340277777778
"17290",2011-11-23 15:53:00,2011-12-06 12:38:00,2,513.01,397,92,513.01,397,0,3.00833333333333
"17291",2011-02-04 13:04:00,2011-02-04 13:04:00,1,550.8,72,1,550.8,72,0,307.990277777778
"17293",2010-12-13 14:55:00,2011-12-01 14:37:00,9,1854.06,1135,93,1854.06,1135,0,7.92569444444444
"17295",2011-10-06 12:22:00,2011-11-11 10:49:00,3,547,293,53,547,293,0,28.0840277777778
"17297",2011-11-22 14:43:00,2011-11-22 14:43:00,1,128.18,65,49,128.18,65,0,16.9215277777778
"17298",2011-08-07 12:21:00,2011-08-30 16:43:00,2,498.42,387,30,498.42,387,0,100.838194444444
"17299",2011-06-19 16:04:00,2011-11-28 12:01:00,4,656.61,668,50,656.61,668,0,11.0340277777778
"17301",2011-11-18 13:43:00,2011-11-18 13:43:00,1,163.24,137,59,163.24,137,0,20.9631944444444
"17302",2011-02-07 10:14:00,2011-11-25 09:36:00,5,1135.63,575,68,1119.93,573,1,14.1347222222222
"17303",2010-12-13 13:32:00,2010-12-13 13:32:00,1,250.04,144,53,250.04,144,0,360.970833333333
"17306",2010-12-21 13:34:00,2011-11-29 12:14:00,19,8631.31,11491,13,8600.73,11470,2,10.025
"17309",2011-09-05 15:20:00,2011-09-05 15:20:00,1,82.75,41,11,82.75,41,0,94.8958333333333
"17311",2011-01-27 10:56:00,2011-09-22 14:11:00,2,1384.85,1005,55,1384.85,1005,0,77.94375
"17312",2011-07-03 13:12:00,2011-07-24 11:52:00,3,644.3,372,11,644.3,372,0,138.040277777778
"17313",2011-11-08 15:45:00,2011-11-08 15:45:00,1,2328.84,1402,24,2288.13,1382,1,30.8784722222222
"17314",2011-01-31 11:25:00,2011-11-15 09:41:00,8,2527.92,1896,120,2514.76,1884,3,24.13125
"17315",2010-12-17 12:24:00,2011-12-08 12:15:00,38,6281.23,3863,256,6193.43,3831,5,1.02430555555556
"17317",2011-09-11 12:45:00,2011-10-24 17:19:00,3,2600.34,1146,8,2524.02,1074,2,45.8131944444444
"17320",2010-12-06 15:38:00,2011-08-31 13:31:00,3,1200.62,634,57,1200.62,634,0,99.9715277777778
"17321",2011-10-03 11:34:00,2011-12-01 13:41:00,2,657.16,364,94,657.16,364,0,7.96458333333333
"17323",2011-02-20 14:38:00,2011-11-24 17:29:00,7,906.52,760,125,894.44,754,2,14.80625
"17324",2010-12-08 12:45:00,2011-11-22 10:34:00,4,986.48,843,43,986.48,843,0,17.0944444444444
"17325",2011-03-04 13:09:00,2011-03-04 13:09:00,1,96.8,60,6,96.8,60,0,279.986805555556
"17329",2011-01-28 15:29:00,2011-11-25 14:24:00,2,523.11,142,29,523.11,142,0,13.9347222222222
"17330",2011-10-03 11:26:00,2011-11-17 08:56:00,2,363.9,120,5,363.9,120,0,22.1625
"17331",2011-08-08 11:55:00,2011-08-08 11:55:00,1,175.2,16,1,175.2,16,0,123.038194444444
"17333",2011-09-15 10:11:00,2011-09-15 10:11:00,1,494.25,375,28,494.25,375,0,85.1104166666667
"17334",2011-02-04 09:03:00,2011-02-10 14:59:00,2,307.02,315,11,306.6,314,1,301.910416666667
"17337",2011-02-02 17:06:00,2011-07-11 14:55:00,4,1981.06,1247,421,1897.51,1218,3,150.913194444444
"17338",2010-12-13 12:57:00,2011-11-22 14:23:00,8,6493.54,3059,389,6461.79,3054,2,16.9354166666667
"17339",2010-12-09 14:44:00,2011-09-06 13:29:00,2,243.36,152,9,243.36,152,0,93.9729166666667
"17340",2010-12-08 15:56:00,2011-11-10 10:45:00,11,12353.29,5967,229,11891.18,5902,5,29.0868055555556
"17341",2010-12-08 12:46:00,2011-07-06 12:33:00,3,682.29,443,147,682.29,443,0,156.011805555556
"17343",2010-12-19 15:07:00,2010-12-19 15:07:00,1,193.64,56,17,193.64,56,0,354.904861111111
"17344",2011-10-24 12:56:00,2011-10-24 12:56:00,1,157.62,65,31,157.62,65,0,45.9958333333333
"17345",2011-05-27 12:26:00,2011-11-24 15:03:00,4,519.69,341,70,519.69,341,0,14.9076388888889
"17346",2010-12-01 14:34:00,2011-12-06 12:18:00,15,2622.88,1617,299,2557.9,1599,1,3.02222222222222
"17347",2011-09-14 13:12:00,2011-09-14 13:12:00,1,228.96,216,1,228.96,216,0,85.9847222222222
"17348",2011-02-15 10:49:00,2011-11-25 11:25:00,5,1156.6,1398,180,1156.6,1398,0,14.0590277777778
"17349",2011-06-13 14:29:00,2011-06-13 14:29:00,1,98.25,102,8,98.25,102,0,178.93125
"17350",2011-10-19 16:05:00,2011-12-01 15:47:00,4,1281.32,770,66,1251.44,734,1,7.87708333333333
"17351",2011-03-11 16:05:00,2011-11-03 18:45:00,3,587.15,113,22,587.15,113,0,35.7534722222222
"17353",2011-07-08 16:17:00,2011-08-02 17:19:00,2,1740,1200,5,1740,1200,0,128.813194444444
"17354",2011-10-20 10:34:00,2011-10-20 10:34:00,1,1393.06,1006,15,1393.06,1006,0,50.0944444444444
"17356",2011-02-01 11:07:00,2011-02-01 11:07:00,1,178.22,166,19,178.22,166,0,311.071527777778
"17357",2011-11-15 16:29:00,2011-11-15 16:30:00,2,384.39,152,41,384.39,152,0,23.8472222222222
"17358",2010-12-19 14:16:00,2011-02-09 16:57:00,2,360.81,190,55,360.81,190,0,302.828472222222
"17359",2011-11-28 14:37:00,2011-11-28 14:37:00,1,127.86,161,13,127.86,161,0,10.9256944444444
"17360",2011-06-08 17:09:00,2011-11-22 13:11:00,3,568.24,328,113,568.24,328,0,16.9854166666667
"17361",2011-02-21 09:55:00,2011-10-21 15:43:00,3,488.2,157,26,488.2,157,0,48.8798611111111
"17362",2011-02-03 10:26:00,2011-04-14 14:43:00,2,312.23,191,30,312.23,191,0,238.921527777778
"17364",2011-01-12 16:57:00,2011-12-09 09:00:00,11,4462.68,2692,288,4437.23,2671,1,0.159722222222222
"17365",2011-01-11 12:11:00,2011-11-27 12:13:00,8,4767.36,4749,278,4767.36,4749,0,12.0256944444444
"17367",2011-04-15 14:21:00,2011-04-15 14:21:00,1,167.55,149,33,167.55,149,0,237.936805555556
"17368",2011-01-06 11:57:00,2011-11-16 15:26:00,8,1878.87,1377,93,1315.72,666,1,22.8916666666667
"17370",2011-06-23 11:50:00,2011-09-28 10:14:00,4,446.18,540,31,446.18,540,0,72.1083333333333
"17371",2010-12-13 15:20:00,2011-11-22 13:30:00,3,418.4,151,83,418.4,151,0,16.9722222222222
"17372",2010-12-12 12:00:00,2011-10-30 11:37:00,8,1337.18,747,215,1337.18,747,0,40.0506944444444
"17373",2011-01-31 11:46:00,2011-10-30 15:28:00,4,646.92,408,47,646.92,408,0,39.8902777777778
"17374",2011-03-03 12:53:00,2011-05-05 09:05:00,2,495.77,85,24,495.77,85,0,218.15625
"17375",2010-12-13 15:16:00,2011-05-24 15:45:00,3,400.1,367,63,372.5,361,1,198.878472222222
"17376",2011-02-01 14:12:00,2011-09-30 12:36:00,2,203.2,86,23,203.2,86,0,70.0097222222222
"17377",2010-12-01 12:35:00,2011-11-16 11:17:00,20,4058.32,2038,190,3883.32,2037,1,23.0645833333333
"17379",2011-11-28 13:56:00,2011-11-28 13:56:00,1,389.72,623,71,389.72,623,0,10.9541666666667
"17381",2010-12-02 12:58:00,2011-12-01 11:59:00,29,20275.61,25649,40,20272.43,25646,1,8.03541666666667
"17382",2011-10-05 13:05:00,2011-10-05 13:05:00,1,65.4,25,2,65.4,25,0,64.9895833333333
"17383",2011-12-05 17:36:00,2011-12-05 17:36:00,1,193.39,148,49,193.39,148,0,3.80138888888889
"17384",2011-05-04 16:07:00,2011-11-20 15:48:00,2,336.4,88,12,336.4,88,0,18.8763888888889
"17385",2011-11-25 11:02:00,2011-11-25 11:02:00,1,256.11,197,42,256.11,197,0,14.075
"17386",2011-06-27 12:11:00,2011-12-02 11:28:00,6,2686.42,1902,23,2686.42,1902,0,7.05694444444444
"17387",2011-11-06 11:25:00,2011-11-20 11:00:00,2,746.81,522,71,746.81,522,0,19.0763888888889
"17388",2011-02-25 12:28:00,2011-09-23 10:31:00,4,1259.56,1068,13,1259.56,1068,0,77.0965277777778
"17389",2011-01-12 15:48:00,2011-12-09 09:38:00,34,31833.68,7612,45,31300.08,7430,9,0.133333333333333
"17391",2011-06-28 12:21:00,2011-06-29 09:58:00,2,508.8,480,2,508.8,480,0,163.119444444444
"17392",2010-12-16 19:04:00,2011-02-06 12:48:00,2,417.27,277,53,417.27,277,0,306.001388888889
"17394",2011-05-04 13:22:00,2011-05-04 13:22:00,1,203.87,241,4,203.87,241,0,218.977777777778
"17396",2010-12-03 09:45:00,2011-10-31 14:12:00,8,7330.8,2005,24,7330.8,2005,0,38.9430555555556
"17397",2011-11-17 13:58:00,2011-11-17 14:08:00,2,681.41,250,88,681.41,250,0,21.9458333333333
"17398",2011-03-29 13:04:00,2011-08-17 09:48:00,3,653.38,310,30,653.38,310,0,114.126388888889
"17400",2010-12-21 17:16:00,2011-08-05 15:38:00,5,2097.84,1088,175,2097.84,1088,0,125.883333333333
"17402",2010-12-05 13:53:00,2011-12-05 10:15:00,13,2633.85,701,33,2633.85,701,0,4.10763888888889
"17403",2011-11-03 15:18:00,2011-11-03 15:18:00,1,263.92,111,32,263.92,111,0,35.8972222222222
"17404",2010-12-14 13:28:00,2011-12-05 16:26:00,15,31906.82,32748,111,30300.82,32324,3,3.85
"17405",2011-07-12 14:17:00,2011-12-08 17:12:00,3,1031.41,726,77,967.22,705,2,0.818055555555556
"17406",2010-12-08 10:35:00,2011-01-10 15:07:00,3,2184.42,780,99,1912.72,777,2,332.904861111111
"17408",2011-06-29 12:53:00,2011-06-29 12:53:00,1,32.65,3,2,32.65,3,0,162.997916666667
"17409",2011-04-05 16:42:00,2011-06-08 10:36:00,2,771.85,105,13,771.85,105,0,184.093055555556
"17410",2011-05-08 15:21:00,2011-11-23 15:46:00,5,1214.72,616,57,1214.72,616,0,15.8777777777778
"17411",2011-03-23 13:44:00,2011-11-27 14:25:00,3,778.94,306,39,748.94,298,1,11.9340277777778
"17412",2010-12-02 16:29:00,2011-12-07 11:36:00,7,1258.06,738,48,1258.06,738,0,2.05138888888889
"17414",2011-06-08 11:43:00,2011-10-27 12:13:00,2,778,2100,5,778,2100,0,43.0256944444444
"17415",2011-09-21 12:50:00,2011-09-21 12:50:00,1,507.84,114,14,507.84,114,0,79
"17416",2011-03-03 13:45:00,2011-11-10 12:47:00,7,6893.42,4302,186,6838.34,4266,2,29.0020833333333
"17418",2011-01-20 11:39:00,2011-10-28 13:00:00,2,463.46,289,29,463.46,289,0,41.9930555555556
"17419",2010-12-07 15:03:00,2011-11-28 13:47:00,12,4226.57,1876,155,4200.97,1872,2,10.9604166666667
"17420",2010-12-01 09:56:00,2011-10-20 14:52:00,3,598.83,265,28,598.83,265,0,49.9152777777778
"17422",2011-02-16 14:44:00,2011-11-23 13:27:00,6,1979.37,2253,93,1853.13,2195,4,15.9743055555556
"17423",2011-05-06 09:14:00,2011-10-24 13:36:00,2,698.41,459,26,663.63,421,2,45.9680555555556
"17425",2011-10-10 11:37:00,2011-11-20 15:30:00,2,759.17,407,42,759.17,407,0,18.8888888888889
"17426",2011-03-02 16:34:00,2011-12-01 18:07:00,6,5037.26,3094,179,5022.26,3082,1,7.77986111111111
"17427",2011-09-29 11:29:00,2011-09-29 11:29:00,1,100.8,34,2,100.8,34,0,71.05625
"17428",2010-12-06 09:37:00,2011-12-09 09:45:00,28,17256.85,9474,252,17078.45,9435,5,0.128472222222222
"17429",2011-05-05 09:53:00,2011-08-03 13:22:00,3,524.92,624,36,512.12,616,1,127.977777777778
"17430",2010-12-09 13:05:00,2011-11-07 09:24:00,2,265.76,190,14,265.76,190,0,32.1430555555556
"17431",2011-01-30 14:36:00,2011-01-30 14:36:00,1,403.3,292,41,403.3,292,0,312.926388888889
"17432",2011-11-02 17:30:00,2011-11-21 17:33:00,2,365.76,207,44,365.76,207,0,17.8034722222222
"17433",2011-09-12 14:24:00,2011-09-12 14:24:00,1,303.16,185,53,303.16,185,0,87.9347222222222
"17434",2011-09-15 13:54:00,2011-12-07 13:16:00,7,2373.82,1693,100,2333.42,1685,2,1.98194444444444
"17436",2011-04-27 11:33:00,2011-12-08 12:30:00,2,216.3,90,7,216.3,90,0,1.01388888888889
"17438",2011-03-31 10:26:00,2011-03-31 10:26:00,1,388.45,103,17,378.3,100,1,253.1
"17440",2011-04-06 12:05:00,2011-07-06 11:54:00,3,186.42,246,3,177.1,232,2,156.038888888889
"17442",2011-02-22 13:02:00,2011-11-03 09:17:00,6,2248.56,1496,96,2210.26,1490,4,36.1479166666667
"17443",2011-05-04 10:47:00,2011-05-04 10:47:00,1,534.24,504,1,534.24,504,0,219.085416666667
"17444",2011-06-20 09:04:00,2011-07-15 12:05:00,3,2940.04,2119,132,2940.04,2119,0,147.03125
"17446",2011-02-02 14:40:00,2011-06-16 10:42:00,2,120.9,198,6,120.9,198,0,176.088888888889
"17447",2011-09-29 10:10:00,2011-10-30 14:18:00,2,541.53,443,33,541.53,443,0,39.9388888888889
"17449",2010-12-15 10:57:00,2011-12-07 16:56:00,7,2519.21,1121,178,2503.21,1114,1,1.82916666666667
"17450",2010-12-07 09:23:00,2011-12-01 13:29:00,46,194390.79,69973,124,187322.17,69009,9,7.97291666666667
"17451",2011-08-26 11:54:00,2011-12-08 15:02:00,7,1721.4,1203,83,1648.95,1178,3,0.908333333333333
"17453",2011-10-06 17:02:00,2011-11-22 09:42:00,2,486.72,219,19,486.72,219,0,17.1305555555556
"17454",2010-12-15 10:54:00,2011-05-31 13:58:00,4,517.53,243,57,517.53,243,0,191.952777777778
"17455",2011-05-20 12:31:00,2011-05-20 12:31:00,1,131.7,66,8,131.7,66,0,203.013194444444
"17456",2010-12-09 15:23:00,2010-12-09 15:23:00,1,249.86,222,17,249.86,222,0,364.89375
"17457",2011-01-04 14:33:00,2011-08-05 12:48:00,5,1737.7,826,14,1737.7,826,0,126.001388888889
"17458",2011-11-24 13:01:00,2011-11-24 13:01:00,1,316.5,170,52,316.5,170,0,14.9923611111111
"17459",2011-10-10 17:00:00,2011-10-27 13:25:00,2,657.3,537,88,657.3,537,0,42.9756944444444
"17460",2010-12-01 16:24:00,2011-09-06 15:04:00,6,622.43,236,18,452.63,176,2,93.9069444444444
"17461",2011-11-10 12:01:00,2011-11-17 10:21:00,3,735.82,770,104,735.82,770,0,22.1034722222222
"17462",2011-02-28 17:01:00,2011-10-10 13:56:00,2,675.69,227,25,662.94,224,1,59.9541666666667
"17463",2011-01-30 15:48:00,2011-11-23 13:40:00,5,1875.86,1086,162,1860.81,1081,1,15.9652777777778
"17464",2011-07-04 13:19:00,2011-07-04 13:19:00,1,289.96,220,9,289.96,220,0,157.979861111111
"17466",2011-09-22 09:16:00,2011-11-29 13:15:00,2,763.28,306,41,763.28,306,0,9.98263888888889
"17468",2011-11-25 12:52:00,2011-11-29 15:33:00,2,137,116,5,137,116,0,9.88680555555556
"17469",2011-05-19 08:55:00,2011-11-23 13:15:00,5,1870.97,787,61,1843.06,778,1,15.9826388888889
"17470",2010-12-07 09:57:00,2011-10-26 12:42:00,5,1125.07,1675,67,1125.07,1675,0,44.0055555555556
"17472",2011-02-13 14:40:00,2011-06-01 14:57:00,3,697.54,455,142,697.54,455,0,190.911805555556
"17475",2011-09-21 14:55:00,2011-09-21 14:55:00,1,194.37,178,14,194.37,178,0,78.9131944444444
"17480",2011-09-23 11:39:00,2011-09-23 11:39:00,1,511.82,338,29,506.51,336,1,77.0493055555555
"17481",2011-09-07 09:57:00,2011-12-06 12:28:00,4,1255.59,1061,69,1249.34,1060,1,3.01527777777778
"17483",2011-06-09 19:40:00,2011-10-05 13:10:00,3,414.04,191,18,414.04,191,0,64.9861111111111
"17486",2011-03-23 14:00:00,2011-03-23 14:00:00,1,396.87,191,24,396.87,191,0,260.951388888889
"17489",2011-05-11 11:34:00,2011-10-12 08:56:00,2,376.64,428,28,376.64,428,0,58.1625
"17490",2011-06-16 09:15:00,2011-12-09 09:08:00,7,2092.32,1134,63,1926.88,1021,4,0.154166666666667
"17491",2010-12-07 12:18:00,2011-12-08 16:18:00,10,3558.87,2013,72,3541.92,2012,1,0.855555555555556
"17492",2011-04-05 15:21:00,2011-04-05 15:21:00,1,374.57,155,12,374.57,155,0,247.895138888889
"17495",2011-11-01 12:06:00,2011-12-02 12:08:00,2,497.56,229,21,497.56,229,0,7.02916666666667
"17496",2010-12-16 08:39:00,2010-12-16 08:39:00,1,271.05,79,10,271.05,79,0,358.174305555556
"17498",2011-09-25 12:25:00,2011-09-25 12:25:00,1,272.22,394,17,272.22,394,0,75.0173611111111
"17499",2011-02-23 09:14:00,2011-02-23 09:14:00,1,622.88,711,40,622.88,711,0,289.15
"17500",2011-11-10 09:08:00,2011-11-22 14:25:00,3,1138,17,3,1138,17,0,16.9340277777778
"17501",2011-05-03 09:46:00,2011-05-03 09:47:00,2,288.6,160,18,288.6,160,0,220.127083333333
"17502",2011-11-10 16:39:00,2011-11-30 13:13:00,4,689.1,376,25,689.1,376,0,8.98402777777778
"17503",2011-11-01 11:12:00,2011-12-07 09:18:00,2,558.96,486,36,558.96,486,0,2.14722222222222
"17504",2011-01-21 11:09:00,2011-05-17 12:59:00,9,2997.03,1664,112,2745.28,1456,1,205.99375
"17505",2011-05-18 09:01:00,2011-07-01 12:50:00,2,1145.84,556,48,1145.84,556,0,161
"17506",2011-09-25 11:39:00,2011-09-25 11:39:00,1,302.2,139,14,294.29,136,1,75.0493055555555
"17507",2011-02-03 18:08:00,2011-03-23 11:48:00,2,605.58,359,79,605.58,359,0,261.043055555556
"17508",2011-03-04 08:10:00,2011-03-04 08:10:00,1,387.31,289,22,387.31,289,0,280.194444444444
"17509",2011-10-07 13:14:00,2011-10-13 10:26:00,8,6083.64,3512,75,6069.24,3508,3,57.1
"17510",2011-11-15 10:00:00,2011-11-15 10:00:00,1,308.48,214,20,308.48,214,0,24.1180555555556
"17511",2010-12-01 10:19:00,2011-12-07 10:12:00,31,91062.38,64549,453,88125.38,63012,15,2.10972222222222
"17512",2011-02-11 12:22:00,2011-11-11 12:11:00,10,2924.99,2753,61,2920.04,2752,1,28.0270833333333
"17513",2011-09-28 16:42:00,2011-09-28 16:42:00,1,513.2,254,6,513.2,254,0,71.8388888888889
"17514",2011-08-03 15:45:00,2011-08-03 15:45:00,1,208.65,135,40,208.65,135,0,127.878472222222
"17515",2011-01-25 14:33:00,2011-11-08 14:04:00,4,639.02,243,49,639.02,243,0,30.9486111111111
"17516",2011-02-27 12:41:00,2011-11-24 16:51:00,5,764.88,414,113,764.88,414,0,14.8326388888889
"17517",2011-02-04 11:48:00,2011-02-04 11:48:00,1,153.94,102,11,153.94,102,0,308.043055555556
"17519",2010-12-06 15:18:00,2011-11-22 16:43:00,6,1844.02,1236,60,1839.07,1233,1,16.8381944444444
"17520",2011-10-17 12:04:00,2011-10-17 12:04:00,1,546.81,365,30,546.81,365,0,53.0319444444444
"17521",2011-05-24 15:14:00,2011-11-10 11:22:00,3,723.21,519,38,721.96,518,1,29.0611111111111
"17522",2011-05-05 16:31:00,2011-12-08 12:31:00,5,1070.71,1034,59,1070.71,1034,0,1.01319444444444
"17523",2011-11-20 13:40:00,2011-11-28 13:20:00,4,652.74,872,25,652.74,872,0,10.9791666666667
"17524",2010-12-13 14:32:00,2010-12-13 14:32:00,1,145,90,6,145,90,0,360.929166666667
"17525",2010-12-15 12:05:00,2010-12-15 12:05:00,1,422.7,82,9,422.7,82,0,359.03125
"17526",2010-12-09 12:20:00,2011-12-05 11:05:00,4,1195.9,310,17,706.7,257,4,4.07291666666667
"17527",2011-05-05 13:43:00,2011-10-17 12:32:00,4,939.37,488,45,888.86,463,2,53.0125
"17528",2011-09-29 13:04:00,2011-12-08 13:27:00,8,3628.5,2138,183,3540.1,2130,3,0.974305555555556
"17530",2010-12-09 20:01:00,2011-12-08 18:42:00,10,2367.12,1514,306,2367.12,1514,0,0.755555555555556
"17531",2011-06-02 19:17:00,2011-06-02 19:17:00,1,296.7,136,14,293.45,135,1,189.73125
"17534",2011-10-17 12:47:00,2011-10-17 12:47:00,1,223.36,103,9,223.36,103,0,53.0020833333333
"17535",2011-03-04 15:20:00,2011-03-04 15:20:00,1,164.4,136,13,164.4,136,0,279.895833333333
"17536",2011-06-15 13:23:00,2011-06-15 13:23:00,1,76.5,6,3,76.5,6,0,176.977083333333
"17537",2011-02-09 13:37:00,2011-11-10 10:56:00,2,887.67,699,74,887.67,699,0,29.0791666666667
"17538",2011-11-14 12:12:00,2011-11-14 12:12:00,1,98.42,134,9,98.42,134,0,25.0263888888889
"17540",2011-01-27 14:35:00,2011-11-15 11:56:00,2,578.9,194,20,570.4,193,1,24.0375
"17542",2011-03-15 11:45:00,2011-03-15 11:45:00,1,170.75,134,24,170.75,134,0,269.045138888889
"17545",2011-10-27 13:48:00,2011-10-27 14:04:00,3,642.32,337,122,642.32,337,0,42.9486111111111
"17548",2011-04-20 12:01:00,2011-04-20 12:01:00,1,103.3,58,5,-141.48,-132,2,233.034027777778
"17549",2011-10-19 10:05:00,2011-11-16 09:59:00,2,148.86,210,5,148.86,210,0,23.11875
"17550",2011-04-10 15:19:00,2011-05-26 14:09:00,3,267.16,86,42,267.16,86,0,196.945138888889
"17551",2010-12-15 14:12:00,2010-12-15 14:12:00,1,290.34,142,39,290.34,142,0,358.943055555556
"17552",2010-12-02 18:45:00,2011-10-10 17:00:00,4,930.41,719,43,909.96,708,2,59.8263888888889
"17553",2011-08-02 10:00:00,2011-08-02 10:00:00,1,1487.6,1048,2,1487.6,1048,0,129.118055555556
"17554",2011-07-14 20:01:00,2011-12-08 14:15:00,5,1952.45,1763,58,1952.45,1763,0,0.940972222222222
"17555",2011-01-09 12:31:00,2011-11-20 12:22:00,2,480.31,348,101,480.31,348,0,19.0194444444444
"17556",2011-05-18 10:48:00,2011-05-18 10:48:00,1,157.9,101,6,157.9,101,0,205.084722222222
"17557",2011-09-19 14:23:00,2011-11-25 12:57:00,3,541.46,306,27,541.46,306,0,13.9951388888889
"17560",2011-02-02 11:14:00,2011-09-06 09:18:00,4,854.95,635,22,854.95,635,0,94.1472222222222
"17561",2011-11-20 12:53:00,2011-11-20 12:53:00,1,165.12,144,44,165.12,144,0,18.9979166666667
"17562",2011-06-19 13:06:00,2011-11-25 14:21:00,7,1122.38,817,48,1107.38,813,1,13.9368055555556
"17564",2011-09-20 14:00:00,2011-11-15 13:27:00,3,454.01,146,38,454.01,146,0,23.9743055555556
"17566",2011-11-14 13:42:00,2011-12-01 19:54:00,2,869.77,497,113,869.77,497,0,7.70555555555556
"17567",2010-12-02 15:18:00,2011-12-02 15:48:00,8,4331.48,2632,110,4012.56,2428,2,6.87638888888889
"17569",2011-01-11 14:15:00,2011-01-11 14:15:00,1,344.14,159,29,344.14,159,0,331.940972222222
"17571",2011-02-14 15:15:00,2011-10-20 15:57:00,4,1425.67,876,247,1425.67,876,0,49.8701388888889
"17572",2010-12-01 12:51:00,2011-09-29 17:53:00,4,226.75,95,7,226.75,95,0,70.7895833333333
"17573",2011-09-07 10:36:00,2011-11-10 13:01:00,3,380.6,308,24,362.9,302,1,28.9923611111111
"17574",2011-04-11 09:47:00,2011-04-11 09:47:00,1,185.65,77,8,185.65,77,0,242.127083333333
"17576",2010-12-09 16:57:00,2011-12-01 17:56:00,19,3564.83,1967,245,3399.93,1927,3,7.7875
"17578",2011-05-05 18:38:00,2011-05-05 18:38:00,1,143.46,138,5,124.74,90,1,217.758333333333
"17579",2011-06-13 14:12:00,2011-12-05 12:28:00,3,448.9,258,46,440.2,256,1,4.01527777777778
"17580",2010-12-16 15:27:00,2011-04-01 12:41:00,3,215.72,88,43,215.72,88,0,252.00625
"17581",2010-12-02 14:47:00,2011-12-09 12:21:00,25,11025.24,5915,229,10716.31,5849,6,0.0201388888888889
"17582",2011-04-17 13:18:00,2011-04-17 13:18:00,1,175.27,123,28,175.27,123,0,235.980555555556
"17584",2011-08-04 14:12:00,2011-12-02 17:12:00,2,1242.3,458,30,1227.3,446,1,6.81805555555556
"17585",2011-01-05 15:09:00,2011-08-22 13:30:00,4,1116.68,1650,176,1116.68,1650,0,108.972222222222
"17588",2011-04-21 10:31:00,2011-08-31 13:37:00,3,1240.2,676,19,1240.2,676,0,99.9673611111111
"17589",2011-04-13 13:47:00,2011-10-10 16:58:00,4,2404.17,1631,172,2404.17,1631,0,59.8277777777778
"17590",2011-10-30 14:05:00,2011-12-07 12:55:00,3,1468.02,822,162,1468.02,822,0,1.99652777777778
"17591",2010-12-07 15:39:00,2011-09-27 13:42:00,7,2203.67,1000,81,2192.72,999,1,72.9638888888889
"17593",2010-12-22 10:29:00,2011-12-06 10:30:00,5,3923.86,3089,190,3908.08,3083,1,3.09722222222222
"17594",2011-03-30 10:32:00,2011-09-15 16:34:00,2,993.18,550,42,993.18,550,0,84.8444444444444
"17595",2011-11-02 16:19:00,2011-11-27 16:08:00,2,386.69,228,68,386.69,228,0,11.8625
"17596",2010-12-06 12:34:00,2011-11-16 14:11:00,7,2806.69,4376,168,2806.69,4376,0,22.94375
"17597",2011-05-10 11:54:00,2011-05-10 11:54:00,1,2044.37,1176,55,2044.37,1176,0,213.038888888889
"17600",2011-11-22 09:43:00,2011-11-22 09:43:00,1,161.67,144,13,161.67,144,0,17.1298611111111
"17601",2011-04-14 18:02:00,2011-04-14 18:02:00,1,116.01,103,9,116.01,103,0,238.783333333333
"17602",2011-01-19 16:18:00,2011-12-07 13:53:00,6,5054.42,4116,335,5002.22,4100,2,1.95625
"17603",2011-09-22 14:18:00,2011-09-22 14:18:00,1,394.72,74,11,-1165.3,-31,4,77.9388888888889
"17604",2011-01-31 15:09:00,2011-05-06 13:43:00,2,309.36,169,57,309.36,169,0,216.963194444444
"17608",2011-11-06 13:00:00,2011-11-06 13:06:00,2,191.99,229,54,191.99,229,0,32.9888888888889
"17609",2011-01-16 16:23:00,2011-10-30 12:28:00,5,1105.78,719,199,1097.48,717,1,40.0152777777778
"17611",2010-12-13 13:52:00,2011-12-02 13:29:00,15,3961.12,2550,440,3924.77,2542,4,6.97291666666667
"17612",2011-02-15 10:40:00,2011-10-17 14:59:00,6,2048.45,1808,116,1992.76,1787,4,52.9104166666667
"17613",2011-02-07 11:20:00,2011-11-17 10:51:00,14,4544.55,2490,211,4494.77,2464,3,22.0826388888889
"17614",2011-10-13 16:01:00,2011-10-13 16:01:00,1,386.32,235,97,386.32,235,0,56.8673611111111
"17615",2011-05-01 15:33:00,2011-08-01 14:06:00,3,329.6,140,13,329.6,140,0,129.947222222222
"17616",2010-12-07 10:04:00,2011-06-19 10:11:00,3,571.2,224,1,571.2,224,0,173.110416666667
"17618",2010-12-12 16:05:00,2011-12-04 11:50:00,3,930.28,319,56,930.28,319,0,5.04166666666667
"17619",2011-01-31 14:18:00,2011-01-31 14:18:00,1,214.37,124,71,214.37,124,0,311.938888888889
"17620",2011-10-11 12:08:00,2011-10-11 12:08:00,1,81.44,60,4,81.44,60,0,59.0291666666667
"17621",2010-12-20 13:31:00,2011-11-18 17:11:00,3,1379.9,514,24,1336.1,510,1,20.81875
"17623",2011-11-07 11:32:00,2011-11-07 11:32:00,1,527.05,265,33,527.05,265,0,32.0541666666667
"17624",2011-05-05 17:59:00,2011-11-25 10:52:00,2,843.48,554,49,843.48,554,0,14.0819444444444
"17625",2011-03-27 12:21:00,2011-11-21 13:36:00,4,2020.4,1180,223,2020.4,1180,0,17.9680555555556
"17628",2011-09-19 15:21:00,2011-09-19 15:21:00,1,75.75,79,5,75.75,79,0,80.8951388888889
"17629",2010-12-15 09:58:00,2011-12-04 10:56:00,8,1814.12,1629,106,1784.12,1621,1,5.07916666666667
"17630",2011-04-21 14:03:00,2011-06-23 11:58:00,2,503.6,158,24,503.6,158,0,169.036111111111
"17631",2011-04-21 13:22:00,2011-12-08 09:47:00,3,528.33,334,39,528.33,334,0,1.12708333333333
"17633",2011-08-11 15:43:00,2011-11-08 13:25:00,4,1324.84,644,59,1242.34,630,2,30.9756944444444
"17634",2011-01-06 12:45:00,2011-11-03 13:09:00,9,2358.59,838,209,2358.59,838,0,35.9868055555556
"17636",2011-11-20 14:40:00,2011-11-20 14:40:00,1,285.56,182,20,265.93,176,1,18.9236111111111
"17637",2011-08-16 13:25:00,2011-11-08 12:51:00,2,547.06,280,35,547.06,280,0,30.9993055555556
"17639",2011-03-08 15:22:00,2011-03-08 15:22:00,1,108.5,49,7,108.5,49,0,275.894444444444
"17640",2011-09-14 09:13:00,2011-09-14 09:13:00,1,621.66,250,5,621.66,250,0,86.1506944444444
"17642",2011-06-16 12:55:00,2011-08-12 09:11:00,2,712.29,474,34,712.29,474,0,119.152083333333
"17643",2010-12-01 14:38:00,2010-12-01 14:38:00,1,101.55,71,8,101.55,71,0,372.925
"17644",2011-03-24 09:44:00,2011-12-08 13:43:00,11,2895.64,1793,102,2768.98,1741,6,0.963194444444444
"17646",2010-12-09 14:28:00,2011-05-04 13:17:00,3,1008.39,323,46,995.66,320,1,218.98125
"17647",2011-10-05 15:38:00,2011-10-05 15:38:00,1,133.06,30,7,133.06,30,0,64.8833333333333
"17648",2011-04-04 10:29:00,2011-10-10 09:41:00,4,1797.5,487,81,1789.55,486,1,60.13125
"17649",2011-07-24 15:53:00,2011-07-24 15:53:00,1,868.49,399,52,861.74,398,1,137.872916666667
"17650",2011-11-18 14:52:00,2011-11-18 14:52:00,1,166.08,150,8,166.08,150,0,20.9152777777778
"17651",2011-06-15 15:57:00,2011-11-28 10:29:00,10,3945,3112,149,3886.67,3100,4,11.0979166666667
"17652",2011-03-03 14:05:00,2011-11-14 12:55:00,12,4867.72,2509,118,4737.13,2479,6,24.9965277777778
"17653",2011-08-11 15:24:00,2011-11-03 12:46:00,4,1207.56,1409,44,1175.88,1401,1,36.0027777777778
"17654",2011-03-07 13:17:00,2011-03-07 13:17:00,1,117.55,41,22,117.55,41,0,276.98125
"17655",2010-12-08 16:45:00,2011-11-29 11:34:00,7,2638.94,1116,66,2571.74,956,1,10.0527777777778
"17656",2011-08-03 10:45:00,2011-09-27 13:04:00,5,1674.69,1399,67,1674.69,1399,0,72.9902777777778
"17658",2011-05-12 15:23:00,2011-11-14 12:07:00,2,595.42,616,17,485.88,522,1,25.0298611111111
"17659",2010-12-02 16:46:00,2011-11-22 13:29:00,12,2999.46,1525,127,2954.75,1486,2,16.9729166666667
"17660",2011-07-21 13:37:00,2011-07-21 13:37:00,1,178.75,121,37,178.75,121,0,140.967361111111
"17663",2011-02-25 14:11:00,2011-11-14 08:56:00,7,1802.91,797,63,1788.27,793,2,25.1625
"17664",2011-05-11 14:17:00,2011-11-21 11:29:00,2,604.64,604,41,604.64,604,0,18.05625
"17666",2011-10-05 11:06:00,2011-12-06 09:06:00,2,728.16,596,14,728.16,596,0,3.15555555555556
"17667",2011-02-14 09:24:00,2011-10-04 14:32:00,5,2055.51,1033,85,2055.51,1033,0,65.9291666666667
"17668",2011-11-01 14:45:00,2011-12-08 13:25:00,2,347.75,93,14,347.75,93,0,0.975694444444444
"17669",2011-04-04 10:11:00,2011-10-28 08:53:00,7,3406.72,1916,45,3406.72,1916,0,42.1645833333333
"17670",2011-04-26 09:12:00,2011-04-26 09:12:00,1,205.7,110,11,205.7,110,0,227.151388888889
"17671",2010-12-09 14:27:00,2011-11-24 12:21:00,4,1572.71,772,40,1284.08,659,2,15.0201388888889
"17672",2011-02-03 13:29:00,2011-10-20 14:18:00,2,3178.17,1690,105,3106.62,1672,2,49.9388888888889
"17673",2011-01-23 15:16:00,2011-12-08 12:50:00,6,1594.97,1462,118,1588.07,1460,1,1
"17674",2010-12-06 10:20:00,2011-09-26 13:35:00,2,551.04,672,19,551.04,672,0,73.96875
"17675",2010-12-07 13:22:00,2011-12-08 18:03:00,31,20374.28,8360,239,20098.1,8278,10,0.782638888888889
"17676",2010-12-08 13:49:00,2011-12-05 15:16:00,6,1371.18,922,49,1366.77,921,1,3.89861111111111
"17677",2010-12-06 08:42:00,2011-12-08 09:56:00,30,16345.38,9772,178,16201.37,9722,13,1.12083333333333
"17678",2011-03-21 11:52:00,2011-03-21 11:52:00,1,298.11,207,16,298.11,207,0,263.040277777778
"17679",2011-09-15 10:35:00,2011-10-18 07:43:00,2,1992.11,729,29,1992.11,729,0,52.2131944444444
"17680",2011-11-16 12:42:00,2011-11-16 12:42:00,1,184.4,96,11,184.4,96,0,23.0055555555556
"17682",2010-12-06 13:35:00,2011-11-29 15:59:00,6,2474.33,1367,48,2459.33,1365,1,9.86875
"17684",2011-10-27 11:10:00,2011-10-27 11:10:00,1,239.41,145,15,239.41,145,0,43.0694444444444
"17685",2010-12-02 14:42:00,2011-11-23 11:36:00,7,3155.83,1907,88,3155.83,1907,0,16.0513888888889
"17686",2011-02-10 10:18:00,2011-12-02 15:39:00,7,5739.46,2478,205,5739.46,2478,0,6.88263888888889
"17690",2010-12-01 16:15:00,2011-11-09 15:17:00,15,4726.8,1769,186,4717.3,1763,1,29.8979166666667
"17691",2010-12-06 11:10:00,2010-12-16 17:20:00,2,290.4,134,18,290.4,134,0,357.8125
"17692",2010-12-15 13:37:00,2011-08-04 14:01:00,4,740.94,672,34,733.44,666,1,126.950694444444
"17693",2011-07-25 15:48:00,2011-07-25 15:48:00,1,200.47,231,16,187.02,229,2,136.876388888889
"17694",2011-07-21 12:00:00,2011-07-21 12:00:00,1,283.12,184,15,283.12,184,0,141.034722222222
"17695",2011-06-21 12:35:00,2011-07-31 10:40:00,2,765.34,779,30,765.34,779,0,131.090277777778
"17696",2010-12-10 09:51:00,2011-11-01 13:43:00,8,2285.71,1756,78,2201.05,1730,6,37.9631944444444
"17697",2011-04-17 15:40:00,2011-04-17 15:40:00,1,338.95,93,19,338.95,93,0,235.881944444444
"17698",2011-03-24 11:34:00,2011-03-24 11:34:00,1,154.95,93,8,154.95,93,0,260.052777777778
"17700",2011-03-03 16:34:00,2011-11-23 11:51:00,4,2534.64,1266,116,2508.89,1261,2,16.0409722222222
"17701",2011-04-01 12:25:00,2011-04-01 12:25:00,1,417.95,109,24,417.95,109,0,252.017361111111
"17702",2011-05-17 16:23:00,2011-11-09 16:03:00,4,1824.37,1353,58,1719.72,1320,2,29.8659722222222
"17703",2011-07-24 13:30:00,2011-11-04 15:51:00,3,798.74,590,47,798.74,590,0,34.8743055555556
"17704",2011-04-14 09:28:00,2011-06-24 09:40:00,2,885.19,343,27,885.19,343,0,168.131944444444
"17705",2011-02-11 10:57:00,2011-12-06 13:45:00,9,1823.52,963,63,1781.12,957,1,2.96180555555556
"17706",2010-12-08 11:02:00,2011-12-05 13:34:00,17,10504.49,3899,270,10097.37,3833,5,3.96944444444444
"17707",2011-01-07 13:30:00,2011-06-07 15:03:00,2,152.4,144,3,152.4,144,0,184.907638888889
"17708",2011-01-19 10:09:00,2011-06-05 10:12:00,2,263.33,90,28,263.33,90,0,187.109722222222
"17709",2011-06-23 11:55:00,2011-06-23 11:55:00,1,137.45,17,7,137.45,17,0,169.038194444444
"17711",2011-02-23 11:32:00,2011-11-29 11:40:00,2,385.1,246,22,385.1,246,0,10.0486111111111
"17712",2011-10-26 12:28:00,2011-10-26 12:28:00,1,522.91,215,29,522.91,215,0,44.0152777777778
"17714",2011-01-23 10:32:00,2011-01-23 10:32:00,1,153,92,10,153,92,0,320.095833333333
"17715",2011-05-23 12:32:00,2011-05-23 12:32:00,1,326.4,384,1,326.4,384,0,200.0125
"17716",2011-03-17 10:38:00,2011-11-17 12:00:00,11,5655.99,3072,171,5505.79,3004,1,22.0347222222222
"17718",2011-04-21 13:39:00,2011-04-21 13:39:00,1,139.35,83,6,139.35,83,0,231.965972222222
"17719",2011-03-29 11:29:00,2011-11-02 10:36:00,15,5396.04,2466,111,5367.8,2455,3,37.0930555555556
"17720",2010-12-07 10:43:00,2011-11-13 15:04:00,4,1195.94,576,39,1195.94,576,0,25.9069444444444
"17722",2010-12-08 12:41:00,2011-09-04 15:22:00,4,2424.04,1595,111,2380.64,1572,2,95.8944444444444
"17723",2011-05-09 14:44:00,2011-08-04 18:37:00,6,3276.4,792,4,3276.4,792,0,126.759027777778
"17724",2011-07-24 13:26:00,2011-09-29 15:26:00,3,1033,300,38,995.65,289,1,70.8916666666667
"17725",2011-03-17 19:47:00,2011-11-23 16:34:00,11,3439.08,2162,115,3371.13,2141,3,15.8444444444444
"17727",2011-11-24 17:06:00,2011-11-24 17:06:00,1,1060.25,645,66,1042.55,639,1,14.8222222222222
"17728",2011-09-14 11:39:00,2011-12-06 08:52:00,3,2876.01,1469,153,2515.68,1464,2,3.16527777777778
"17730",2011-01-17 14:49:00,2011-12-06 15:43:00,13,5298.48,3576,127,5288.83,3567,2,2.87986111111111
"17731",2011-06-09 14:18:00,2011-09-21 15:02:00,4,1240.11,493,54,878.2,392,1,78.9083333333333
"17732",2010-12-02 09:29:00,2010-12-02 09:29:00,1,303.97,93,18,303.97,93,0,372.139583333333
"17733",2011-03-23 09:54:00,2011-11-01 08:16:00,2,692.19,463,33,692.19,463,0,38.1902777777778
"17734",2011-04-20 10:04:00,2011-10-17 12:33:00,3,700.63,422,40,700.63,422,0,53.0118055555556
"17735",2010-12-07 10:32:00,2011-12-07 16:47:00,19,13110.02,8439,319,13110.02,8439,0,1.83541666666667
"17736",2011-08-18 14:33:00,2011-11-30 15:36:00,3,377.44,238,24,337.49,237,1,8.88472222222222
"17737",2011-10-12 14:42:00,2011-11-30 15:16:00,2,168.24,108,8,168.24,108,0,8.89861111111111
"17738",2011-03-02 16:26:00,2011-11-20 15:05:00,4,1879.05,1029,89,1863.35,1027,1,18.90625
"17739",2010-12-14 14:26:00,2011-11-28 09:12:00,7,2791.35,861,29,2786.05,856,1,11.1513888888889
"17742",2011-01-11 10:04:00,2011-08-18 15:28:00,2,355.11,89,13,355.11,89,0,112.890277777778
"17744",2010-12-16 14:17:00,2011-12-06 12:11:00,6,2322.4,3412,110,2291.08,3376,1,3.02708333333333
"17746",2011-04-13 14:31:00,2011-04-13 14:31:00,1,110.25,29,6,98.8,26,1,239.929861111111
"17747",2011-08-19 08:13:00,2011-08-19 08:13:00,1,71.4,12,1,64.65,11,1,112.192361111111
"17749",2011-03-28 13:39:00,2011-06-14 15:45:00,2,674.52,320,33,674.52,320,0,177.878472222222
"17750",2011-06-28 15:44:00,2011-12-04 14:09:00,9,1710.45,3747,101,1710.45,3747,0,4.94513888888889
"17752",2010-12-15 16:19:00,2010-12-15 16:19:00,1,80.64,192,1,80.64,192,0,358.854861111111
"17754",2011-03-24 13:54:00,2011-12-09 11:20:00,5,1664.65,1816,82,1632.31,1767,1,0.0625
"17757",2010-12-02 17:17:00,2011-12-08 15:31:00,30,5593.39,3318,275,5573.59,3314,1,0.888194444444444
"17758",2011-04-03 15:22:00,2011-11-20 14:45:00,8,3408.2,2054,310,3408.2,2054,0,18.9201388888889
"17759",2011-06-23 13:35:00,2011-11-22 16:02:00,3,819.96,697,82,819.96,697,0,16.8666666666667
"17760",2010-12-01 15:08:00,2011-11-18 10:56:00,2,287.59,239,25,287.59,239,0,21.0791666666667
"17761",2011-11-07 10:23:00,2011-11-07 10:23:00,1,712.78,398,19,712.78,398,0,32.1020833333333
"17763",2011-03-21 14:25:00,2011-03-21 14:25:00,1,15,12,1,15,12,0,262.934027777778
"17764",2011-05-12 16:11:00,2011-10-20 11:03:00,2,772.55,351,71,772.55,351,0,50.0743055555556
"17765",2011-03-28 11:58:00,2011-07-04 12:41:00,3,367.63,143,51,367.63,143,0,158.00625
"17767",2011-11-24 14:42:00,2011-11-24 14:42:00,1,271.2,128,21,271.2,128,0,14.9222222222222
"17768",2011-06-26 13:46:00,2011-12-01 13:22:00,3,2081.9,1122,77,2081.9,1122,0,7.97777777777778
"17769",2011-01-23 11:15:00,2011-11-27 11:18:00,10,3957.43,1850,200,3920.08,1845,2,12.0638888888889
"17770",2011-03-02 13:35:00,2011-05-25 12:34:00,5,1143.27,365,33,1143.27,365,0,198.011111111111
"17771",2011-01-20 14:13:00,2011-10-14 11:43:00,2,245.81,287,51,245.81,287,0,56.0465277777778
"17772",2011-11-29 10:57:00,2011-11-29 11:05:00,2,173.45,55,50,173.45,55,0,10.0729166666667
"17774",2011-02-07 13:13:00,2011-09-04 12:49:00,4,1213.73,508,123,1203.78,507,1,96.0006944444444
"17775",2011-03-30 10:50:00,2011-03-30 10:50:00,1,56.4,72,3,56.4,72,0,254.083333333333
"17777",2011-08-31 14:35:00,2011-11-15 12:02:00,3,647.56,501,141,647.56,501,0,24.0333333333333
"17779",2011-07-19 12:19:00,2011-11-18 14:15:00,3,650.32,396,73,633.92,393,2,20.9409722222222
"17781",2011-03-31 19:54:00,2011-07-03 16:00:00,2,188.02,34,12,188.02,34,0,158.868055555556
"17783",2011-04-06 10:07:00,2011-09-28 16:07:00,2,283.47,354,67,283.47,354,0,71.8631944444444
"17785",2011-10-17 13:43:00,2011-10-17 13:43:00,1,131.94,67,13,131.94,67,0,52.9631944444444
"17786",2011-01-26 14:35:00,2011-09-15 12:51:00,2,266.85,195,57,266.85,195,0,84.9993055555556
"17787",2010-12-03 13:43:00,2011-07-10 11:24:00,4,1817.54,896,94,1817.54,896,0,152.059722222222
"17788",2011-08-02 10:38:00,2011-09-27 10:09:00,2,1117.9,211,3,1117.9,211,0,73.1118055555555
"17789",2011-03-03 13:14:00,2011-03-03 13:14:00,1,225.9,74,14,225.9,74,0,280.983333333333
"17790",2010-12-10 10:47:00,2011-11-13 11:30:00,14,1964.3,835,121,1964.3,835,0,26.0555555555556
"17791",2011-11-10 12:09:00,2011-11-10 12:09:00,1,106.1,46,10,106.1,46,0,29.0284722222222
"17793",2011-11-14 14:24:00,2011-11-14 14:24:00,1,300.34,226,49,300.34,226,0,24.9347222222222
"17795",2011-03-20 12:02:00,2011-06-13 12:36:00,2,342.83,305,43,342.83,305,0,179.009722222222
"17796",2010-12-05 12:23:00,2011-10-30 15:38:00,4,690,176,63,690,176,0,39.8833333333333
"17797",2011-06-10 11:29:00,2011-11-17 13:21:00,3,780.43,498,102,780.43,498,0,21.9784722222222
"17799",2010-12-13 13:10:00,2011-11-17 15:16:00,10,3039.17,1753,280,3009.32,1750,1,21.8986111111111
"17800",2011-01-09 13:50:00,2011-11-02 12:57:00,9,1187.21,732,51,1187.21,732,0,36.9951388888889
"17802",2010-12-02 13:44:00,2011-09-18 14:56:00,3,1285.04,752,102,1251.84,743,1,81.9125
"17805",2011-09-27 11:49:00,2011-09-27 11:49:00,1,512.31,478,10,512.31,478,0,73.0423611111111
"17806",2011-11-28 14:12:00,2011-11-28 14:12:00,1,546.04,727,43,546.04,727,0,10.9430555555556
"17809",2010-12-01 09:41:00,2011-11-23 12:59:00,12,5411.91,2057,46,4627.62,2015,3,15.99375
"17811",2011-01-10 10:58:00,2011-12-05 13:46:00,39,7761.82,4146,359,7601.8,4097,12,3.96111111111111
"17812",2010-12-06 15:27:00,2011-11-27 11:47:00,4,699.81,329,113,699.81,329,0,12.04375
"17813",2011-09-29 15:57:00,2011-11-25 16:13:00,5,1698.07,752,297,1641.79,739,2,13.8590277777778
"17816",2010-12-09 14:10:00,2011-11-03 11:34:00,4,36.56,30,16,36.56,30,0,36.0527777777778
"17817",2011-03-07 17:30:00,2011-12-05 14:39:00,3,387.68,67,32,387.68,67,0,3.92430555555556
"17819",2010-12-03 14:26:00,2011-09-29 10:52:00,7,3704.87,1031,36,3661.07,1027,1,71.0819444444444
"17824",2011-10-19 14:14:00,2011-10-19 14:14:00,1,298.4,408,13,298.4,408,0,50.9416666666667
"17827",2010-12-10 10:18:00,2011-12-04 15:00:00,5,1987.33,1240,190,1987.33,1240,0,4.90972222222222
"17828",2011-06-08 08:31:00,2011-11-17 08:41:00,4,1820.09,667,54,1599.97,641,5,22.1729166666667
"17829",2011-02-14 12:46:00,2011-02-14 12:46:00,1,889.24,496,30,889.24,496,0,298.002777777778
"17830",2011-02-24 10:15:00,2011-12-08 12:28:00,3,398.7,92,18,398.7,92,0,1.01527777777778
"17831",2011-11-06 15:09:00,2011-11-06 15:09:00,1,35.4,12,2,35.4,12,0,32.9034722222222
"17832",2011-10-21 11:43:00,2011-10-21 11:43:00,1,155.37,208,61,155.37,208,0,49.0465277777778
"17835",2011-11-16 16:30:00,2011-12-07 11:48:00,3,342.24,344,45,342.24,344,0,2.04305555555556
"17836",2011-10-23 16:13:00,2011-10-23 16:13:00,1,110.21,88,23,110.21,88,0,46.8590277777778
"17837",2011-06-29 16:44:00,2011-10-28 16:13:00,8,1541.23,510,110,1508.38,507,2,41.8590277777778
"17838",2010-12-02 15:55:00,2011-11-13 11:20:00,5,2720.8,1831,96,2267.4,1397,1,26.0625
"17839",2011-10-28 17:27:00,2011-10-28 17:27:00,1,318.15,257,50,318.15,257,0,41.8076388888889
"17841",2010-12-01 14:41:00,2011-12-08 12:07:00,124,40519.84,22834,1323,39869.05,22628,45,1.02986111111111
"17843",2011-02-09 15:33:00,2011-02-09 15:33:00,1,205.48,113,36,205.48,113,0,302.886805555556
"17844",2011-08-25 11:27:00,2011-08-25 11:27:00,1,51.56,52,5,51.56,52,0,106.057638888889
"17846",2011-09-15 15:20:00,2011-09-15 15:20:00,1,2033.1,1,1,2033.1,1,0,84.8958333333333
"17848",2010-12-16 18:38:00,2011-09-19 16:49:00,9,901.2,398,41,901.2,398,0,80.8340277777778
"17849",2011-01-10 11:59:00,2011-05-05 13:46:00,4,605.8,114,14,605.8,114,0,217.961111111111
"17850",2010-12-01 08:26:00,2010-12-02 15:27:00,34,5391.21,1733,21,5303.48,1696,1,371.890972222222
"17852",2011-11-28 12:31:00,2011-11-28 12:36:00,2,114.34,53,21,114.34,53,0,11.0097222222222
"17854",2011-04-26 16:53:00,2011-06-07 16:21:00,2,311.26,84,15,311.26,84,0,184.853472222222
"17855",2010-12-02 09:44:00,2010-12-02 09:44:00,1,208.97,197,17,208.97,197,0,372.129166666667
"17856",2011-03-03 11:40:00,2011-12-08 09:40:00,4,1418.03,842,12,1393.79,826,2,1.13194444444444
"17857",2010-12-09 11:35:00,2011-12-05 13:13:00,23,26879.04,19256,19,26763.34,19086,2,3.98402777777778
"17858",2010-12-05 13:08:00,2011-12-04 11:56:00,12,5140.66,2694,101,5140.66,2694,0,5.0375
"17859",2011-02-08 10:32:00,2011-02-08 10:32:00,1,141.92,102,23,141.92,102,0,304.095833333333
"17860",2010-12-06 12:41:00,2010-12-06 12:41:00,1,226.45,93,49,226.45,93,0,368.00625
"17861",2011-01-24 11:34:00,2011-12-06 16:21:00,8,2097.88,1985,172,2056.28,1965,1,2.85347222222222
"17862",2011-01-20 12:23:00,2011-01-20 12:23:00,1,330.9,100,11,330.9,100,0,323.01875
"17863",2010-12-05 13:21:00,2011-10-11 13:45:00,6,3160,2638,110,3160,2638,0,58.9618055555556
"17864",2011-03-09 11:44:00,2011-11-27 11:15:00,3,554.85,706,70,554.85,706,0,12.0659722222222
"17865",2010-12-10 14:53:00,2011-11-09 12:08:00,20,10526.32,5757,191,10158.54,5698,7,30.0291666666667
"17866",2011-07-20 11:07:00,2011-07-20 11:07:00,1,329.65,174,9,325.7,173,1,142.071527777778
"17867",2011-02-24 12:25:00,2011-11-09 14:15:00,6,1157.87,508,62,583.52,219,2,29.9409722222222
"17869",2010-12-06 17:16:00,2011-08-24 16:16:00,5,428.18,111,37,428.18,111,0,106.856944444444
"17870",2010-12-08 08:12:00,2011-12-07 15:07:00,12,1865.89,1351,214,1860.94,1350,1,1.90486111111111
"17871",2011-05-19 11:32:00,2011-05-19 11:32:00,1,155.9,182,10,155.9,182,0,204.054166666667
"17873",2010-12-01 14:54:00,2011-09-20 16:41:00,5,1848.96,1035,24,1754.16,987,1,79.8395833333333
"17874",2011-03-29 11:25:00,2011-06-07 12:54:00,6,683.46,221,37,658.26,209,1,184.997222222222
"17877",2011-06-22 13:00:00,2011-06-22 13:00:00,1,237.61,98,12,237.61,98,0,169.993055555556
"17878",2011-10-27 11:24:00,2011-10-27 11:24:00,1,379.45,401,26,379.45,401,0,43.0597222222222
"17879",2011-06-19 12:36:00,2011-06-19 12:36:00,1,178.52,45,6,178.52,45,0,173.009722222222
"17880",2010-12-10 10:21:00,2010-12-10 10:21:00,1,458.92,314,26,458.92,314,0,364.103472222222
"17881",2011-02-08 17:16:00,2011-02-08 17:16:00,1,133.35,32,8,133.35,32,0,303.815277777778
"17883",2011-04-07 19:16:00,2011-12-06 17:49:00,4,664.34,374,133,664.34,374,0,2.79236111111111
"17884",2010-12-03 12:11:00,2011-12-06 11:33:00,4,695.07,817,107,695.07,817,0,3.05347222222222
"17885",2011-11-27 14:40:00,2011-11-27 14:40:00,1,156.34,110,50,156.34,110,0,11.9236111111111
"17886",2011-04-04 12:34:00,2011-11-08 10:09:00,3,869.28,469,93,869.28,469,0,31.1118055555556
"17887",2011-08-02 17:29:00,2011-08-02 17:29:00,1,111.35,30,10,111.35,30,0,128.80625
"17888",2010-12-17 13:56:00,2011-11-18 13:45:00,8,716,973,60,515.73,424,2,20.9618055555556
"17889",2011-01-21 17:14:00,2011-05-11 16:26:00,2,201.37,77,20,201.37,77,0,211.85
"17890",2010-12-13 15:12:00,2011-01-21 11:19:00,2,586.89,402,88,586.89,402,0,322.063194444444
"17891",2011-06-30 20:08:00,2011-06-30 20:08:00,1,203.86,393,34,203.86,393,0,161.695833333333
"17892",2011-07-07 12:56:00,2011-10-14 16:49:00,3,244.1,109,27,244.1,109,0,55.8340277777778
"17893",2011-04-28 13:50:00,2011-04-28 13:50:00,1,107.21,149,15,107.21,149,0,224.958333333333
"17894",2010-12-08 14:50:00,2011-09-29 09:23:00,8,1118.96,404,127,1118.96,404,0,71.14375
"17895",2011-10-26 17:00:00,2011-10-26 17:00:00,1,95.45,127,15,95.45,127,0,43.8263888888889
"17896",2011-11-16 13:59:00,2011-11-16 13:59:00,1,256.32,288,2,256.32,288,0,22.9520833333333
"17897",2010-12-01 12:31:00,2011-06-20 11:23:00,3,541.81,222,100,516.31,216,1,172.060416666667
"17898",2011-05-16 17:13:00,2011-09-15 14:56:00,2,152.06,190,27,152.06,190,0,84.9125
"17899",2011-07-03 14:58:00,2011-07-03 14:58:00,1,154.55,170,29,154.55,170,0,158.911111111111
"17900",2011-06-02 14:28:00,2011-06-02 14:38:00,2,112.2,73,4,15,1,2,189.925
"17901",2011-11-10 17:29:00,2011-11-10 17:29:00,1,110.38,24,19,110.38,24,0,28.80625
"17904",2011-11-18 12:57:00,2011-11-18 12:57:00,1,181.07,59,33,168.32,58,1,20.9951388888889
"17905",2010-12-01 13:21:00,2011-09-29 17:33:00,4,798.99,406,33,798.99,406,0,70.8034722222222
"17906",2011-04-06 17:25:00,2011-04-06 17:25:00,1,72.9,26,12,72.9,26,0,246.809027777778
"17908",2010-12-01 11:45:00,2010-12-01 11:45:00,1,232.03,169,51,232.03,169,0,373.045138888889
"17911",2011-11-30 14:52:00,2011-11-30 14:52:00,1,366.23,223,39,366.23,223,0,8.91527777777778
"17912",2010-12-10 11:11:00,2011-02-02 14:25:00,5,310.06,184,35,294.66,182,1,309.934027777778
"17913",2010-12-19 11:35:00,2011-10-12 10:45:00,2,408.65,288,55,408.65,288,0,58.0868055555556
"17914",2011-12-06 11:58:00,2011-12-06 11:58:00,1,329.36,457,72,329.36,457,0,3.03611111111111
"17917",2010-12-12 12:08:00,2011-10-25 13:20:00,3,335.03,184,77,335.03,184,0,44.9791666666667
"17919",2011-09-12 13:41:00,2011-09-12 13:41:00,1,1304.04,756,23,1304.04,756,0,87.9645833333333
"17920",2010-12-01 11:49:00,2011-12-05 14:29:00,17,4119.5,2473,407,4119.5,2473,0,3.93125
"17921",2011-03-18 13:19:00,2011-10-06 18:56:00,4,820.23,425,114,820.23,425,0,63.7458333333333
"17923",2011-03-02 15:15:00,2011-03-02 15:15:00,1,207.5,50,1,207.5,50,0,281.899305555556
"17924",2010-12-01 10:51:00,2011-11-28 09:11:00,7,2962.5,1160,26,2894.33,1141,6,11.1520833333333
"17925",2010-12-02 10:10:00,2010-12-02 10:10:00,1,244.08,72,1,244.08,72,0,372.111111111111
"17926",2011-05-20 09:24:00,2011-07-29 14:39:00,2,397.29,306,17,397.29,306,0,132.924305555556
"17928",2011-04-07 18:03:00,2011-10-25 13:52:00,2,212.54,140,23,212.54,140,0,44.9569444444444
"17929",2011-02-04 11:40:00,2011-11-28 16:01:00,4,843,108,4,834.5,107,1,10.8673611111111
"17930",2011-04-14 15:46:00,2011-11-04 10:23:00,5,1740.48,1594,26,1740.48,1594,0,35.1020833333333
"17931",2011-03-29 12:31:00,2011-07-28 18:33:00,2,408.36,249,63,408.36,249,0,133.761805555556
"17932",2011-05-12 13:58:00,2011-11-10 19:49:00,3,1331.57,789,84,1331.57,789,0,28.7090277777778
"17934",2011-10-12 10:50:00,2011-10-19 11:16:00,2,704.25,478,21,704.25,478,0,51.0652777777778
"17935",2011-07-21 11:23:00,2011-07-24 13:18:00,2,145.79,82,28,145.79,82,0,137.980555555556
"17936",2011-12-04 13:32:00,2011-12-04 13:32:00,1,380.13,257,68,380.13,257,0,4.97083333333333
"17937",2010-12-12 14:43:00,2011-12-01 11:45:00,7,4301.22,1754,19,4301.22,1754,0,8.04513888888889
"17939",2011-07-03 12:27:00,2011-07-03 12:27:00,1,99.14,40,12,99.14,40,0,159.015972222222
"17940",2011-02-10 09:29:00,2011-10-21 13:27:00,10,4020.04,9323,6,1897.18,9319,4,48.9743055555556
"17941",2011-08-01 08:30:00,2011-08-01 08:30:00,1,304.56,252,2,304.56,252,0,130.180555555556
"17942",2011-12-02 10:45:00,2011-12-02 10:45:00,1,77.5,38,2,77.5,38,0,7.08680555555556
"17946",2011-03-25 14:34:00,2011-04-20 17:00:00,2,149.58,75,18,149.58,75,0,232.826388888889
"17947",2011-11-02 13:05:00,2011-11-02 13:05:00,1,176.68,168,9,176.68,168,0,36.9895833333333
"17948",2011-07-15 12:58:00,2011-07-15 12:58:00,1,358.56,144,1,358.56,144,0,146.994444444444
"17949",2010-12-03 13:12:00,2011-12-08 18:46:00,45,58510.48,30546,29,52750.84,27571,7,0.752777777777778
"17950",2010-12-09 15:16:00,2011-09-28 15:18:00,3,482.2,366,63,472.12,342,1,71.8972222222222
"17951",2010-12-01 12:40:00,2011-10-31 12:30:00,3,1008.54,616,18,990.84,610,1,39.0138888888889
"17954",2010-12-03 14:18:00,2011-12-04 14:15:00,12,2314.13,2221,326,2276.78,2216,4,4.94097222222222
"17955",2011-05-04 12:29:00,2011-05-25 12:00:00,4,557.3,273,14,557.3,273,0,198.034722222222
"17956",2011-04-04 13:47:00,2011-04-04 13:47:00,1,12.75,1,1,12.75,1,0,248.960416666667
"17957",2011-10-04 14:58:00,2011-10-04 14:58:00,1,111.68,287,31,111.68,287,0,65.9111111111111
"17958",2011-08-15 12:19:00,2011-08-15 12:19:00,1,508.46,84,7,508.46,84,0,116.021527777778
"17960",2011-06-21 14:15:00,2011-06-21 14:15:00,1,73.78,41,26,73.78,41,0,170.940972222222
"17961",2010-12-02 19:18:00,2011-11-18 16:55:00,39,1296.44,560,211,1296.44,560,0,20.8298611111111
"17962",2011-07-20 14:16:00,2011-07-20 14:16:00,1,102.41,127,33,102.41,127,0,141.940277777778
"17964",2010-12-02 13:32:00,2011-11-08 10:44:00,2,463.21,294,84,463.21,294,0,31.0875
"17965",2010-12-05 15:54:00,2011-11-02 09:31:00,14,2599.19,1532,274,2599.19,1532,0,37.1381944444444
"17966",2011-03-23 17:25:00,2011-11-02 10:26:00,5,1098.43,2571,53,1098.43,2571,0,37.1
"17967",2010-12-03 11:19:00,2010-12-03 11:19:00,1,112.27,73,41,112.27,73,0,371.063194444444
"17968",2010-12-01 12:23:00,2010-12-01 12:23:00,1,265.1,151,74,265.1,151,0,373.01875
"17969",2010-12-13 15:34:00,2011-06-26 13:00:00,2,228.2,152,14,228.2,152,0,165.993055555556
"17970",2011-05-12 20:03:00,2011-05-12 20:03:00,1,562.79,513,27,562.79,513,0,210.699305555556
"17972",2011-04-12 12:16:00,2011-04-12 12:16:00,1,135.19,36,30,135.19,36,0,241.023611111111
"17973",2011-10-19 10:34:00,2011-10-19 10:34:00,1,337.04,176,15,337.04,176,0,51.0944444444444
"17974",2011-05-04 11:50:00,2011-11-15 11:37:00,3,703.99,500,143,703.99,500,0,24.0506944444444
"17975",2010-12-08 11:38:00,2011-11-24 13:27:00,13,4483.26,1565,189,4388.06,1549,1,14.9743055555556
"17976",2010-12-02 13:49:00,2010-12-02 13:49:00,1,321.79,93,56,321.79,93,0,371.959027777778
"17977",2011-11-10 13:28:00,2011-11-10 13:28:00,1,288.14,342,19,288.14,342,0,28.9736111111111
"17978",2010-12-09 14:05:00,2010-12-09 14:05:00,1,300.92,499,12,300.92,499,0,364.947916666667
"17979",2011-03-25 11:34:00,2011-11-04 12:05:00,4,732.41,383,116,712.51,381,1,35.03125
"17980",2010-12-15 15:50:00,2011-06-27 12:01:00,3,811.45,682,23,811.45,682,0,165.034027777778
"17984",2011-07-17 15:59:00,2011-07-17 15:59:00,1,152.68,98,48,152.68,98,0,144.86875
"17985",2011-11-17 14:24:00,2011-11-17 14:24:00,1,631.35,171,20,631.35,171,0,21.9347222222222
"17986",2011-10-14 14:22:00,2011-10-14 14:22:00,1,20.8,10,1,20.8,10,0,55.9361111111111
"17987",2011-06-07 14:22:00,2011-06-07 14:22:00,1,198.57,261,13,198.57,261,0,184.936111111111
"17988",2011-01-17 11:59:00,2011-11-28 11:00:00,7,201.12,43,37,191.17,42,1,11.0763888888889
"17990",2010-12-13 12:10:00,2011-04-17 11:44:00,3,630.84,414,27,630.84,414,0,236.045833333333
"17991",2011-04-27 16:39:00,2011-04-28 15:58:00,2,93.35,25,4,93.35,25,0,224.869444444444
"17994",2011-02-22 11:02:00,2011-08-10 11:41:00,4,674.89,495,63,626.09,471,2,121.047916666667
"17995",2011-03-03 12:30:00,2011-03-03 12:30:00,1,76.1,133,2,76.1,133,0,281.013888888889
"17997",2011-06-28 17:28:00,2011-09-26 16:13:00,8,1962.46,2273,133,1503.09,2053,4,73.8590277777778
"17999",2010-12-08 15:17:00,2011-11-02 15:56:00,2,380.39,219,87,380.39,219,0,36.8708333333333
"18001",2011-09-14 11:21:00,2011-11-27 16:02:00,2,415.13,362,56,415.13,362,0,11.8666666666667
"18004",2010-12-12 13:47:00,2010-12-12 13:47:00,1,157.92,75,32,157.92,75,0,361.960416666667
"18005",2011-10-23 14:40:00,2011-12-06 11:51:00,2,226.47,86,52,226.47,86,0,3.04097222222222
"18006",2011-11-16 16:52:00,2011-11-16 16:52:00,1,444.68,220,21,444.68,220,0,22.8319444444444
"18008",2011-01-25 12:26:00,2011-09-30 15:17:00,9,2116.19,1581,24,2116.19,1581,0,69.8979166666667
"18009",2011-04-18 13:36:00,2011-04-18 13:36:00,1,247.39,125,31,242.29,123,1,234.968055555556
"18010",2011-03-28 12:27:00,2011-03-28 12:27:00,1,174.8,60,14,174.8,60,0,256.015972222222
"18011",2010-12-01 17:35:00,2010-12-01 17:35:00,1,102.79,71,28,102.79,71,0,372.802083333333
"18013",2011-07-07 14:08:00,2011-07-07 14:11:00,2,187.29,285,31,187.29,285,0,154.94375
"18014",2011-11-11 15:28:00,2011-11-11 15:28:00,1,162.22,66,29,162.22,66,0,27.8902777777778
"18015",2011-12-05 14:49:00,2011-12-05 14:49:00,1,120.03,157,46,120.03,157,0,3.91736111111111
"18016",2010-12-10 17:14:00,2011-11-07 13:25:00,5,1477.66,1027,90,1477.66,1027,0,31.9756944444444
"18017",2011-02-02 13:57:00,2011-09-19 16:15:00,3,523,300,1,523,300,0,80.8576388888889
"18018",2011-05-24 13:22:00,2011-08-23 17:37:00,2,122.14,55,29,122.14,55,0,107.800694444444
"18019",2011-10-19 12:10:00,2011-10-19 12:10:00,1,38.45,7,5,38.45,7,0,51.0277777777778
"18022",2011-11-04 12:45:00,2011-11-04 12:45:00,1,612.72,703,141,612.72,703,0,35.0034722222222
"18024",2011-07-10 12:28:00,2011-07-10 12:40:00,2,389.78,184,21,236.78,148,1,152.006944444444
"18027",2011-09-02 10:38:00,2011-09-02 10:38:00,1,115.31,78,21,115.31,78,0,98.0916666666667
"18030",2011-10-28 13:55:00,2011-12-05 16:37:00,2,230.65,67,8,220.7,66,1,3.84236111111111
"18032",2011-01-09 15:32:00,2011-01-09 15:32:00,1,73.5,42,5,73.5,42,0,333.8875
"18033",2011-10-05 17:28:00,2011-10-05 17:28:00,1,93.82,252,32,93.82,252,0,64.8069444444444
"18034",2011-11-18 12:08:00,2011-11-18 12:22:00,2,418.68,559,99,418.68,559,0,21.0194444444444
"18035",2011-10-27 17:48:00,2011-11-04 12:39:00,3,713.89,584,44,713.89,584,0,35.0076388888889
"18036",2011-04-08 11:26:00,2011-11-07 14:40:00,3,403.12,232,77,403.12,232,0,31.9236111111111
"18037",2010-12-12 16:20:00,2011-07-08 13:39:00,6,70.02,20,19,70.02,20,0,153.965972222222
"18040",2011-04-08 08:27:00,2011-11-20 14:20:00,2,357.2,148,18,357.2,148,0,18.9375
"18041",2010-12-02 11:21:00,2011-11-28 11:39:00,21,4097.37,3758,285,4075.12,3749,1,11.0493055555556
"18042",2011-10-17 11:49:00,2011-10-17 11:49:00,1,165.05,33,7,165.05,33,0,53.0423611111111
"18043",2010-12-08 12:35:00,2011-11-15 12:48:00,3,529.29,265,106,529.29,265,0,24.0013888888889
"18044",2010-12-14 12:25:00,2011-12-05 14:26:00,10,2088.6,1033,88,2085.65,1032,1,3.93333333333333
"18045",2011-10-25 13:07:00,2011-10-25 13:07:00,1,178.34,138,43,178.34,138,0,44.9881944444444
"18048",2011-05-20 14:54:00,2011-05-20 14:58:00,2,172.29,127,6,172.29,127,0,202.911111111111
"18050",2010-12-15 14:25:00,2010-12-15 14:25:00,1,74.4,40,5,74.4,40,0,358.934027777778
"18053",2011-09-30 09:05:00,2011-09-30 09:05:00,1,300.02,302,20,297.07,301,1,70.15625
"18055",2010-12-05 10:52:00,2011-12-02 14:25:00,10,6761.34,2452,223,6729.29,2447,1,6.93402777777778
"18056",2011-02-24 14:27:00,2011-02-24 14:27:00,1,363.65,211,19,363.65,211,0,287.932638888889
"18058",2011-11-30 08:38:00,2011-11-30 08:38:00,1,170.16,88,3,170.16,88,0,9.175
"18059",2011-10-03 09:30:00,2011-11-16 16:49:00,3,306.46,258,17,296.71,253,1,22.8340277777778
"18061",2010-12-08 13:03:00,2011-11-18 11:20:00,10,2119.41,955,18,2119.41,955,0,21.0625
"18062",2011-01-06 10:03:00,2011-06-19 14:47:00,3,720.52,396,23,720.52,396,0,172.91875
"18064",2011-04-18 15:08:00,2011-07-29 16:39:00,2,814,384,7,814,384,0,132.840972222222
"18065",2010-12-10 12:44:00,2011-12-04 10:30:00,14,2392.83,1027,110,2380.08,1024,1,5.09722222222222
"18066",2011-09-25 15:30:00,2011-09-25 15:30:00,1,318,108,10,318,108,0,74.8888888888889
"18067",2011-10-30 15:58:00,2011-10-30 15:58:00,1,396.33,189,36,396.33,189,0,39.8694444444444
"18068",2011-02-23 14:50:00,2011-02-23 14:50:00,1,101.7,6,1,101.7,6,0,288.916666666667
"18069",2011-01-16 15:50:00,2011-11-13 16:03:00,5,2009.24,1296,334,1994.39,1293,2,25.8659722222222
"18071",2010-12-09 10:33:00,2011-03-27 11:59:00,2,453,260,23,453,260,0,257.035416666667
"18072",2011-06-07 10:44:00,2011-06-07 10:44:00,1,247.44,288,18,0,46,1,185.0875
"18073",2011-05-26 19:38:00,2011-08-17 14:02:00,12,3859.82,3102,23,3846.74,3092,1,113.95
"18074",2010-12-01 09:53:00,2010-12-01 09:53:00,1,489.6,190,13,489.6,190,0,373.122916666667
"18075",2010-12-14 10:48:00,2011-11-16 15:21:00,10,2611.75,1464,97,2538.72,1437,4,22.8951388888889
"18077",2010-12-08 10:21:00,2011-12-01 13:32:00,11,2584.41,1839,101,2584.41,1839,0,7.97083333333333
"18078",2011-03-25 15:08:00,2011-05-06 14:32:00,2,336.13,145,27,336.13,145,0,216.929166666667
"18079",2011-04-15 12:14:00,2011-10-25 15:27:00,4,3613.15,7347,99,3613.15,7347,0,44.8909722222222
"18080",2011-04-11 10:10:00,2011-11-21 08:02:00,2,1231.5,642,2,1231.5,642,0,18.2
"18081",2011-07-29 11:56:00,2011-11-03 16:30:00,3,343.45,195,14,343.45,195,0,35.8472222222222
"18082",2011-11-14 12:45:00,2011-11-14 12:45:00,1,680.84,608,62,680.84,608,0,25.0034722222222
"18084",2011-11-23 13:57:00,2011-11-23 13:57:00,1,90.48,312,1,87.53,311,1,15.9534722222222
"18085",2010-12-01 12:08:00,2011-01-13 15:17:00,2,689.95,265,25,689.95,265,0,329.897916666667
"18086",2011-03-10 13:34:00,2011-03-10 13:34:00,1,101.34,106,7,101.34,106,0,273.969444444444
"18087",2011-02-22 10:43:00,2011-09-02 15:12:00,2,4055.72,3907,2,3770.12,3571,2,97.9013888888889
"18088",2011-10-09 13:41:00,2011-10-09 13:41:00,1,166.03,107,35,166.03,107,0,60.9645833333333
"18092",2010-12-09 10:00:00,2011-12-07 13:14:00,11,9068.26,4252,28,9065.76,4250,1,1.98333333333333
"18093",2011-02-10 12:15:00,2011-09-07 15:43:00,4,2106.52,1392,31,2083.42,1381,1,92.8798611111111
"18094",2011-02-21 08:50:00,2011-09-19 09:28:00,7,3017.3,2518,39,3017.3,2518,0,81.1402777777778
"18095",2011-01-11 12:37:00,2011-01-31 12:50:00,2,580.05,419,20,580.05,419,0,312
"18096",2011-10-07 11:55:00,2011-11-28 12:44:00,3,849.06,788,157,849.06,788,0,11.0041666666667
"18097",2010-12-20 14:49:00,2011-12-02 11:16:00,6,2662.4,1662,65,2657.45,1661,1,7.06527777777778
"18099",2011-08-04 15:52:00,2011-08-04 15:52:00,1,168.31,149,19,168.31,149,0,126.873611111111
"18101",2011-07-19 13:05:00,2011-11-28 13:37:00,2,222.4,87,37,222.4,87,0,10.9673611111111
"18102",2010-12-07 16:42:00,2011-12-09 11:50:00,60,259657.3,64124,150,256438.49,64122,2,0.0416666666666667
"18104",2011-11-02 14:07:00,2011-11-02 14:07:00,1,754.64,362,38,754.64,362,0,36.9465277777778
"18105",2011-11-02 12:04:00,2011-11-02 12:04:00,1,113.48,46,18,113.48,46,0,37.0319444444444
"18106",2011-01-14 12:23:00,2011-01-14 12:23:00,1,421.9,126,33,421.9,126,0,329.01875
"18108",2011-03-30 13:56:00,2011-03-30 13:56:00,1,271,84,17,264.65,82,1,253.954166666667
"18109",2010-12-05 10:58:00,2011-12-08 11:36:00,26,8004.92,4230,119,7877.27,4212,5,1.05138888888889
"18110",2011-11-20 12:34:00,2011-11-20 12:34:00,1,198.8,72,33,168.55,65,1,19.0111111111111
"18112",2011-06-26 13:56:00,2011-11-27 14:43:00,2,352.69,255,26,352.69,255,0,11.9215277777778
"18113",2010-12-06 12:31:00,2010-12-06 12:31:00,1,76.32,72,1,76.32,72,0,368.013194444444
"18114",2011-02-22 13:20:00,2011-02-22 13:20:00,1,220.1,55,28,220.1,55,0,289.979166666667
"18116",2010-12-10 12:14:00,2011-10-03 11:00:00,8,1403.11,837,230,1403.11,837,0,67.0763888888889
"18117",2011-11-14 12:47:00,2011-11-14 12:47:00,1,315.65,605,68,315.65,605,0,25.0020833333333
"18118",2010-12-05 12:13:00,2011-11-29 11:32:00,26,5625.08,2865,424,5567.03,2860,5,10.0541666666667
"18119",2010-12-07 11:59:00,2010-12-07 11:59:00,1,180.7,124,29,180.7,124,0,367.035416666667
"18120",2011-05-09 13:45:00,2011-05-09 13:45:00,1,111.15,31,17,111.15,31,0,213.961805555556
"18121",2011-07-08 12:14:00,2011-07-13 12:53:00,2,653.3,438,28,653.3,438,0,148.997916666667
"18122",2011-07-12 11:37:00,2011-12-01 13:08:00,6,1793.06,1225,239,1793.06,1225,0,7.9875
"18123",2011-11-08 13:31:00,2011-11-15 14:23:00,2,574.44,582,31,574.44,582,0,23.9354166666667
"18125",2011-01-27 15:02:00,2011-11-10 12:29:00,4,1131.75,800,164,1130.1,799,1,29.0145833333333
"18126",2011-10-10 12:19:00,2011-10-10 12:19:00,1,200.92,135,52,200.92,135,0,60.0215277777778
"18127",2011-07-29 10:06:00,2011-11-20 14:05:00,3,347.08,187,41,347.08,187,0,18.9479166666667
"18129",2011-04-10 14:16:00,2011-04-10 14:16:00,1,112.55,48,13,112.55,48,0,242.940277777778
"18130",2011-10-13 15:58:00,2011-11-24 14:40:00,3,1059.39,824,58,1045.74,817,1,14.9236111111111
"18133",2011-05-11 14:14:00,2011-05-11 14:14:00,1,931.5,1350,1,715.5,0,1,211.941666666667
"18135",2011-06-02 14:04:00,2011-11-10 19:32:00,5,681.91,349,11,681.91,349,0,28.7208333333333
"18136",2011-01-24 12:08:00,2011-10-07 15:40:00,3,784.33,379,34,761.83,373,1,62.8819444444444
"18138",2011-02-17 14:51:00,2011-02-17 14:51:00,1,152.65,38,8,152.65,38,0,294.915972222222
"18139",2011-11-21 14:06:00,2011-11-22 10:44:00,6,8438.34,5557,35,8393.22,5461,2,17.0875
"18142",2011-05-08 12:31:00,2011-07-05 13:19:00,2,1019.52,1276,9,1014.9,1273,2,156.979861111111
"18143",2011-07-21 10:44:00,2011-08-15 12:07:00,2,1000.16,570,59,1000.16,570,0,116.029861111111
"18144",2010-12-01 13:45:00,2011-12-02 12:46:00,12,2888.75,1343,27,2888.75,1343,0,7.00277777777778
"18145",2011-01-31 12:10:00,2011-11-27 11:22:00,4,2861.55,2625,174,2861.55,2625,0,12.0611111111111
"18146",2011-05-03 16:35:00,2011-07-22 12:08:00,2,160.35,153,10,160.35,153,0,140.029166666667
"18147",2011-08-23 12:22:00,2011-10-25 11:46:00,2,179.34,203,7,179.34,203,0,45.0444444444444
"18149",2011-03-11 12:44:00,2011-10-20 12:04:00,3,612.08,310,11,612.08,310,0,50.0319444444444
"18150",2011-05-22 10:47:00,2011-11-07 16:49:00,3,566.58,332,29,566.58,332,0,31.8340277777778
"18151",2011-02-23 08:29:00,2011-07-28 11:35:00,2,653.35,355,38,653.35,355,0,134.052083333333
"18154",2011-10-27 10:40:00,2011-12-06 16:41:00,2,399.19,255,15,399.19,255,0,2.83958333333333
"18155",2011-02-21 10:36:00,2011-09-25 13:32:00,3,371.62,266,19,347.82,258,1,74.9708333333333
"18156",2010-12-05 12:29:00,2011-11-27 12:24:00,2,675.64,283,100,675.64,283,0,12.0180555555556
"18158",2011-09-12 09:03:00,2011-11-30 16:19:00,2,453.4,354,24,451.75,353,1,8.85486111111111
"18159",2011-02-11 14:26:00,2011-02-11 14:26:00,1,530.15,139,23,530.15,139,0,300.933333333333
"18160",2011-05-23 13:41:00,2011-10-13 15:50:00,2,638.06,294,37,638.06,294,0,56.875
"18161",2011-01-24 11:56:00,2011-11-24 16:40:00,5,1618.69,812,49,1612.79,810,1,14.8402777777778
"18164",2011-11-02 12:56:00,2011-11-02 12:56:00,1,399.65,184,24,394.7,183,1,36.9958333333333
"18165",2011-06-15 13:23:00,2011-06-15 13:23:00,1,302.46,254,10,302.46,254,0,176.977083333333
"18167",2011-08-26 11:40:00,2011-11-16 15:56:00,3,1384.86,382,24,1355.51,359,3,22.8708333333333
"18168",2010-12-02 18:08:00,2011-06-16 19:21:00,6,1160.04,592,97,1123.74,583,3,175.728472222222
"18169",2011-10-10 12:18:00,2011-10-10 12:18:00,1,202.65,61,9,202.65,61,0,60.0222222222222
"18170",2011-05-06 15:13:00,2011-11-06 14:35:00,3,980.31,409,29,980.31,409,0,32.9270833333333
"18171",2011-01-10 09:55:00,2011-10-12 09:13:00,5,1231.31,481,43,1208.51,477,2,58.1506944444444
"18172",2011-02-23 10:44:00,2011-11-25 11:12:00,20,7561.68,3184,100,7490.17,3170,5,14.0680555555556
"18173",2011-03-10 11:56:00,2011-09-14 11:26:00,4,2106.84,1220,23,2106.84,1220,0,86.0583333333333
"18174",2011-12-02 16:56:00,2011-12-02 16:56:00,1,104,50,1,104,50,0,6.82916666666667
"18176",2010-12-16 15:45:00,2010-12-16 15:45:00,1,476.35,283,30,448.65,279,1,357.878472222222
"18177",2011-03-29 08:46:00,2011-11-08 14:44:00,6,1340.87,709,53,1313.62,704,1,30.9208333333333
"18178",2010-12-10 12:42:00,2011-08-03 09:30:00,4,1590.81,983,80,1573.41,979,2,128.138888888889
"18179",2011-01-07 14:22:00,2011-11-30 16:23:00,6,1793.17,1360,86,1793.17,1360,0,8.85208333333333
"18180",2011-07-20 08:59:00,2011-12-05 08:39:00,6,1843.75,1721,108,1843.75,1721,0,4.17430555555556
"18181",2011-11-15 15:08:00,2011-11-15 15:08:00,1,366.85,133,40,366.85,133,0,23.9041666666667
"18183",2011-03-10 10:08:00,2011-04-26 15:26:00,2,632.07,371,36,600.52,362,4,226.891666666667
"18184",2011-11-24 15:28:00,2011-11-24 15:28:00,1,49.8,60,1,49.8,60,0,14.8902777777778
"18185",2011-04-04 13:42:00,2011-04-04 13:42:00,1,304.25,183,17,304.25,183,0,248.963888888889
"18188",2011-02-22 14:43:00,2011-11-24 16:46:00,3,2001.04,1168,63,1998.49,1167,1,14.8361111111111
"18189",2011-03-17 09:49:00,2011-09-23 12:40:00,2,1090.24,566,65,1084.34,564,1,77.0069444444444
"18190",2011-01-13 10:35:00,2011-05-31 14:48:00,2,284.46,140,14,274.51,139,1,191.918055555556
"18191",2011-03-23 12:08:00,2011-03-23 12:08:00,1,207.8,140,7,207.8,140,0,261.029166666667
"18192",2011-09-29 09:53:00,2011-09-29 09:53:00,1,957.97,339,45,957.97,339,0,71.1229166666667
"18193",2011-06-27 13:58:00,2011-06-27 13:58:00,1,243.76,124,16,212.96,120,2,164.952777777778
"18194",2011-09-18 13:29:00,2011-09-18 13:29:00,1,973.84,632,7,896,448,1,81.9729166666667
"18196",2011-02-22 16:13:00,2011-09-05 16:22:00,2,686.63,431,131,686.63,431,0,94.8527777777778
"18198",2011-01-07 13:39:00,2011-12-05 14:49:00,17,5425.56,4074,81,5083.06,3839,4,3.91736111111111
"18200",2011-08-25 18:45:00,2011-08-25 18:45:00,1,150.35,104,29,150.35,104,0,105.753472222222
"18202",2011-02-01 13:36:00,2011-05-24 12:12:00,3,1396.99,581,55,1396.99,581,0,199.026388888889
"18203",2011-07-05 13:07:00,2011-07-05 13:07:00,1,160.42,43,19,160.42,43,0,156.988194444444
"18204",2011-05-31 15:26:00,2011-09-29 16:44:00,3,1975.35,1190,159,1960.95,1188,1,70.8375
"18205",2011-09-26 12:02:00,2011-11-03 13:22:00,2,517.36,192,30,517.36,192,0,35.9777777777778
"18209",2011-11-11 12:07:00,2011-11-11 12:07:00,1,139.1,58,8,139.1,58,0,28.0298611111111
"18210",2011-03-17 16:58:00,2011-12-08 11:02:00,6,2621.38,1398,109,2621.38,1398,0,1.075
"18211",2011-03-06 12:09:00,2011-11-14 08:10:00,5,600.07,359,37,600.07,359,0,25.1944444444444
"18212",2011-01-17 16:14:00,2011-01-17 16:14:00,1,216.07,92,30,216.07,92,0,325.858333333333
"18213",2011-04-17 10:21:00,2011-04-17 10:21:00,1,232.48,232,15,232.48,232,0,236.103472222222
"18215",2011-09-11 16:05:00,2011-09-11 16:05:00,1,299.34,118,13,299.34,118,0,88.8645833333333
"18216",2011-11-08 16:55:00,2011-11-08 16:55:00,1,481.75,200,26,481.75,200,0,30.8298611111111
"18217",2011-09-30 10:44:00,2011-11-10 13:18:00,2,621.75,491,27,621.75,491,0,28.9805555555556
"18218",2011-03-03 12:24:00,2011-05-12 12:53:00,2,641.92,536,17,606.22,498,2,210.997916666667
"18219",2010-12-06 10:05:00,2011-12-07 11:43:00,10,2069.77,885,58,2019.77,883,1,2.04652777777778
"18220",2011-04-27 09:03:00,2011-04-27 09:03:00,1,305.28,288,2,297.78,282,1,226.157638888889
"18221",2011-05-12 14:13:00,2011-11-17 14:40:00,5,1041.61,791,59,1033.31,789,1,21.9236111111111
"18222",2011-09-08 10:45:00,2011-09-08 10:45:00,1,443,335,19,443,335,0,92.0868055555556
"18223",2010-12-16 16:42:00,2011-12-05 09:11:00,14,6484.54,2948,116,6315.23,2890,13,4.15208333333333
"18224",2011-03-21 10:30:00,2011-03-21 10:30:00,1,158.95,69,10,158.95,69,0,263.097222222222
"18225",2010-12-09 15:46:00,2011-12-06 13:27:00,12,5504.96,3242,150,5356.86,3204,5,2.97430555555556
"18226",2011-01-06 09:00:00,2011-10-26 13:36:00,11,5228.05,3466,141,5192.1,3459,3,43.9680555555556
"18227",2011-05-06 12:23:00,2011-05-06 12:23:00,1,93.75,21,5,93.75,21,0,217.01875
"18228",2011-09-21 10:48:00,2011-10-14 09:21:00,2,779.9,238,23,769.2,236,1,56.1451388888889
"18229",2010-12-01 16:25:00,2011-11-28 09:48:00,20,7276.9,2488,66,7276.9,2488,0,11.1263888888889
"18230",2011-02-10 13:06:00,2011-11-30 13:22:00,7,2810.2,1316,32,2716.6,1298,3,8.97777777777778
"18231",2011-02-24 09:08:00,2011-05-31 14:18:00,5,2071.77,819,106,2054.67,806,1,191.938888888889
"18232",2011-05-26 16:30:00,2011-09-19 11:49:00,4,592.97,302,31,582.47,299,1,81.0423611111111
"18233",2011-01-18 08:44:00,2011-01-18 08:44:00,1,440,4,1,440,4,0,325.170833333333
"18235",2011-05-06 13:35:00,2011-09-29 08:27:00,3,1796.48,1578,100,1796.48,1578,0,71.1826388888889
"18236",2011-04-13 09:52:00,2011-11-10 08:06:00,6,882.24,403,42,882.24,403,0,29.1972222222222
"18237",2011-07-28 13:05:00,2011-12-07 12:49:00,5,987.1,622,40,987.1,622,0,2.00069444444444
"18239",2010-12-02 17:48:00,2011-05-05 12:38:00,5,1561.61,795,80,1561.61,795,0,218.008333333333
"18240",2011-10-24 13:06:00,2011-10-24 13:06:00,1,422.58,126,6,422.58,126,0,45.9888888888889
"18241",2011-05-06 09:22:00,2011-11-30 12:10:00,17,2073.09,1051,60,2058.09,1047,1,9.02777777777778
"18242",2011-05-10 11:20:00,2011-09-28 13:43:00,4,2232.49,1017,72,2232.49,1017,0,71.9631944444444
"18245",2010-12-19 14:58:00,2011-12-02 14:48:00,7,2567.06,1788,153,2507.56,1781,1,6.91805555555556
"18246",2011-04-20 13:55:00,2011-11-16 11:49:00,2,596.1,166,3,596.1,166,0,23.0423611111111
"18248",2011-06-06 13:18:00,2011-08-09 10:19:00,2,804.02,511,39,783.02,501,2,122.104861111111
"18249",2011-11-22 15:07:00,2011-11-22 15:07:00,1,95.34,128,8,95.34,128,0,16.9048611111111
"18250",2011-02-02 13:16:00,2011-02-02 13:16:00,1,349.27,199,21,342.92,198,1,309.981944444444
"18251",2011-09-13 15:03:00,2011-09-13 15:03:00,1,4314.72,7824,16,4314.72,7824,0,86.9076388888889
"18252",2011-06-21 11:47:00,2011-10-20 12:43:00,2,518.27,234,90,518.27,234,0,50.0048611111111
"18255",2011-09-11 13:16:00,2011-09-11 13:16:00,1,103.3,74,6,103.3,74,0,88.9819444444445
"18257",2011-02-16 15:13:00,2011-10-31 14:48:00,8,2337.63,1041,97,2265.38,1010,4,38.9180555555556
"18259",2010-12-08 13:38:00,2011-11-15 12:34:00,3,2338.6,714,27,2338.6,714,0,24.0111111111111
"18260",2010-12-16 18:23:00,2011-06-20 12:37:00,6,2628.35,1475,86,2580.15,1466,2,172.009027777778
"18261",2011-09-05 09:34:00,2011-10-27 15:36:00,2,324.24,146,19,324.24,146,0,42.8847222222222
"18262",2011-07-22 16:04:00,2011-07-22 16:04:00,1,149.48,182,13,149.48,182,0,139.865277777778
"18263",2011-04-01 11:48:00,2011-11-14 09:00:00,3,1213.16,1468,59,1211.08,1467,1,25.1597222222222
"18265",2011-07-04 15:26:00,2011-09-28 14:10:00,2,801.51,311,44,801.51,311,0,71.9444444444444
"18268",2011-07-28 19:13:00,2011-07-28 19:13:00,1,25.5,2,1,0,0,1,133.734027777778
"18269",2010-12-08 13:53:00,2010-12-08 13:53:00,1,168.6,76,7,138.9,70,1,365.95625
"18270",2011-03-18 12:41:00,2011-11-01 13:57:00,2,283.15,101,11,238.95,97,1,37.9534722222222
"18272",2011-04-07 09:35:00,2011-12-07 12:43:00,6,3078.58,2050,99,3064.78,2044,1,2.00486111111111
"18273",2011-03-27 11:22:00,2011-12-07 13:16:00,3,204,80,1,204,80,0,1.98194444444444
"18274",2011-11-09 17:03:00,2011-11-09 17:03:00,1,175.92,88,11,0,0,1,29.8243055555556
"18276",2011-10-27 10:54:00,2011-10-27 10:54:00,1,335.86,186,14,323.36,184,2,43.0805555555556
"18277",2011-10-12 15:22:00,2011-10-12 15:22:00,1,110.38,68,8,97.63,67,1,57.8944444444444
"18278",2011-09-27 11:58:00,2011-09-27 11:58:00,1,173.9,66,9,173.9,66,0,73.0361111111111
"18280",2011-03-07 09:52:00,2011-03-07 09:52:00,1,180.6,45,10,180.6,45,0,277.123611111111
"18281",2011-06-12 10:53:00,2011-06-12 10:53:00,1,80.82,54,7,80.82,54,0,180.08125
"18282",2011-08-05 13:35:00,2011-12-02 11:43:00,2,178.05,103,12,176.6,98,1,7.04652777777778
"18283",2011-01-06 14:14:00,2011-12-06 12:02:00,16,2045.53,1357,263,2045.53,1357,0,3.03333333333333
"18287",2011-05-22 10:39:00,2011-10-28 09:29:00,3,1837.28,1586,59,1837.28,1586,0,42.1395833333333
