"stock_code","description","gross_sales_value","units_sold"
"DOT","DOTCOM POSTAGE",206248.77,706
"22423","REGENCY CAKESTAND 3 TIER",174156.54,13851
"23843","PAPER CRAFT , LITTLE BIRDIE",168469.6,80995
"85123A","WHITE HANGING HEART T-LIGHT HOLDER",104284.24,37580
"47566","PARTY BUNTING",99445.23,18283
"85099B","JUMBO BAG RED RETROSPOT",94159.81,48371
"23166","MEDIUM CERAMIC TOP STORAGE JAR",81700.92,78033
"POST","POSTAGE",78119.88,3151
"M","Manual",77750.27,6984
"23084","RABBIT NIGHT LIGHT",66870.03,30739
"22086","PAPER CHAIN KIT 50'S CHRISTMAS",64875.59,19329
"84879","ASSORTED COLOUR BIRD ORNAMENT",58927.62,36362
"79321","CHILLI LIGHTS",54096.36,10302
"23298","SPOTTY BUNTING",42513.48,8320
"22386","JUMBO BAG PINK POLKADOT",42401.01,21448
"21137","BLACK RECORD COVER FRAME",40633.38,11651
"22502","PICNIC BASKET WICKER 60 PIECES",39619.5,61
"23284","DOORMAT KEEP CALM AND COME IN",38133.64,5487
"22720","SET OF 3 CAKE TINS PANTRY DESIGN",38108.89,7483
"22960","JAM MAKING SET WITH JARS",37082.13,8695
"82484","WOOD BLACK BOARD ANT WHITE FINISH",35966.92,6012
"20725","LUNCH BAG RED RETROSPOT",35572.36,19232
"22197","POPCORN HOLDER",34288.67,36749
"22178","VICTORIAN GLASS HANGING T-LIGHT",33146.82,24275
"22114","HOT WATER BOTTLE TEA AND SYMPATHY",32973.44,5740
"22910","PAPER CHAIN KIT VINTAGE CHRISTMAS",32843.84,10594
"22112","CHOCOLATE HOT WATER BOTTLE",32826.58,6017
"85099F","JUMBO BAG STRAWBERRY",32495.59,17237
"22469","HEART OF WICKER SMALL",32094.6,17963
"23245","SET OF 3 REGENCY CAKE TINS",31118.55,6345
"21931","JUMBO STORAGE BAG SUKI",30764.01,13651
"22727","ALARM CLOCK BAKELIKE RED",30644.87,7800
"23199","JUMBO BAG APPLES",30450.69,14908
"22470","HEART OF WICKER LARGE",30098.11,9887
"22355","CHARLOTTE BAG SUKI DESIGN",29254.15,18124
"22699","ROSES REGENCY TEACUP AND SAUCER",29056.92,9864
"23355","HOT WATER BOTTLE KEEP CALM",28718.8,5816
"22411","JUMBO SHOPPER VINTAGE RED PAISLEY",28577.1,12574
"20685","DOORMAT RED RETROSPOT",28049.54,4088
"85099C","JUMBO  BAG BAROQUE BLACK WHITE",28047.74,13900
"22457","NATURAL SLATE HEART CHALKBOARD",27991.61,9119
"23201","JUMBO BAG ALPHABET",27850.83,13366
"22726","ALARM CLOCK BAKELIKE GREEN",27155.28,6419
"84347","ROTATING SILVER ANGELS T-LIGHT HLDR",26425.58,9461
"21915","RED  HARMONICA IN BOX",26294.08,21903
"22666","RECIPE BOX PANTRY YELLOW DESIGN",26219.95,8269
"21175","GIN + TONIC DIET METAL SIGN",25792.47,11709
"22629","SPACEBOY LUNCH BOX",25719.02,14249
"22961","JAM MAKING SET PRINTED",25637.78,16396
"48138","DOORMAT UNION FLAG",25534.15,3751
"21181","PLEASE ONE PERSON METAL SIGN",25225.48,12274
"23173","REGENCY TEAPOT ROSES",24879.13,2766
"21621","VINTAGE UNION JACK BUNTING",24525.83,2787
"23203","JUMBO BAG VINTAGE DOILY",24489.08,11448
"22111","SCOTTIE DOG HOT WATER BOTTLE",24455.39,4655
"22722","SET OF 6 SPICE TINS PANTRY DESIGN",24436.26,5966
"22326","ROUND SNACK BOXES SET OF4 WOODLAND",24364.87,8535
"22138","BAKING SET 9 PIECE RETROSPOT",24185.27,4937
"48187","DOORMAT NEW ENGLAND",24108.39,3807
"21731","RED TOADSTOOL LED NIGHT LIGHT",23919.78,14001
"48185","DOORMAT FAIRY CAKE",23872.91,3615
"23344","JUMBO BAG 50'S CHRISTMAS",23772.07,10285
"23243","SET OF TEA COFFEE SUGAR TINS PANTRY",23489.42,4800
"22189","CREAM HEART CARD HOLDER",23435.82,8284
"21733","RED HANGING HEART T-LIGHT HOLDER",23199.24,7872
"21929","JUMBO BAG PINK VINTAGE PAISLEY",23179.06,11006
"82482","WOODEN PICTURE FRAME WHITE FINISH",23057.06,8986
"20713","JUMBO BAG OWLS",23001.06,11429
"21623","VINTAGE UNION JACK MEMOBOARD",22980.24,3269
"22139","RETROSPOT TEA SET CERAMIC 11 PC",22868.26,4518
"22090","PAPER BUNTING RETROSPOT",22785.06,7562
"22697","GREEN REGENCY TEACUP AND SAUCER",22755.5,7278
"85066","CREAM SWEETHEART MINI CHEST",22594.2,1784
"20727","LUNCH BAG  BLACK SKULL.",22346.96,12195
"15056N","EDWARDIAN PARASOL NATURAL",22152.69,3950
"48194","DOORMAT HEARTS",22114.42,3416
"20712","JUMBO BAG WOODLAND ANIMALS",22092.42,9773
"84029E","RED WOOLLY HOTTIE WHITE HEART.",22025.73,4734
"23202","JUMBO BAG VINTAGE LEAF",21810.43,10941
"20724","RED RETROSPOT CHARLOTTE BAG",21773.39,17761
"20728","LUNCH BAG CARS BLUE",21699.48,11786
"22630","DOLLY GIRL LUNCH BOX",21609.79,11780
"21523","DOORMAT FANCY FONT HOME SWEET HOME",21593.74,3245
"21843","RED RETROSPOT CAKE STAND",21354.3,2012
"21212","PACK OF 72 RETROSPOT CAKE CASES",21246.45,36396
"21166","COOK WITH WINE METAL SIGN",20874.44,10324
"23206","LUNCH BAG APPLE DESIGN",20852.58,12147
"22659","LUNCH BOX I LOVE LONDON",20781.65,11504
"22728","ALARM CLOCK BAKELIKE PINK",20672.15,5356
"21479","WHITE SKULL HOT WATER BOTTLE",20582.2,3915
"82494L","WOODEN FRAME ANTIQUE WHITE",19599.49,6735
"84946","ANTIQUE SILVER T-LIGHT GLASS",19381.62,14664
"22501","PICNIC BASKET WICKER LARGE",19302.26,1602
"22328","ROUND SNACK BOXES SET OF 4 FRUITS",19094.97,6835
"22467","GUMBALL COAT RACK",18798.67,7926
"22969","HOMEMADE JAM SCENTED CANDLES",18771.15,12520
"22383","LUNCH BAG SUKI DESIGN",18699.43,10301
"15036","ASSORTED COLOURS SILK FAN",18569.84,23826
"20726","LUNCH BAG WOODLAND",18283.78,9909
"21108","FAIRY CAKE FLANNEL ASSORTED COLOUR",18056.28,10241
"22382","LUNCH BAG SPACEBOY DESIGN",18031.31,10427
"22693","GROW A FLYTRAP OR SUNFLOWER IN TIN",17927.45,16244
"22835","HOT WATER BOTTLE I AM SO POORLY",17892.96,3441
"22865","HAND WARMER OWL DESIGN",17786.13,8439
"21485","RETROSPOT HEART HOT WATER BOTTLE",17663.98,3524
"20914","SET/5 RED RETROSPOT LID GLASS BOWLS",17623.35,6073
"22698","PINK REGENCY TEACUP AND SAUCER",17445.56,5788
"22384","LUNCH BAG PINK POLKADOT",17388.99,10487
"23203","JUMBO BAG DOILEY PATTERNS",17268.69,8893
"21928","JUMBO BAG SCANDINAVIAN BLUE PAISLEY",17239.69,8411
"22077","6 RIBBONS RUSTIC CHARM",17186.62,9172
"22385","JUMBO BAG SPACEBOY DESIGN",17071.59,8666
"71477","COLOUR GLASS. STAR T-LIGHT HOLDER",17069.7,5736
"22197","SMALL POPCORN HOLDER",17045.8,20149
"82583","HOT BATHS METAL SIGN",16946.26,7258
"22492","MINI PAINT SET VINTAGE",16937.82,26633
"21754","HOME BUILDING BLOCK WORD",16923.47,2759
"20719","WOODLAND CHARLOTTE BAG",16744.45,13290
"22993","SET OF 4 PANTRY JELLY MOULDS",16478.48,12649
"84978","HANGING HEART JAR T-LIGHT HOLDER",16453.78,12493
"22624","IVORY KITCHEN SCALES",16378.71,1883
"84078A","SET/4 WHITE RETRO STORAGE CUBES",16363.3,415
"23301","GARDENERS KNEELING PAD KEEP CALM",16327.35,8807
"84029G","KNITTED UNION FLAG HOT WATER BOTTLE",16148.04,3319
"85152","HAND OVER THE CHOCOLATE   SIGN",15928.73,8246
"15056BL","EDWARDIAN PARASOL BLACK",15828.84,2844
"23313","VINTAGE CHRISTMAS BUNTING",15798.66,2990
"22379","RECYCLING BAG RETROSPOT",15607.59,6896
"82483","WOOD 2 DRAWER CABINET WHITE FINISH",15123.92,2386
"22084","PAPER CHAIN KIT EMPIRE",15099.37,5181
"22900","SET 2 TEA TOWELS I LOVE LONDON",14938.43,4907
"84997D","CHILDRENS CUTLERY POLKADOT PINK",14493.64,3666
"22752","SET 7 BABUSHKA NESTING BOXES",14427.97,1787
"22866","HAND WARMER SCOTTY DOG DESIGN",14366.52,6611
"22847","BREAD BIN DINER STYLE IVORY",14329.54,901
"48184","DOORMAT ENGLISH ROSE",14300.15,2035
"22507","MEMO BOARD RETROSPOT  DESIGN",14193.35,2960
"23200","JUMBO BAG PEARS",14188.96,7067
"21232","STRAWBERRY CERAMIC TRINKET BOX",14117.58,10473
"22625","RED KITCHEN SCALES",14082.2,1620
"22867","HAND WARMER BIRD DESIGN",14061.89,6433
"22083","PAPER CHAIN KIT RETROSPOT",14051.64,4616
"21930","JUMBO STORAGE BAG SKULLS",14006.2,6438
"23343","JUMBO BAG VINTAGE CHRISTMAS",13972.71,6078
"22622","BOX OF VINTAGE ALPHABET BLOCKS",13931.31,1342
"20971","PINK BLUE FELT CRAFT TRINKET BOX",13828.1,10993
"84077","WORLD WAR 2 GLIDERS ASSTD DESIGNS",13814.01,54951
"22941","CHRISTMAS LIGHTS 10 REINDEER",13795.92,1670
"AMAZONFEE","AMAZON FEE",13761.09,2
"23077","DOUGHNUT LIP GLOSS",13695.77,10395
"22171","3 HOOK PHOTO SHELF ANTIQUE WHITE",13611.81,1794
"22551","PLASTERS IN TIN SPACEBOY",13602.11,8074
"21524","DOORMAT SPOTTY HOME SWEET HOME",13572.06,1752
"23356","LOVE HOT WATER BOTTLE",13334.32,2359
"22554","PLASTERS IN TIN WOODLAND ANIMALS",13328.27,7803
"22558","CLOTHES PEGS RETROSPOT PACK 24",13325.87,8676
"23207","LUNCH BAG ALPHABET DESIGN",13325.55,7830
"23108","SET OF 10 LED DOLLY LIGHTS",13290.52,2219
"23328","SET 6 SCHOOL MILK BOTTLES IN CRATE",13269.49,2841
"22499","WOODEN UNION JACK BUNTING",12792.25,2091
"22113","GREY HEART HOT WATER BOTTLE",12763.08,3220
"22427","ENAMEL FLOWER JUG CREAM",12647.26,2106
"20750","RED RETROSPOT MINI CASES",12634.98,1747
"20749","ASSORTED COLOUR MINI CASES",12550.57,1762
"20723","STRAWBERRY CHARLOTTE BAG",12548.15,9793
"22607","WOODEN ROUNDERS GARDEN SET",12531.57,1327
"21790","VINTAGE SNAP CARDS",12510.01,14521
"22188","BLACK HEART CARD HOLDER",12483.22,4870
"21755","LOVE BUILDING BLOCK WORD",12435.86,2011
"22568","FELTCRAFT CUSHION OWL",12413.89,3373
"22424","ENAMEL BREAD BIN CREAM",12358.33,873
"22149","FELTCRAFT 6 FLOWER FRIENDS",12357.08,6070
"23174","REGENCY SUGAR BOWL GREEN",12342.43,3055
"21977","PACK OF 60 PINK PAISLEY CAKE CASES",12226.32,24820
"48188","DOORMAT WELCOME PUPPIES",12107.02,2064
"47590B","PINK HAPPY BIRTHDAY BUNTING",12050.12,2323
"22273","FELTCRAFT DOLL MOLLY",12001.59,4509
"22191","IVORY DINER WALL CLOCK",11911.65,1445
"21430","SET/3 RED GINGHAM ROSE STORAGE BOX",11905.95,3034
"82486","WOOD S/3 CABINET ANT WHITE FINISH",11885.98,1402
"22087","PAPER BUNTING WHITE LACE",11872.58,4082
"22193","RED DINER WALL CLOCK",11857.07,1400
"22158","3 HEARTS HANGING DECORATION RUSTIC",11797.38,3413
"22502","PICNIC BASKET WICKER SMALL",11789.27,1876
"23300","GARDENERS KNEELING PAD CUP OF TEA",11785.99,6809
"21936","RED RETROSPOT PICNIC BAG",11665.19,3985
"23581","JUMBO BAG PAISLEY PARK",11581.83,5020
"22692","DOORMAT WELCOME TO OUR HOME",11539.06,1522
"21217","RED RETROSPOT ROUND CAKE TINS",11522.44,1088
"22730","ALARM CLOCK BAKELIKE IVORY",11453.4,2885
"21481","FAWN BLUE HOT WATER BOTTLE",11443.87,3307
"22356","CHARLOTTE BAG PINK POLKADOT",11417.74,9716
"21216","SET 3 RETROSPOT TEA,COFFEE,SUGAR",11382.81,2128
"22041","RECORD FRAME 7"" SINGLE SIZE",11354.56,4374
"21080","SET/20 RED RETROSPOT PAPER NAPKINS",11312.56,13202
"21340","CLASSIC METAL BIRDCAGE PLANT HOLDER",11300.02,975
"22605","WOODEN CROQUET GARDEN SET",11276.21,782
"47566B","TEA TIME PARTY BUNTING",11275.27,2379
"22570","FELTCRAFT CUSHION RABBIT",11204.97,3086
"23170","REGENCY TEA PLATE ROSES",11097.25,6857
"22413","METAL SIGN TAKE IT OR LEAVE IT",11095.94,3774
"B","Adjust bad debt",11062.06,1
"22662","LUNCH BAG DOLLY GIRL DESIGN",11060.88,6706
"20711","JUMBO BAG TOYS",11014.62,5007
"85014B","RED RETROSPOT UMBRELLA",10952.2,1910
"85048","15CM CHRISTMAS GLASS BALL 20 LIGHTS",10910.61,1359
"22988","SOLDIERS EGG CUP",10858.31,9073
"23209","LUNCH BAG VINTAGE DOILY",10797,6548
"22617","BAKING SET SPACEBOY DESIGN",10745.05,2209
"22846","BREAD BIN DINER STYLE RED",10676.62,665
"22734","SET OF 6 RIBBONS VINTAGE CHRISTMAS",10610.04,3261
"21891","TRADITIONAL WOODEN SKIPPING ROPE",10504.85,8130
"21791","VINTAGE HEADS AND TAILS CARD GAME",10504.4,7864
"23209","LUNCH BAG DOILEY PATTERN",10502.19,6551
"47590A","BLUE HAPPY BIRTHDAY BUNTING",10491.75,1990
"84755","COLOUR GLASS T-LIGHT HOLDER HANGING",10487.05,16401
"23208","LUNCH BAG VINTAGE LEAF DESIGN",10441.91,6308
"22992","REVOLVER WOODEN RULER",10373.99,5233
"22169","FAMILY ALBUM WHITE PICTURE FRAME",10345.76,1197
"21914","BLUE HARMONICA IN BOX",10339.81,7876
"84997B","CHILDRENS CUTLERY RETROSPOT RED",10316.86,2634
"84947","ANTIQUE SILVER TEA GLASS ENGRAVED",10229.77,8652
"23582","VINTAGE DOILY JUMBO BAG RED",10206.41,4802
"82600","NO SINGING METAL SIGN",10193.76,4788
"84997C","CHILDRENS CUTLERY POLKADOT BLUE",10150.76,2582
"22970","LONDON BUS COFFEE MUG",10140.6,4334
"21218","RED SPOTTY BISCUIT TIN",10116.49,2433
"22569","FELTCRAFT CUSHION BUTTERFLY",10110.83,2759
"22556","PLASTERS IN TIN CIRCUS PARADE",10061.86,6113
"22621","TRADITIONAL KNITTING NANCY",10053.65,6148
"23171","REGENCY TEA PLATE GREEN",10051.99,6247
"22633","HAND WARMER UNION JACK",10023.72,4851
"20679","EDWARDIAN PARASOL RED",10021.42,1710
"48173C","DOORMAT BLACK FLOCK",10000.66,1799
"22690","DOORMAT HOME SWEET HOME BLUE",9943.7,1619
"23076","ICE CREAM SUNDAE LIP GLOSS",9935.76,8076
"22619","SET OF 6 SOLDIER SKITTLES",9895.04,2480
"22654","DELUXE SEWING KIT",9893,1411
"22791","T-LIGHT GLASS FLUTED ANTIQUE",9873.88,7955
"22555","PLASTERS IN TIN STRONGMAN",9841.83,6010
"21314","SMALL GLASS HEART TRINKET POT",9798.98,4246
"22838","3 TIER CAKE TIN RED AND CREAM",9765.11,689
"22766","PHOTO FRAME CORNICE",9755.09,3267
"22561","WOODEN SCHOOL COLOURING SET",9741.57,5883
"21559","STRAWBERRY LUNCH BOX WITH CUTLERY",9735.38,3933
"23240","SET OF 4 KNICK KNACK TINS DOILY",9726.48,2352
"22776","SWEETHEART CAKESTAND 3 TIER",9687.3,958
"22144","CHRISTMAS CRAFT LITTLE FRIENDS",9662.28,4073
"22844","VINTAGE CREAM DOG FOOD CONTAINER",9661.32,1003
"23175","REGENCY MILK JUG PINK",9587.15,3160
"22560","TRADITIONAL MODELLING CLAY",9572.32,8144
"22978","PANTRY ROLLING PIN",9564.98,2464
"22456","NATURAL SLATE CHALKBOARD LARGE",9534.67,1727
"35970","ZINC FOLKART SLEIGH BELLS",9512.73,5050
"22952","60 CAKE CASES VINTAGE CHRISTMAS",9498.87,16032
"21174","POTTERING IN THE SHED METAL SIGN",9405.76,4175
"85150","LADIES & GENTLEMEN METAL SIGN",9383.43,4037
"84375","SET OF 20 KIDS COOKIE CUTTERS",9383.15,4311
"21155","RED RETROSPOT PEG BAG",9296.3,3155
"23319","BOX OF 6 MINI 50'S CRACKERS",9219.53,3720
"22749","FELTCRAFT PRINCESS CHARLOTTE DOLL",9216.16,2362
"22966","GINGERBREAD MAN COOKIE CUTTER",9202.15,7440
"84991","60 TEATIME FAIRY CAKE CASES",9169.97,18189
"23318","BOX OF 6 MINI VINTAGE CRACKERS",9162.41,3809
"20972","PINK CREAM FELT CRAFT TRINKET BOX",9128.06,7337
"23080","RED METAL BOX TOP SECRET",9117.62,1074
"48116","DOORMAT MULTICOLOUR STRIPE",9080.68,1491
"22729","ALARM CLOCK BAKELIKE ORANGE",9068.95,2323
"22759","SET OF 3 NOTEBOOKS IN PARCEL",9027.44,5435
"22989","SET 2 PANTRY DESIGN TEA TOWELS",8999.27,2811
"22771","CLEAR DRAWER KNOB ACRYLIC EDWARDIAN",8930.44,6539
"23322","LARGE WHITE HEART OF WICKER",8878.21,3069
"82582","AREA PATROLLED METAL SIGN",8858.79,4365
"23439","HAND WARMER RED LOVE HEART",8855.51,3986
"21889","WOODEN BOX OF DOMINOES",8847.29,6390
"22632","HAND WARMER RED RETROSPOT",8757.83,4348
"84945","MULTI COLOUR SILVER T-LIGHT HOLDER",8744.43,10545
"22947","WOODEN ADVENT CALENDAR RED",8714.24,746
"22147","FELTCRAFT BUTTERFLY HEARTS",8621.14,6226
"22652","TRAVEL SEWING KIT",8612.07,5091
"22795","SWEETHEART RECIPE BOOK STAND",8571.25,1211
"71459","HANGING JAM JAR T-LIGHT HOLDER",8560.84,10792
"23082","SET 6 PAPER TABLE LANTERN HEARTS",8558.76,2328
"23078","ICE CREAM PEN LIP GLOSS",8553.34,6831
"21035","SET/2 RED RETROSPOT TEA TOWELS",8536.85,2599
"84378","SET OF 3 HEART COOKIE CUTTERS",8518.4,6332
"23256","CHILDRENS CUTLERY SPACEBOY",8517.67,2077
"23493","VINTAGE DOILY TRAVEL SEWING KIT",8497.98,3964
"21484","CHICK GREY HOT WATER BOTTLE",8495.42,1871
"23321","SMALL WHITE HEART OF WICKER",8438.54,4716
"21213","PACK OF 72 SKULL CAKE CASES",8414.59,15169
"21210","SET OF 72 RETROSPOT PAPER  DOILIES",8368.39,5808
"22768","FAMILY PHOTO FRAME CORNICE",8258.59,867
"72741","GRAND CHOCOLATECANDLE",8196,5958
"22192","BLUE DINER WALL CLOCK",8189.29,954
"22725","ALARM CLOCK BAKELIKE CHOCOLATE",8153.6,1980
"84380","SET OF 3 BUTTERFLY COOKIE CUTTERS",8153.56,5799
"22655","VINTAGE RED KITCHEN CABINET",8125,60
"22667","RECIPE BOX RETROSPOT",8045.1,2882
"22909","SET OF 20 VINTAGE CHRISTMAS NAPKINS",8041.18,8976
"71053","WHITE METAL LANTERN",8037.77,1875
"21121","SET/10 RED POLKADOT PARTY CANDLES",7998.85,6606
"22616","PACK OF 12 LONDON TISSUES",7975.98,26119
"21770","OPEN CLOSED METAL SIGN",7923.93,1638
"22487","WHITE WOOD GARDEN PLANT LADDER",7909.28,784
"22940","FELTCRAFT CHRISTMAS FAIRY",7890.25,1915
"22352","LUNCH BOX WITH CUTLERY RETROSPOT",7860.97,3088
"22968","ROSE COTTAGE KEEPSAKE BOX",7851.98,794
"21136","PAINTED METAL PEARS ASSORTED",7793.14,4687
"23238","SET OF 4 KNICK KNACK TINS LONDON",7771.61,1849
"22173","METAL 4 HOOK HANGER FRENCH CHATEAU",7767.8,2444
"22557","PLASTERS IN TIN VINTAGE PAISLEY",7762.24,4712
"21908","CHOCOLATE THIS WAY METAL SIGN",7752.22,3771
"23204","CHARLOTTE BAG APPLES DESIGN",7741.94,7976
"23007","SPACEBOY BABY GIFT SET",7741.75,498
"48111","DOORMAT 3 SMILEY CATS",7708.48,1172
"21258","VICTORIAN SEWING BOX LARGE",7674.8,532
"84406B","CREAM CUPID HEARTS COAT HANGER",7653.17,2015
"84970S","HANGING HEART ZINC T-LIGHT HOLDER",7650.31,8879
"84949","SILVER HANGING T-LIGHT HOLDER",7622.64,4789
"21231","SWEETHEART CERAMIC TRINKET BOX",7617.28,6054
"22991","GIRAFFE WOODEN RULER",7604.89,3887
"21955","DOORMAT UNION JACK GUNS AND ROSES",7580.82,1228
"22585","PACK OF 6 BIRDY GIFT TAGS",7547.89,6221
"22627","MINT KITCHEN SCALES",7521.89,852
"22367","CHILDRENS APRON SPACEBOY DESIGN",7508.58,3749
"22750","FELTCRAFT PRINCESS LOLA DOLL",7491.83,2001
"21668","RED STRIPE CERAMIC DRAWER KNOB",7481.16,5494
"22381","TOY TIDY PINK POLKADOT",7433.74,3439
"84836","ZINC METAL HEART DECORATION",7418.07,5937
"22741","FUNKY DIVA PEN",7363.86,8547
"23382","BOX OF 6 CHRISTMAS CAKE DECORATIONS",7356.18,1875
"21169","YOU'RE CONFUSING ME METAL SIGN",7301.77,4413
"23083","SET 6 PAPER TABLE LANTERN STARS",7250.9,1932
"23240","SET OF 4 KNICK KNACK TINS DOILEY",7248.79,1819
"20969","RED FLORAL FELTCRAFT SHOULDER BAG",7229.43,1960
"22631","CIRCUS PARADE LUNCH BOX",7199.57,3677
"22485","SET OF 2 WOODEN MARKET CRATES",7190.35,526
"22767","TRIPLE PHOTO FRAME CORNICE",7173.55,774
"22634","CHILDS BREAKFAST SET SPACEBOY",7161.3,763
"21787","RAIN PONCHO RETROSPOT",7161.1,8875
"22553","PLASTERS IN TIN SKULLS",7132.12,4242
"22637","PIGGY BANK RETROSPOT",7111.18,2760
"22834","HAND WARMER BABUSHKA DESIGN",7105.33,4941
"21669","BLUE STRIPE CERAMIC DRAWER KNOB",7091.15,5252
"22505","MEMO BOARD COTTAGE DESIGN",7084.42,1457
"21259","VICTORIAN SEWING BOX SMALL",7077.2,1179
"22950","36 DOILIES VINTAGE CHRISTMAS",7060.28,5171
"23320","GIANT 50'S CHRISTMAS CRACKER",7053.57,2661
"22663","JUMBO BAG DOLLY GIRL DESIGN",7051.2,3419
"C2","CARRIAGE",7051,142
"21912","VINTAGE SNAKES & LADDERS",7047.7,1786
"22333","RETROSPOT PARTY BAG + STICKER SET",7043.94,4492
"23215","JINGLE BELL HEART ANTIQUE SILVER",7038.4,3564
"22946","WOODEN ADVENT CALENDAR CREAM",7030.22,453
"23293","SET OF 12 FAIRY CAKE BAKING CASES",6989.54,8471
"22839","3 TIER CAKE TIN GREEN AND CREAM",6981.67,445
"22170","PICTURE FRAME WOOD TRIPLE PORTRAIT",6977.6,1068
"21922","UNION STRIPE WITH FRINGE  HAMMOCK",6944.36,898
"21165","BEWARE OF THE CAT METAL SIGN",6935.7,4154
"21094","SET/6 RED SPOTTY PAPER PLATES",6933.26,8758
"21877","HOME SWEET HOME MUG",6932.78,5411
"22109","FULL ENGLISH BREAKFAST PLATE",6921.15,1640
"22840","ROUND CAKE TIN VINTAGE RED",6903.79,913
"21257","VICTORIAN SEWING BOX MEDIUM",6901.42,688
"84997A","CHILDRENS CUTLERY POLKADOT GREEN",6864.42,1728
"21326","AGED GLASS SILVER T-LIGHT HOLDER",6859.27,10535
"22580","ADVENT CALENDAR GINGHAM SACK",6848.19,1311
"75049L","LARGE CIRCULAR MIRROR MOBILE",6812.98,7102
"22294","HEART FILIGREE DOVE  SMALL",6805.08,5457
"23297","SET 40 HEART SHAPE PETIT FOUR CASES",6792.23,4303
"22620","4 TRADITIONAL SPINNING TOPS",6782.21,4889
"21672","WHITE SPOT RED CERAMIC DRAWER KNOB",6776,4992
"23541","WALL ART CLASSIC PUDDINGS",6762.71,864
"22943","CHRISTMAS LIGHTS 10 VINTAGE BAUBLES",6755.47,1355
"23254","CHILDRENS CUTLERY DOLLY GIRL",6753.71,1667
"23008","DOLLY GIRL BABY GIFT SET",6719.61,433
"23480","MINI LIGHTS WOODLAND MUSHROOMS",6719.14,1798
"23247","BISCUIT TIN 50'S CHRISTMAS",6681.25,2194
"21871","SAVE THE PLANET MUG",6679.56,5453
"85014A","BLACK/BLUE POLKADOT UMBRELLA",6678.72,1163
"22668","PINK BABY BUNTING",6677.97,2179
"84988","SET OF 72 PINK HEART PAPER DOILIES",6671.25,4311
"21888","BINGO SET",6659.54,1688
"21533","RETROSPOT LARGE MILK JUG",6651.72,1351
"20718","RED RETROSPOT SHOPPER BAG",6604.29,4769
"23229","VINTAGE DONKEY TAIL GAME",6550.17,1815
"84992","72 SWEETHEART FAIRY CAKE CASES",6532.78,13319
"22508","DOORSTOP RETROSPOT HEART",6525.88,1594
"21122","SET/10 PINK POLKADOT PARTY CANDLES",6488.54,5325
"23311","VINTAGE CHRISTMAS STOCKING",6488.2,2390
"22141","CHRISTMAS CRAFT TREE TOP ANGEL",6463.79,2791
"84946","ANTIQUE SILVER TEA GLASS ETCHED",6461.76,4545
"23103","JINGLE BELL HEART DECORATION",6459.16,3820
"82486","3 DRAWER ANTIQUE WHITE WOOD CABINET",6457.94,734
"23553","LANDMARK FRAME CAMDEN TOWN",6444.65,568
"22804","CANDLEHOLDER PINK HANGING HEART",6438.79,2251
"23134","LARGE ZINC HEART WALL ORGANISER",6431.11,1065
"84030E","ENGLISH ROSE HOT WATER BOTTLE",6414.69,1497
"22635","CHILDS BREAKFAST SET DOLLY GIRL",6412.33,681
"84970L","SINGLE HEART ZINC T-LIGHT HOLDER",6411.52,6064
"23571","TRADITIONAL NAUGHTS & CROSSES",6406.91,2841
"22979","PANTRY WASHING UP BRUSH",6391.82,4090
"20676","RED RETROSPOT BOWL",6374.81,5023
"23307","SET OF 60 PANTRY DESIGN CAKE CASES",6371.89,12049
"22784","LANTERN CREAM GAZEBO",6360.99,1272
"23172","REGENCY TEA PLATE PINK",6344.41,3861
"22303","COFFEE MUG APPLES DESIGN",6338.25,2816
"22895","SET OF 2 TEA TOWELS APPLE AND PEARS",6334.3,2058
"22151","PLACE SETTING WHITE HEART",6322.21,15126
"21154","RED RETROSPOT OVEN GLOVE",6320.51,4034
"21380","WOODEN HAPPY BIRTHDAY GARLAND",6307.51,2165
"21935","SUKI  SHOULDER BAG",6298.61,3393
"22826","LOVE SEAT ANTIQUE WHITE METAL",6210,58
"23169","CLASSIC GLASS COOKIE JAR",6183.39,1437
"23192","BUNDLE OF 3 ALPHABET EXERCISE BOOKS",6114.24,3516
"21975","PACK OF 60 DINOSAUR CAKE CASES",6102.51,12312
"23118","PARISIENNE JEWELLERY DRAWER",6102.18,813
"21156","RETROSPOT CHILDRENS APRON",6091.1,3170
"21670","BLUE SPOT CERAMIC DRAWER KNOB",6083.99,4328
"21671","RED SPOT CERAMIC DRAWER KNOB",6054.79,4402
"47591D","PINK FAIRY CAKE CHILDRENS APRON",6052.45,3207
"47556B","TEA TIME TEA TOWELS",6045,2600
"21673","WHITE SPOT BLUE CERAMIC DRAWER KNOB",6041.2,4372
"23534","WALL ART STOP FOR TEA",6036.2,869
"22366","DOORMAT AIRMAIL",6034.9,800
"17003","BROCADE RING PURSE",6025.95,23020
"48129","DOORMAT TOPIARY",6009.84,904
"21535","RED RETROSPOT SMALL MILK JUG",5986.01,2487
"23296","SET OF 6 TEA TIME BAKING CASES",5985.55,4979
"22174","PHOTO CUBE",5978.78,3218
"23312","VINTAGE CHRISTMAS GIFT SACK",5964.15,1423
"22783","SET 3 WICKER OVAL BASKETS W LIDS",5961.25,463
"23535","WALL ART BICYCLE SAFETY",5954.15,845
"23052","RECYCLED ACAPULCO MAT TURQUOISE",5949.34,654
"22150","3 STRIPEY MICE FELTCRAFT",5907.84,3021
"23113","PANTRY CHOPPING BOARD",5868.5,1154
"22971","QUEENS GUARD COFFEE MUG",5849.29,2431
"23485","BOTANICAL GARDENS WALL CLOCK",5843.92,262
"23154","SET OF 4 JAM JAR MAGNETS",5842.88,2701
"22207","FRYING PAN UNION FLAG",5833.59,1333
"22751","FELTCRAFT PRINCESS OLIVIA DOLL",5801.47,1563
"22740","POLKADOT PEN",5793.62,6842
"22779","WOODEN OWLS LIGHT GARLAND",5789.85,1537
"22796","PHOTO FRAME 3 CLASSIC HANGING",5787.45,582
"22365","DOORMAT RESPECTABLE HOUSE",5754.03,789
"84997B","RED 3 PIECE RETROSPOT CUTLERY SET",5729.11,1580
"62018","SOMBRERO",5716.85,4415
"21242","RED RETROSPOT PLATE",5699.71,3373
"22646","CERAMIC STRAWBERRY CAKE MONEY BANK",5684.17,4160
"22907","PACK OF 20 NAPKINS PANTRY DESIGN",5670,6573
"22088","PAPER BUNTING COLOURED LACE",5661.05,1893
"22837","HOT WATER BOTTLE BABUSHKA",5620.73,1165
"22418","10 COLOUR SPACEBOY PEN",5585.45,6564
"22488","NATURAL SLATE RECTANGLE CHALKBOARD",5573.68,3195
"22798","ANTIQUE GLASS DRESSING TABLE POT",5561.3,1798
"21558","SKULL LUNCH BOX WITH CUTLERY",5550.22,2131
"23531","WALL ART BIG LOVE",5538.26,976
"23133","LARGE IVORY HEART WALL ORGANISER",5525.4,782
"23177","TREASURE ISLAND BOOK BOX",5521.29,2532
"23158","SET OF 5 LUCKY CAT MAGNETS",5513.83,2633
"22429","ENAMEL MEASURING JUG CREAM",5507.18,1262
"23583","LUNCH BAG PAISLEY PARK",5497.33,3385
"22464","HANGING METAL HEART LANTERN",5485.63,3402
"22964","3 PIECE SPACEBOY COOKIE CUTTER SET",5472.69,2624
"22904","CALENDAR PAPER CUT DESIGN",5467.26,1834
"22297","HEART IVORY TRELLIS SMALL",5459.91,4164
"23135","SMALL ZINC HEART WALL ORGANISER",5416.18,1541
"22827","RUSTIC  SEVENTEEN DRAWER SIDEBOARD",5415,35
"23205","CHARLOTTE BAG VINTAGE ALPHABET",5405.88,5457
"22584","PACK OF 6 PANNETONE GIFT BOXES",5398.33,2097
"22845","VINTAGE CREAM CAT FOOD CONTAINER",5396.93,802
"22349","DOG BOWL CHASING BALL DESIGN",5381.52,1366
"23494","VINTAGE DOILY DELUXE SEWING KIT",5354.01,809
"21172","PARTY METAL SIGN",5338.63,3485
"22998","TRAVEL CARD WALLET KEEP CALM",5262.82,12366
"22296","HEART IVORY TRELLIS LARGE",5247.72,3140
"22120","WELCOME  WOODEN BLOCK LETTERS",5247.09,523
"22623","BOX OF VINTAGE JIGSAW BLOCKS",5236.31,937
"84997D","PINK 3 PIECE POLKADOT CUTLERY SET",5234.56,1437
"22848","BREAD BIN DINER STYLE PINK",5208.45,323
"22665","RECIPE BOX BLUE SKETCHBOOK DESIGN",5192.08,1516
"22781","GUMBALL MAGAZINE RACK",5191.01,621
"22689","DOORMAT MERRY CHRISTMAS RED",5176.25,673
"21844","RED RETROSPOT MUG",5167.69,1847
"21428","SET3 BOOK BOX GREEN GINGHAM FLOWER",5163.63,1207
"21164","HOME SWEET HOME METAL SIGN",5155.98,1766
"22898","CHILDRENS APRON APPLES DESIGN",5150.92,2414
"23263","SET OF 3 WOODEN HEART DECORATIONS",5147.19,3863
"23162","REGENCY TEA STRAINER",5143.69,1412
"23157","SET OF 6 NATIVITY MAGNETS",5143.06,2557
"23165","LARGE CERAMIC TOP STORAGE JAR",5141.06,3114
"23132","SMALL IVORY HEART WALL ORGANISER",5138.6,1020
"22302","COFFEE MUG PEARS  DESIGN",5134.29,2329
"37449","CERAMIC CAKE STAND + HANGING CAKES",5117.29,563
"22772","PINK DRAWER KNOB ACRYLIC EDWARDIAN",5116.7,3793
"22595","GINGHAM HEART DECORATION",5114.41,6139
"23397","FOOT STOOL HOME SWEET HOME",5097.65,489
"23234","BISCUIT TIN VINTAGE CHRISTMAS",5079.78,1722
"21098","CHRISTMAS TOILET ROLL",5078.76,3719
"23295","SET OF 12 MINI LOAF BAKING CASES",5073.45,6134
"22371","AIRLINE BAG VINTAGE TOKYO 78",5072.32,1086
"23198","PANTRY MAGNETIC  SHOPPING LIST",5062.6,3342
"23126","FELTCRAFT GIRL AMELIE KIT",5059.14,1007
"22780","LIGHT GARLAND BUTTERFILES PINK",5044.34,1346
"21907","I'M ON HOLIDAY METAL SIGN",5027.18,2371
"22957","SET 3 PAPER VINTAGE CHICK PAPER EGG",5014.65,1775
"23314","VINTAGE CHRISTMAS TABLECLOTH",5012.96,407
"22636","CHILDS BREAKFAST SET CIRCUS PARADE",5009.56,595
"23109","PACK OF SIX LED TEA LIGHTS",5008.26,1752
"22271","FELTCRAFT DOLL ROSIE",5007.35,1701
"21756","BATH BUILDING BLOCK WORD",5006.26,809
"23310","BUBBLEGUM RING ASSORTED",4997.28,12050
"21932","SCANDINAVIAN PAISLEY PICNIC BAG",4995.38,2720
"23543","WALL ART KEEP CALM",4994.79,967
"22301","COFFEE MUG CAT + BIRD DESIGN",4980.83,2205
"22849","BREAD BIN DINER STYLE MINT",4967.93,319
"21933","PINK VINTAGE PAISLEY PICNIC BAG",4957.43,2672
"22142","CHRISTMAS CRAFT WHITE FAIRY",4946.19,3247
"23556","LANDMARK FRAME COVENT GARDEN",4937.01,436
"84212","ASSORTED FLOWER COLOUR ""LEIS""",4934.87,10315
"23570","TRADITIONAL PICK UP STICKS GAME",4931.87,2772
"22110","BIRD HOUSE HOT WATER BOTTLE",4912.14,1172
"21937","STRAWBERRY   PICNIC BAG",4898.85,1707
"22748","POPPY'S PLAYHOUSE KITCHEN",4880.83,2117
"23010","CIRCUS PARADE BABY GIFT SET",4879.6,315
"23351","ROLL WRAP 50'S CHRISTMAS",4875.65,3535
"21124","SET/10 BLUE POLKADOT PARTY CANDLES",4863.05,4011
"23503","PLAYING CARDS KEEP CALM & CARRY ON",4860.55,3643
"21033","JUMBO BAG CHARLIE AND LOLA TOYS",4851.73,1932
"21086","SET/6 RED SPOTTY PAPER CUPS",4851.5,7121
"21390","FILIGRIS HEART WITH BUTTERFLY",4848.13,3903
"21876","POTTERING MUG",4825.36,3789
"23554","LANDMARK FRAME OXFORD STREET",4805.53,422
"22549","PICTURE DOMINOES",4798.38,3188
"23555","LANDMARK FRAME NOTTING HILL",4780.57,421
"23184","BULL DOG BOTTLE OPENER",4764.5,874
"84050","PINK HEART SHAPE EGG FRYING PAN",4753.53,3229
"22243","5 HOOK HANGER RED MAGIC TOADSTOOL",4751.64,3098
"23286","BLUE VINTAGE SPOT BEAKER",4747.62,5048
"20677","PINK POLKADOT BOWL",4747.34,3674
"21539","RED RETROSPOT BUTTER DISH",4743.9,969
"20979","36 PENCILS TUBE RED RETROSPOT",4723.73,3734
"23569","TRADTIONAL ALPHABET STAMP SET",4717.66,954
"23159","SET OF 5 PANCAKE DAY MAGNETS",4713.52,2293
"22645","CERAMIC HEART FAIRY CAKE MONEY BANK",4709.74,2354
"23558","LANDMARK FRAME LONDON BRIDGE",4703.87,415
"23389","SPACEBOY MINI BACKPACK",4697.54,1102
"23176","ABC TREASURE BOOK BOX",4693.08,2165
"82001S","VINYL RECORD FRAME SILVER",4682.45,1295
"82552","WASHROOM METAL SIGN",4674.83,3012
"22504","CABIN BAG VINTAGE RETROSPOT",4674.62,247
"22721","SET OF 3 CAKE TINS SKETCHBOOK",4671.81,1020
"23241","TREASURE TIN GYMKHANA DESIGN",4669.55,2165
"22082","RIBBON REEL STRIPES DESIGN",4661.88,2680
"22745","POPPY'S PLAYHOUSE BEDROOM",4661.79,2021
"47599A","PINK PARTY BAGS",4649.5,2456
"22606","WOODEN SKITTLES GARDEN SET",4638.46,313
"22628","PICNIC BOXES SET OF 3 RETROSPOT",4620.91,965
"22295","HEART FILIGREE DOVE LARGE",4613.97,2789
"21833","CAMOUFLAGE LED TORCH",4594.43,2726
"23285","PINK VINTAGE SPOT BEAKER",4572.41,4807
"22417","PACK OF 60 SPACEBOY CAKE CASES",4563.24,8420
"23404","HOME SWEET HOME BLACKBOARD",4561.76,1011
"82551","LAUNDRY 15C METAL SIGN",4542.89,2918
"20974","12 PENCILS SMALL TUBE SKULL",4527.43,6976
"23275","SET OF 3 HANGING OWLS OLLIE BEAK",4521.72,3720
"23163","REGENCY SUGAR TONGS",4515.22,1832
"23112","PARISIENNE CURIO CABINET",4507.08,546
"23309","SET OF 60 I LOVE LONDON CAKE CASES",4495.85,8275
"22938","CUPCAKE LACE PAPER SET 6",4488.63,2367
"21934","SKULL SHOULDER BAG",4480.28,2421
"23167","SMALL CERAMIC TOP STORAGE JAR",4476.01,5847
"84987","SET OF 36 TEATIME PAPER DOILIES",4471.17,3051
"21906","PHARMACIE FIRST AID TIN",4470.81,581
"22775","PURPLE DRAWERKNOB ACRYLIC EDWARDIAN",4469.37,3105
"22942","CHRISTMAS LIGHTS 10 SANTAS",4460.54,608
"22089","PAPER BUNTING VINTAGE PAISLEY",4457.43,1423
"23288","GREEN VINTAGE SPOT BEAKER",4444.23,4625
"23530","WALL ART ONLY ONE PERSON",4406.57,1050
"22626","BLACK KITCHEN SCALES",4401.86,517
"20975","12 PENCILS SMALL TUBE RED RETROSPOT",4383.27,6633
"15056P","EDWARDIAN PARASOL PINK",4354.92,776
"84997C","BLUE 3 PIECE POLKADOT CUTLERY SET",4346.27,1201
"23349","ROLL WRAP VINTAGE CHRISTMAS",4342.6,3221
"16014","SMALL CHINESE STYLE SCISSOR",4335.76,13328
"84692","BOX OF 24 COCKTAIL PARASOLS",4327.38,7903
"22899","CHILDREN'S APRON DOLLY GIRL",4326.43,2069
"21892","TRADITIONAL WOODEN CATCH CUP GAME",4317.16,3192
"21498","RED RETROSPOT WRAP",4311.92,10526
"23168","CLASSIC CAFE SUGAR DISPENSER",4311.35,3075
"22327","ROUND SNACK BOXES SET OF 4 SKULLS",4304.25,1167
"23050","RECYCLED ACAPULCO MAT GREEN",4286.55,497
"22723","SET OF 6 HERB TINS SKETCHBOOK",4262.82,1164
"22694","WICKER STAR",4251.72,1842
"20970","PINK FLORAL FELTCRAFT SHOULDER BAG",4232.13,1116
"22061","LARGE CAKE STAND  HANGING STRAWBERY",4218.06,582
"23089","GLASS BON BON JAR",4215.78,2354
"22661","CHARLOTTE BAG DOLLY GIRL DESIGN",4214.95,5194
"22801","ANTIQUE GLASS PEDESTAL BOWL",4203.89,1027
"23144","ZINC T-LIGHT HOLDER STARS SMALL",4197.83,5089
"23012","GLASS APOTHECARY BOTTLE PERFUME",4197.11,1071
"22550","HOLIDAY FUN LUDO",4194.89,1162
"22813","PACK 3 BOXES BIRD PANNETONE",4188.94,2168
"20682","RED RETROSPOT CHILDRENS UMBRELLA",4171.33,1235
"23110","PARISIENNE KEY CABINET",4147.18,700
"23486","ANTIQUE HEART SHELF UNIT",4145.47,275
"72760B","VINTAGE CREAM 3 BASKET CAKE STAND",4145.39,409
"21874","GIN AND TONIC MUG",4141.18,2974
"22649","STRAWBERRY FAIRY CAKE TEAPOT",4132.88,795
"23283","DOORMAT VINTAGE LEAF",4122.2,564
"22596","CHRISTMAS STAR WISH LIST CHALKBOARD",4110.42,3476
"22841","ROUND CAKE TIN VINTAGE GREEN",4101.77,529
"23255","CHILDRENS CUTLERY CIRCUS PARADE",4097.22,1014
"23009","I LOVE LONDON BABY GIFT SET",4082.52,263
"23193","BUFFALO BILL TREASURE BOOK BOX",4079.28,1922
"22577","WOODEN HEART CHRISTMAS SCANDINAVIAN",4075.36,10608
"22489","PACK OF 12 TRADITIONAL CRAYONS",4072.13,9719
"21116","OWL DOORSTOP",4051.79,695
"21704","BAG 250g SWIRLY MARBLES",4039.28,5144
"23340","VINTAGE CHRISTMAS CAKE FRILL",4034.08,2500
"22219","LOVEBIRD HANGING DECORATION WHITE",4033.73,4133
"72351B","SET/6 PINK  BUTTERFLY T-LIGHTS",4007.85,2096
"23129","HEART SHAPED HOLLY WREATH",3999.5,950
"22431","WATERING CAN BLUE ELEPHANT",3998.71,2058
"22951","60 CAKE CASES DOLLY GIRL DESIGN",3990.2,7481
"22493","PAINT YOUR OWN CANVAS SET",3986.64,2461
"23306","SET OF 36 DOILIES PANTRY DESIGN",3983.6,2741
"22956","36 FOIL HEART CAKE CASES",3983.39,2050
"20675","BLUE POLKADOT BOWL",3983.12,3120
"84792","ENCHANTED BIRD COATHANGER 5 HOOK",3974.32,833
"22274","FELTCRAFT DOLL EMILY",3953.48,1340
"22890","NOVELTY BISCUITS CAKE STAND 3 TIER",3939.87,385
"23526","WALL ART DOG LICENCE",3939.76,604
"22131","FOOD CONTAINER SET 3 LOVE HEART",3936.59,2031
"23557","LANDMARK FRAME BAKER STREET",3930.27,350
"22148","EASTER CRAFT 4 CHICKS",3917.45,1933
"22980","PANTRY SCRUBBING BRUSH",3910.01,2363
"22179","SET 10 NIGHT OWL LIGHTS",3908.73,505
"23081","GREEN METAL BOX ARMY SUPPLIES",3906.25,467
"21928","JUMBO BAG SCANDINAVIAN PAISLEY",3904.72,2057
"23049","RECYCLED ACAPULCO MAT RED",3896.84,456
"22117","METAL SIGN HER DINNER IS SERVED",3896.45,1320
"21041","RED RETROSPOT OVEN GLOVE DOUBLE",3888.98,914
"23552","BICYCLE PUNCTURE REPAIR KIT",3881.91,1863
"22222","CAKE PLATE LOVEBIRD WHITE",3880.2,1057
"21749","LARGE RED RETROSPOT WINDMILL",3877.09,1963
"22578","WOODEN STAR CHRISTMAS SCANDINAVIAN",3876.54,10460
"21716","BOYS VINTAGE TIN SEASIDE BUCKET",3872.92,1425
"85049A","TRADITIONAL CHRISTMAS RIBBONS",3842.36,3001
"23111","PARISIENNE SEWING BOX",3839.24,312
"37370","RETRO COFFEE MUGS ASSORTED",3839.01,2567
"22896","PEG BAG APPLES DESIGN",3833.36,1484
"22738","RIBBON REEL SNOWY VILLAGE",3829.67,2173
"22842","BISCUIT TIN VINTAGE RED",3823.21,589
"22350","ILLUSTRATED CAT BOWL",3822.12,1410
"21110","LARGE CAKE TOWEL PINK SPOTS",3815.7,1105
"23194","GYMKHANA TREASURE BOOK BOX",3815.53,1715
"21244","BLUE POLKADOT PLATE",3789.32,2282
"22383","LUNCH BAG SUKI  DESIGN",3786.91,2217
"23253","16 PIECE CUTLERY SET PANTRY DESIGN",3785.06,254
"85049E","SCANDINAVIAN REDS RIBBONS",3783.61,2860
"22809","SET OF 6 T-LIGHTS SANTA",3781.2,1240
"21746","SMALL RED RETROSPOT WINDMILL",3766.93,3075
"23299","FOOD COVER WITH BEADS SET 2",3761.63,1009
"23092","LARGE ANTIQUE WHITE PHOTO FRAME",3757.78,523
"21527","RED RETROSPOT TRADITIONAL TEAPOT",3724.99,477
"21260","FIRST AID TIN",3722.23,1161
"22195","LARGE HEART MEASURING SPOONS",3720.66,1976
"23064","CINDERELLA CHANDELIER",3717.56,221
"21658","GLASS  BEURRE DISH",3709.78,878
"22854","CREAM SWEETHEART EGG HOLDER",3708.52,767
"23236","STORAGE TIN VINTAGE DOILY",3704.78,1272
"22212","FOUR HOOK  WHITE LOVEBIRDS",3700.94,1609
"23182","TOILET SIGN OCCUPIED OR VACANT",3688.21,3741
"22656","VINTAGE BLUE KITCHEN CABINET",3685,26
"21531","RED RETROSPOT SUGAR JAM BOWL",3682.17,1516
"23130","MISTLETOE HEART WREATH GREEN",3676.18,882
"23013","GLASS APOTHECARY BOTTLE TONIC",3674.16,924
"21890","S/6 WOODEN SKITTLES IN COTTON BAG",3674.11,1147
"22926","IVORY GIANT GARDEN THERMOMETER",3656.85,594
"85053","FRENCH ENAMEL CANDLEHOLDER",3649.49,1693
"22378","WALL TIDY RETROSPOT",3638.57,2283
"22468","BABUSHKA LIGHTS STRING OF 10",3633.17,517
"22466","FAIRY TALE COTTAGE NIGHTLIGHT",3626.45,2093
"22236","CAKE STAND 3 TIER MAGIC GARDEN",3624.6,308
"23294","SET OF 6 SNACK LOAF BAKING CASES",3607.81,4392
"22053","EMPIRE DESIGN ROSETTE",3606.42,4244
"23032","DRAWER KNOB CRACKLE GLAZE IVORY",3595.38,2154
"84968C","SET OF 16 VINTAGE PISTACHIO CUTLERY",3585.99,317
"22348","TEA BAG PLATE RED RETROSPOT",3583.29,4084
"23085","ANTIQUE SILVER BAUBLE LAMP",3583.23,376
"71477","COLOURED GLASS STAR T-LIGHT HOLDER",3580.96,1012
"23497","CLASSIC CHROME BICYCLE BELL",3578.62,2498
"21494","ROTATING LEAVES T-LIGHT HOLDER",3571.33,1928
"22908","PACK OF 20 NAPKINS RED APPLES",3569.58,4380
"85132C","CHARLIE AND LOLA FIGURES TINS",3562.32,1520
"20717","STRAWBERRY SHOPPER BAG",3561.98,2855
"22800","ANTIQUE TALL SWIRLGLASS TRINKET POT",3560.74,870
"22669","RED BABY BUNTING",3559,1128
"22739","RIBBON REEL CHRISTMAS SOCK BAUBLE",3556.97,1818
"23210","WHITE ROCKING HORSE HAND PAINTED",3551.53,2849
"21974","SET OF 36 PAISLEY FLOWER DOILIES",3545.6,2219
"23332","IVORY WICKER HEART LARGE",3542.71,2059
"23191","BUNDLE OF 3 RETRO NOTE BOOKS",3529.89,2141
"21703","BAG 125g SWIRLY MARBLES",3528.89,9390
"22180","RETROSPOT LAMP",3521.54,330
"22688","DOORMAT PEACE ON EARTH BLUE",3519.66,705
"23091","ZINC HERB GARDEN CONTAINER",3516.64,556
"21992","VINTAGE PAISLEY STATIONERY SET",3510.72,1901
"23353","6 GIFT TAGS VINTAGE CHRISTMAS",3510.05,4007
"23189","SET OF 12 FORK CANDLES",3507.51,1249
"21715","GIRLS VINTAGE TIN SEASIDE BUCKET",3507.17,1330
"22760","TRAY, BREAKFAST IN BED",3491.86,275
"21238","RED RETROSPOT CUP",3488.44,3969
"21745","GAOLERS KEYS DECORATIVE GARDEN",3475.73,935
"82580","BATHROOM METAL SIGN",3473.21,5881
"22065","CHRISTMAS PUDDING TRINKET POT",3462.25,6729
"21243","PINK  POLKADOT PLATE",3449.6,2065
"84508A","CAMOUFLAGE DESIGN TEDDY",3448.05,1631
"22435","SET OF 9 HEART SHAPED BALLOONS",3445.5,2757
"23350","ROLL WRAP VINTAGE SPOT",3445.08,2712
"23426","METAL SIGN DROP YOUR PANTS",3444.43,1275
"21588","RETROSPOT GIANT TUBE MATCHES",3442.5,1494
"21385","IVORY HANGING DECORATION  HEART",3442.45,3883
"21463","MIRRORED DISCO BALL",3435.05,649
"23354","6 GIFT TAGS 50'S CHRISTMAS",3429.4,3740
"23156","SET OF 5 MINI GROCERY MAGNETS",3423.29,1665
"23127","FELTCRAFT GIRL NICOLE KIT",3422.4,668
"23014","GLASS APOTHECARY BOTTLE ELIXIR",3419.58,856
"84509A","SET OF 4 ENGLISH ROSE PLACEMATS",3417.28,896
"47567B","TEA TIME KITCHEN APRON",3414.5,602
"23388","WOODLAND MINI BACKPACK",3411.34,816
"22300","COFFEE MUG DOG + BALL DESIGN",3409.21,1528
"21497","FANCY FONTS BIRTHDAY WRAP",3409,8550
"22311","OFFICE MUG WARMER BLACK+SILVER",3403.76,1132
"22782","SET 3 WICKER STORAGE BASKETS",3399.95,241
"21429","RED GINGHAM ROSE JEWELLERY BOX",3391.15,1740
"22029","SPACEBOY BIRTHDAY CARD",3387.57,8161
"84032A","CHARLIE+LOLA PINK HOT WATER BOTTLE",3384.98,1003
"22653","BUTTON BOX",3378.5,1876
"23188","VINTAGE  2 METRE FOLDING RULER",3374.05,1627
"22776","SWEETHEART 3 TIER CAKE STAND",3371.58,284
"22812","PACK 3 BOXES CHRISTMAS PANNETONE",3359.82,1649
"79000","MOROCCAN TEA GLASS",3357.34,4162
"21993","FLORAL FOLK STATIONERY SET",3355.84,1937
"22687","DOORMAT CHRISTMAS VILLAGE",3354.22,590
"23239","SET OF 4 KNICK KNACK TINS POPPIES",3353.84,842
"22563","HAPPY STENCIL CRAFT",3348.18,2823
"22432","WATERING CAN PINK BUNNY",3342.82,1716
"22165","DIAMANTE HEART SHAPED WALL MIRROR,",3328.2,415
"22079","RIBBON REEL HEARTS DESIGN",3325.29,1897
"22179","SET 10 LIGHTS NIGHT OWL",3317.47,461
"23065","LARGE DECO JEWELLERY STAND",3302.44,263
"22855","FINE WICKER HEART",3301.73,2642
"22962","JAM JAR WITH PINK LID",3288.11,3896
"22244","3 HOOK HANGER MAGIC GARDEN",3276.21,1703
"22460","EMBOSSED GLASS TEALIGHT HOLDER",3273.5,2546
"23308","SET OF 60 VINTAGE LEAF CAKE CASES",3272.61,6139
"22967","SET 3 SONG BIRD PAPER EGGS ASSORTED",3271.41,1171
"21868","POTTING SHED TEA MUG",3259.75,2477
"23395","BELLE JARDINIERE CUSHION COVER",3257.08,748
"23053","RECYCLED ACAPULCO MAT PINK",3254.32,364
"22567","20 DOLLY PEGS RETROSPOT",3251.6,2448
"22187","GREEN CHRISTMAS TREE CARD HOLDER",3245.68,1266
"22430","ENAMEL WATERING CAN CREAM",3241.34,617
"22746","POPPY'S PLAYHOUSE LIVINGROOM",3236.54,1447
"23051","RECYCLED ACAPULCO MAT BLUE",3223.49,365
"23230","WRAP ALPHABET DESIGN",3217.92,7976
"20973","12 PENCIL SMALL TUBE WOODLAND",3210.27,4497
"23393","HOME SWEET HOME CUSHION COVER",3207.91,801
"21135","VICTORIAN  METAL POSTCARD SPRING",3206,2869
"22360","GLASS JAR ENGLISH CONFECTIONERY",3192.82,1010
"22491","PACK OF 12 COLOURED PENCILS",3183.63,3947
"21115","ROSE CARAVAN DOORSTOP",3162.24,562
"23342","MINT DINER WALL CLOCK",3159.41,371
"23035","DRAWER KNOB CERAMIC IVORY",3147.79,2155
"23323","WHITE WICKER STAR",3146.78,1469
"72807C","SET/3 VANILLA SCENTED CANDLE IN BOX",3145.05,721
"22465","HANGING METAL STAR LANTERN",3141.54,2053
"84968A","SET OF 16 VINTAGE ROSE CUTLERY",3139.3,267
"21381","MINI WOODEN HAPPY BIRTHDAY GARLAND",3131.24,1811
"22778","GLASS CLOCHE SMALL",3131.02,804
"21561","DINOSAUR LUNCH BOX WITH CUTLERY",3127.38,1281
"23346","SPACEBOY BEAKER",3112.34,2628
"21240","BLUE POLKADOT CUP",3110.26,3570
"20754","RETROSPOT RED WASHING UP GLOVES",3088.86,1457
"20828","GLITTER BUTTERFLY CLIPS",3074.78,1128
"23188","VINTAGE  2 METER FOLDING RULER",3073.72,1844
"84997A","GREEN 3 PIECE POLKADOT CUTLERY SET",3069.46,845
"22564","ALPHABET STENCIL CRAFT",3057.27,2697
"23461","SWEETHEART BIRD HOUSE",3041.21,847
"22604","SET OF 4 NAPKIN CHARMS CUTLERY",3039.66,1251
"23329","DECORATIVE WICKER HEART LARGE",3038.19,1767
"22972","CHILDREN'S SPACEBOY MUG",3028.04,1771
"22894","TABLECLOTH RED APPLES DESIGN",3027.38,305
"23242","TREASURE TIN BUFFALO BILL",3024.63,1470
"22810","SET OF 6 T-LIGHTS SNOWMEN",3022.08,944
"22892","SET OF SALT AND PEPPER TOADSTOOLS",3021.6,2472
"22592","CARDHOLDER HOLLY WREATH METAL",3021.12,658
"23237","SET OF 4 KNICK KNACK TINS LEAF",3020.61,747
"21714","CITRONELLA CANDLE GARDEN POT",3010.65,1651
"22945","CHRISTMAS METAL TAGS ASSORTED",3008.92,2991
"23236","DOILEY STORAGE TIN",3004.46,1094
"23390","DOLLY GIRL MINI BACKPACK",2992.39,739
"21201","TROPICAL  HONEYCOMB PAPER GARLAND",2987.82,1240
"22644","CERAMIC CHERRY CAKE MONEY BANK",2986.97,2214
"21810","CHRISTMAS HANGING STAR WITH BELL",2981.84,5840
"16161P","WRAP ENGLISH ROSE",2980.42,7201
"22331","WOODLAND PARTY BAG + STICKER SET",2975.14,1840
"21411","GINGHAM HEART  DOORSTOP RED",2961.83,785
"21918","SET 12 KIDS COLOUR  CHALK STICKS",2950.25,7199
"22906","12 MESSAGE CARDS WITH ENVELOPES",2947.87,1733
"21625","VINTAGE UNION JACK APRON",2939.51,407
"35004B","SET OF 3 BLACK FLYING DUCKS",2934.81,577
"22777","GLASS CLOCHE LARGE",2934.53,350
"23211","RED ROCKING HORSE HAND PAINTED",2930.57,2329
"85174","S/4 CACTI CANDLES",2927.08,613
"22078","RIBBON REEL LACE DESIGN",2923.21,1369
"22990","COTTON APRON PANTRY DESIGN",2917.43,633
"22843","BISCUIT TIN VINTAGE GREEN",2904.52,450
"21313","GLASS HEART T-LIGHT HOLDER",2893.77,3321
"23290","SPACEBOY CHILDRENS BOWL",2890.35,2430
"23345","DOLLY GIRL BEAKER",2886.25,2451
"23283","DOORMAT VINTAGE LEAVES DESIGN",2881.18,430
"23056","FLOWERS CHANDELIER T-LIGHT HOLDER",2879.37,960
"22774","RED DRAWER KNOB ACRYLIC EDWARDIAN",2871.75,2254
"21990","MODERN FLORAL STATIONERY SET",2870,1672
"21976","PACK OF 60 MUSHROOM CAKE CASES",2869.9,5199
"22354","RETROSPOT PADDED SEAT CUSHION",2860.98,750
"23427","STOOL HOME SWEET HOME",2860.58,237
"22426","ENAMEL WASH BOWL CREAM",2855.21,742
"22797","CHEST OF DRAWERS GINGHAM HEART",2851.36,163
"23504","PLAYING CARDS JUBILEE UNION JACK",2848.89,1927
"22930","BAKING MOULD HEART MILK CHOCOLATE",2846.8,1108
"23212","HEART WREATH DECORATION WITH BELL",2845.89,2284
"22476","EMPIRE UNION JACK TV DINNER TRAY",2839.21,880
"85178","VICTORIAN SEWING KIT",2822.58,2518
"47599B","BLUE PARTY BAGS",2822.32,1480
"22380","TOY TIDY SPACEBOY",2815.46,1312
"22072","RED RETROSPOT TEA CUP AND SAUCER",2811.17,848
"21499","BLUE POLKADOT WRAP",2809.34,6927
"21563","RED HEART SHAPE LOVE BUCKET",2803.13,1395
"22762","CUPBOARD 3 DRAWER MA CAMPAGNE",2786.03,171
"22794","SWEETHEART WIRE MAGAZINE RACK",2784.9,326
"22224","WHITE LOVEBIRD LANTERN",2764.06,834
"23190","BUNDLE OF 3 SCHOOL EXERCISE BOOKS",2761.9,1702
"22963","JAM JAR WITH GREEN LID",2760.71,3266
"22925","BLUE GIANT GARDEN THERMOMETER",2757.47,449
"23542","WALL ART 70'S ALPHABET",2757.06,356
"22196","SMALL HEART MEASURING SPOONS",2754.16,2847
"23147","SINGLE ANTIQUE ROSE HOOK IVORY",2752.2,1868
"22823","CHEST NATURAL WOOD 20 DRAWERS",2745,24
"23266","SET OF 3 WOODEN STOCKING DECORATION",2743.82,2053
"23341","PINK DINER WALL CLOCK",2741.35,307
"22773","GREEN DRAWER KNOB ACRYLIC EDWARDIAN",2739.4,2075
"23100","SILVER BELLS TABLE DECORATION",2739.38,2166
"22974","CHILDRENS DOLLY GIRL MUG",2729.69,1598
"21985","PACK OF 12 HEARTS DESIGN TISSUES",2729.51,8775
"22283","6 EGG HOUSE PAINTED WOOD",2726.43,299
"20829","GLITTER HANGING BUTTERFLY STRING",2722.95,1314
"23164","REGENCY CAKE SLICE",2718.65,578
"84832","ZINC WILLIE WINKIE  CANDLE STICK",2712.7,2933
"23407","SET OF 2 TRAYS HOME SWEET HOME",2709.43,265
"21239","PINK  POLKADOT CUP",2707.34,3016
"22927","GREEN GIANT GARDEN THERMOMETER",2704.71,430
"22278","OVERNIGHT BAG VINTAGE ROSE PAISLEY",2704.35,405
"23333","IVORY WICKER HEART MEDIUM",2695.45,2089
"22737","RIBBON REEL CHRISTMAS PRESENT",2694.15,1388
"23264","SET OF 3 WOODEN SLEIGH DECORATIONS",2690.81,1963
"72802C","VANILLA SCENT CANDLE JEWELLED BOX",2688.19,1395
"22702","BLACK AND WHITE CAT BOWL",2684.65,1363
"22660","DOORMAT I LOVE LONDON",2678.96,364
"22691","DOORMAT WELCOME SUNRISE",2678.77,371
"84568","GIRLS ALPHABET IRON ON PATCHES",2678.33,12442
"22045","SPACEBOY GIFT WRAP",2673.34,6527
"22433","WATERING CAN GREEN DINOSAUR",2667.5,1394
"22130","PARTY CONE CHRISTMAS DECORATION",2664.63,2277
"22329","ROUND CONTAINER SET OF 5 RETROSPOT",2661.89,1603
"21781","MA CAMPAGNE CUTLERY BOX",2661.8,168
"21109","LARGE CAKE TOWEL CHOCOLATE SPOTS",2661.67,925
"22582","PACK OF 6 SWEETIE GIFT BOXES",2649.35,1061
"23146","TRIPLE HOOK ANTIQUE IVORY ROSE",2645.26,798
"82600","N0 SINGING METAL SIGN",2639.42,1225
"22902","TOTE BAG I LOVE LONDON",2633.28,1288
"35961","FOLKART ZINC HEART CHRISTMAS DEC",2629.81,2986
"22792","FLUTED ANTIQUE CANDLE HOLDER",2622.93,2785
"21012","ANTIQUE ALL GLASS CANDLESTICK",2614.05,1169
"22830","UTILTY CABINET WITH HOOKS",2610.29,131
"22241","GARLAND WOODEN HAPPY EASTER",2609.43,1952
"22965","3 TRADITIONAl BISCUIT CUTTERS  SET",2606.41,1209
"23054","RECYCLED ACAPULCO MAT LAVENDER",2604.93,295
"22833","HALL CABINET WITH 3 DRAWERS",2603.53,76
"22700","BLACK AND WHITE DOG BOWL",2602.18,1196
"23196","VINTAGE LEAF MAGNETIC NOTEPAD",2601.15,1707
"22175","PINK OWL SOFT TOY",2594.23,877
"21500","PINK POLKADOT WRAP",2593,6350
"22361","GLASS JAR DAISY FRESH COTTON WOOL",2592.33,727
"22933","BAKING MOULD EASTER EGG MILK CHOC",2585.92,940
"47559B","TEA TIME OVEN GLOVE",2584.9,2077
"22822","CREAM WALL PLANTER HEART SHAPED",2582.75,433
"21735","TWO DOOR CURIO CABINET",2577.45,212
"22805","BLUE DRAWER KNOB ACRYLIC EDWARDIAN",2576.03,1890
"23534","STOP FOR TEA WALL ART",2572.7,518
"22610","PENS ASSORTED FUNNY FACE",2571.4,9572
"23292","SPACEBOY CHILDRENS CUP",2557.57,2050
"22358","KINGS CHOICE TEA CADDY",2551.22,698
"21452","TOADSTOOL MONEY BOX",2549.11,817
"84596B","SMALL DOLLY MIX DESIGN ORANGE BOWL",2547.42,5023
"22064","PINK DOUGHNUT TRINKET POT",2546.3,1728
"23131","MISTLETOE HEART WREATH CREAM",2535.48,624
"21078","SET/20 STRAWBERRY PAPER NAPKINS",2531.04,2769
"23681","LUNCH BAG RED VINTAGE DOILY",2525.04,1576
"22670","FRENCH WC SIGN BLUE METAL",2516.75,1882
"21556","CERAMIC STRAWBERRY MONEY BOX",2515.52,977
"21730","GLASS STAR FROSTED T-LIGHT HOLDER",2514.43,517
"22672","FRENCH BATHROOM SIGN BLUE METAL",2511.22,1476
"23424","GINGHAM RECIPE BOOK BOX",2509.62,462
"22937","BAKING MOULD CHOCOLATE CUPCAKES",2502.04,948
"23316","RED REFECTORY CLOCK",2501.64,250
"72351A","SET/6 TURQUOISE BUTTERFLY T-LIGHTS",2498.75,1264
"21107","CREAM SLICE FLANNEL PINK SPOT",2492.71,901
"23367","SET 12 COLOUR PENCILS SPACEBOY",2491.2,3278
"21903","MAN FLU METAL SIGN",2490.13,1160
"22075","6 RIBBONS ELEGANT CHRISTMAS",2489.03,1773
"22215","CAKE STAND WHITE TWO TIER LACE",2471.39,343
"23352","ROLL WRAP 50'S RED CHRISTMAS",2459.2,1800
"23489","VINTAGE BELLS GARLAND",2443.35,821
"85184C","S/4 VALENTINE DECOUPAGE HEART BOX",2440.09,1483
"85062","PEARL CRYSTAL PUMPKIN T-LIGHT HLDR",2429.5,1462
"21875","KINGS CHOICE MUG",2429.38,2055
"22374","AIRLINE BAG VINTAGE JET SET RED",2427.52,546
"22573","STAR WOODEN CHRISTMAS DECORATION",2423,2684
"23406","HOME SWEET HOME KEY HOLDER",2422.66,456
"84032B","CHARLIE + LOLA RED HOT WATER BOTTLE",2421.59,936
"22811","SET OF 6 T-LIGHTS CACTI",2419.29,881
"22807","SET OF 6 T-LIGHTS TOADSTOOLS",2417.73,818
"22437","SET OF 9 BLACK SKULL BALLOONS",2417.24,2828
"21328","BALLOONS  WRITING SET",2410.43,1337
"23400","SHELF WITH 4 HOOKS HOME SWEET HOME",2409.34,461
"22743","MAKE YOUR OWN FLOWERPOWER CARD KIT",2408.54,930
"23265","SET OF 3 WOODEN TREE DECORATIONS",2404.79,1769
"20978","36 PENCILS TUBE SKULLS",2395.05,1795
"84796B","BLUE SAVANNAH PICNIC HAMPER FOR 2",2393.59,256
"22167","OVAL WALL MIRROR DIAMANTE",2391.12,236
"84969","BOX OF 6 ASSORTED COLOUR TEASPOONS",2389.52,558
"11001","ASSTD DESIGN RACING CAR PEN",2389.44,1615
"22282","12 EGG HOUSE PAINTED WOOD",2378.52,149
"22440","BALLOON WATER BOMB PACK OF 35",2375.04,6010
"20983","12 PENCILS TALL TUBE RED RETROSPOT",2374.81,2737
"21811","HANGING HEART WITH BELL",2374.8,4619
"23498","CLASSIC BICYCLE CLIPS",2372.68,1640
"84997d","CHILDRENS CUTLERY POLKADOT PINK",2372.33,285
"23535","BICYCLE SAFTEY WALL ART",2371.94,458
"22851","SET 20 NAPKINS FAIRY CAKES DESIGN",2368.64,2741
"23048","SET OF 10 LANTERNS FAIRY LIGHT STAR",2368.37,577
"37500","TEA TIME TEAPOT IN GIFT BOX",2360.68,380
"21495","SKULLS AND CROSSBONES WRAP",2356,5800
"23401","RUSTIC MIRROR WITH LACE HEART",2354.87,459
"23412","HEART MIRROR ANTIQUE WHITE",2354.8,358
"22070","SMALL RED RETROSPOT MUG IN BOX",2354.4,948
"22548","HEADS AND TAILS SPORTING FUN",2348.94,1975
"22425","ENAMEL COLANDER CREAM",2346.12,460
"23396","LE JARDIN BOTANIQUE CUSHION COVER",2345,559
"23437","50'S CHRISTMAS GIFT BAG LARGE",2343.63,1915
"21700","BIG DOUGHNUT FRIDGE MAGNETS",2334.94,1726
"16156S","WRAP PINK FAIRY CAKES",2331,5800
"20977","36 PENCILS TUBE WOODLAND",2328.64,1739
"23371","SET 36 COLOUR PENCILS SPACEBOY",2304.78,1705
"22483","RED GINGHAM TEDDY BEAR",2302.94,770
"71459","HANGING JAM JAR T-LIGHT HOLDERS",2298.05,2813
"22736","RIBBON REEL MAKING SNOWMEN",2297.1,1222
"84950","ASSORTED COLOUR T-LIGHT HOLDER",2297.03,3619
"22829","SWEETHEART WIRE WALL TIDY",2295.43,227
"22441","GROW YOUR OWN BASIL IN ENAMEL MUG",2292.91,1047
"84997b","CHILDRENS CUTLERY RETROSPOT RED",2287.37,273
"23330","DECORATIVE WICKER HEART MEDIUM",2286.97,1794
"23029","DRAWER KNOB CRACKLE GLAZE GREEN",2284.12,1340
"21813","GARLAND WITH STARS AND BELLS",2280.47,549
"85175","CACTI T-LIGHT CANDLES",2278.9,5321
"21896","POTTING SHED TWINE",2272.79,980
"22914","BLUE COAT RACK PARIS FASHION",2261.21,467
"22983","CARD BILLBOARD FONT",2256.56,5290
"46000S","POLYESTER FILLER PAD 40x40cm",2256.2,1556
"23197","SKETCHBOOK MAGNETIC SHOPPING LIST",2253.7,1442
"21069","VINTAGE BILLBOARD TEA MUG",2250.52,1949
"23093","SMALL PARISIENNE HEART PHOTO FRAME",2239.24,939
"22030","SWALLOWS GREETING CARD",2237.89,5527
"23326","HANGING MINI COLOURED BOTTLES",2237.08,3442
"22185","SLATE TILE NATURAL HANGING",2235.94,1472
"21989","PACK OF 20 SKULL PAPER NAPKINS",2233.1,2409
"23252","VINTAGE RED ENAMEL TRIM JUG",2231.61,595
"23079","TOADSTOOL BEDSIDE LIGHT",2225.45,251
"21471","STRAWBERRY RAFFIA FOOD COVER",2220.59,639
"22601","CHRISTMAS RETROSPOT ANGEL WOOD",2219.83,2479
"23501","KEY RING BASEBALL BOOT UNION JACK",2217.87,1821
"84997c","CHILDRENS CUTLERY POLKADOT BLUE",2216.21,265
"21982","PACK OF 12 SUKI TISSUES",2215.61,7173
"21794","CLASSIC FRENCH STYLE BASKET NATURAL",2213.42,522
"82494l","WOODEN FRAME ANTIQUE WHITE",2211.6,264
"22478","BIRDHOUSE GARDEN MARKER",2210.62,1537
"37448","CERAMIC CAKE DESIGN SPOTTED MUG",2206.63,1451
"10135","COLOURING PENCILS BROWN TUBE",2204.89,2229
"23403","LETTER HOLDER HOME SWEET HOME",2204.11,625
"22574","HEART WOODEN CHRISTMAS DECORATION",2199.59,2333
"21042","RED RETROSPOT APRON",2199.52,334
"21900","KEY FOB , SHED",2197.17,3228
"22571","ROCKING HORSE RED CHRISTMAS",2185.48,2434
"23436","VINTAGE CHRISTMAS GIFT BAG LARGE",2182.39,1831
"23302","KNEELING MAT HOUSEWORK  DESIGN",2181.42,1536
"22763","KEY CABINET MA CAMPAGNE",2176.32,206
"22357","KINGS CHOICE BISCUIT TIN",2175.04,468
"21878","PACK OF 6 SANDCASTLE FLAGS ASSORTED",2172.2,2523
"22377","BOTTLE BAG RETROSPOT",2171.53,1330
"85038","6 CHOCOLATE LOVE HEART T-LIGHTS",2171.26,1061
"22732","3D VINTAGE CHRISTMAS STICKERS",2162.75,1645
"23445","ICE CREAM BUBBLES",2161.24,2668
"21249","WOODLAND  HEIGHT CHART STICKERS",2160,724
"22121","NOEL WOODEN BLOCK LETTERS",2159.7,352
"22704","WRAP RED APPLES",2158.26,5253
"82581","TOILET METAL SIGN",2155.89,3883
"22920","HERB MARKER BASIL",2153.34,3423
"22107","PIZZA PLATE IN BOX",2153.06,592
"21592","RETROSPOT CIGAR BOX MATCHES",2149.07,2149
"23161","REGENCY CAKE FORK",2145.3,1715
"22588","CARD HOLDER GINGHAM HEART",2141.32,684
"23028","DRAWER KNOB CRACKLE GLAZE BLUE",2138.63,1207
"23213","STAR WREATH DECORATION WITH BELL",2138.42,1682
"40016","CHINESE DRAGON PAPER LANTERNS",2136.34,5556
"22973","CHILDREN'S CIRCUS PARADE MUG",2136.01,1255
"23031","DRAWER KNOB CRACKLE GLAZE PINK",2132.5,1266
"21232","STRAWBERRY CERAMIC TRINKET POT",2131.22,1369
"22128","PARTY CONES CANDY ASSORTED",2127.53,1762
"23005","TRAVEL CARD WALLET I LOVE LONDON",2126.55,4733
"22509","SEWING BOX RETROSPOT DESIGN",2124.54,209
"84356","POMPOM CURTAIN",2124.15,424
"21980","PACK OF 12 RED RETROSPOT TISSUES",2121.18,6685
"37450","CERAMIC CAKE BOWL + HANGING CAKES",2117.54,714
"22498","WOODEN REGATTA BUNTING",2116.04,333
"21718","RED METAL BEACH SPADE",2113.39,1493
"22156","HEART DECORATION WITH PEARLS",2113.13,2196
"23046","PAPER LANTERN 9 POINT DELUXE STAR",2111.49,349
"23232","WRAP VINTAGE LEAF DESIGN",2109.42,5251
"22891","TEA FOR ONE POLKADOT",2108.18,420
"23233","WRAP POPPIES  DESIGN",2105.5,5175
"22733","3D TRADITIONAL CHRISTMAS STICKERS",2095.08,1583
"22996","TRAVEL CARD WALLET VINTAGE TICKET",2094.93,4801
"23315","IVORY REFECTORY CLOCK",2094.24,213
"23251","VINTAGE RED ENAMEL TRIM MUG",2090.75,1700
"23438","RED SPOT GIFT BAG LARGE",2089.92,1713
"21609","SET 12 LAVENDER  BOTANICAL T-LIGHTS",2086.69,763
"21506","FANCY FONT BIRTHDAY CARD,",2085.89,4922
"22593","CHRISTMAS GINGHAM STAR",2085.64,2263
"22744","MAKE YOUR OWN MONSOON CARD KIT",2084.85,867
"22055","MINI CAKE STAND  HANGING STRAWBERY",2083.19,1375
"23526","DOG LICENCE WALL ART",2081.64,408
"22059","CERAMIC STRAWBERRY DESIGN MUG",2081.54,1780
"22747","POPPY'S PLAYHOUSE BATHROOM",2080.85,954
"23152","IVORY SWEETHEART WIRE LETTER RACK",2080.65,554
"23536","VILLAGE SHOW WALL ART",2072.42,386
"22831","WHITE BROCANTE SOAP DISH",2070.9,706
"22863","SOAP DISH BROCANTE",2070.73,719
"23370","SET 36 COLOURING PENCILS DOILY",2070.35,1485
"23360","SET 8 CANDLES VINTAGE DOILY",2070.1,1060
"23227","FILIGREE HEART BUTTERFLY WHITE",2070.06,1642
"22935","BAKING MOULD ROSE MILK CHOCOLATE",2066.82,690
"23020","GLASS  SONGBIRD STORAGE JAR",2065.14,169
"23291","DOLLY GIRL CHILDRENS CUP",2059.03,1634
"22955","36 FOIL STAR CAKE CASES",2053.35,1040
"22101","MIRROR MOSAIC VOTIVE HOLDER",2053.17,1438
"47504K","ENGLISH ROSE GARDEN SECATEURS",2048.66,2018
"21864","UNION JACK FLAG PASSPORT COVER",2041.69,828
"20751","FUNKY WASHING UP GLOVES ASSORTED",2041.52,971
"22414","DOORMAT NEIGHBOURHOOD WITCH",2038.39,279
"23500","KEY RING BASEBALL BOOT ASSORTED",2038.33,1626
"22803","IVORY EMBROIDERED QUILT",2038.09,54
"23490","T-LIGHT HOLDER HANGING LOVE BIRD",2032.77,542
"22788","BROCANTE COAT RACK",2025.96,220
"22115","METAL SIGN EMPIRE TEA",2020.91,1549
"23268","SET OF 2 CERAMIC CHRISTMAS REINDEER",2018.14,1447
"20674","GREEN POLKADOT BOWL",2016.23,1563
"23543","KEEP CALM WALL ART",2015.97,269
"22959","WRAP CHRISTMAS VILLAGE",2014.42,4901
"23289","DOLLY GIRL CHILDRENS BOWL",2013.7,1622
"22897","OVEN MITT APPLES DESIGN",2013.1,1350
"84880","WHITE WIRE EGG HOLDER",2012.74,312
"22503","CABIN BAG VINTAGE PAISLEY",2010.12,99
"23358","HOT STUFF HOT WATER BOTTLE",2008.38,594
"23066","SMALL DECO JEWELLERY STAND",2005.81,243
"23274","STAR T-LIGHT HOLDER WILLIE WINKIE",2005,1180
"22080","RIBBON REEL POLKADOTS",2003.48,1206
"22859","EASTER TIN BUNNY BOUQUET",2003.07,1203
"22364","GLASS JAR DIGESTIVE BISCUITS",2001.32,616
"51014A","FEATHER PEN,HOT PINK",2000.06,3842
"85049G","CHOCOLATE BOX RIBBONS",1999.19,1608
"22186","RED STAR CARD HOLDER",1997.48,848
"21591","COSY HOUR CIGAR BOX MATCHES",1996.14,1374
"22928","YELLOW GIANT GARDEN THERMOMETER",1993.75,288
"72802B","OCEAN SCENT CANDLE IN JEWELLED BOX",1993.48,1028
"22579","WOODEN TREE CHRISTMAS SCANDINAVIAN",1988.02,5167
"22932","BAKING MOULD TOFFEE CUP CHOCOLATE",1985.58,878
"21622","VINTAGE UNION JACK CUSHION COVER",1982.64,380
"23357","HOT WATER BOTTLE SEX BOMB",1982.05,450
"22466","FAIRY TALE COTTAGE NIGHT LIGHT",1979.34,976
"15039","SANDALWOOD FAN",1978.64,2090
"37446","MINI CAKE STAND WITH HANGING CAKES",1976.09,1354
"21916","SET 12 RETRO WHITE CHALK STICKS",1973.49,4599
"22477","WATERING CAN GARDEN MARKER",1967.9,1364
"22931","BAKING MOULD HEART WHITE CHOCOLATE",1963.3,813
"23374","RED SPOT PAPER GIFT BAG",1962.83,2456
"23228","FILIGREE HEART BIRD WHITE",1960,1492
"84031A","CHARLIE+LOLA RED HOT WATER BOTTLE",1959.91,430
"23145","ZINC T-LIGHT HOLDER STAR LARGE",1956.68,2060
"85123a","WHITE HANGING HEART T-LIGHT HOLDER",1952.48,292
"22312","OFFICE MUG WARMER POLKADOT",1950.49,645
"20992","JAZZ HEARTS PURSE NOTEBOOK",1944.63,4425
"84596F","SMALL MARSHMALLOWS PINK BOWL",1943.62,3732
"22824","3 TIER SWEETHEART GARDEN SHELF",1938.25,55
"22639","SET OF 4 NAPKIN CHARMS HEARTS",1935.16,805
"22412","METAL SIGN NEIGHBOURHOOD WITCH",1931.85,911
"23231","WRAP DOILEY DESIGN",1927.26,4703
"23094","LE GRAND TRAY CHIC SET",1924.92,152
"21192","WHITE BELL HONEYCOMB PAPER",1923.29,1092
"22199","FRYING PAN RED RETROSPOT",1922.34,466
"22183","CAKE STAND VICTORIAN FILIGREE MED",1916.01,322
"21112","SWISS ROLL TOWEL PINK  SPOTS",1913.69,706
"20963","APPLE BATH SPONGE",1911.17,1336
"22291","HANGING CHICK CREAM DECORATION",1906.02,1289
"22594","CHRISTMAS GINGHAM TREE",1905.77,2006
"84968F","SET OF 16 VINTAGE SKY BLUE CUTLERY",1905.68,177
"23155","KNICKERBOCKERGLORY MAGNET ASSORTED",1904.77,2221
"23491","VINTAGE JINGLE BELLS HEART",1897.76,228
"16169E","WRAP 50'S  CHRISTMAS",1892.46,4563
"23068","ALUMINIUM STAMPED HEART",1892.23,779
"21068","VINTAGE BILLBOARD LOVE/HATE MUG",1890.33,1638
"35004C","SET OF 3 COLOURED  FLYING DUCKS",1888.1,394
"22602","RETROSPOT WOODEN HEART DECORATION",1886.28,2076
"23235","STORAGE TIN VINTAGE LEAF",1886.1,712
"15058B","PINK POLKADOT GARDEN PARASOL",1885.27,228
"23128","FELTCRAFT BOY JEAN-PAUL KIT",1884.76,366
"23434","3 RAFFIA RIBBONS 50'S CHRISTMAS",1884.17,2095
"85061W","WHITE JEWELLED HEART DECORATION",1882.15,2146
"20982","12 PENCILS TALL TUBE SKULLS",1880.67,2151
"21534","DAIRY MAID LARGE MILK JUG",1879.18,370
"23394","POSTE FRANCE CUSHION COVER",1877.65,435
"22027","TEA PARTY BIRTHDAY CARD",1873.71,4368
"22534","MAGIC DRAWING SLATE SPACEBOY",1871.12,4496
"22198","LARGE POPCORN HOLDER",1870.91,1025
"23090","VINTAGE GLASS T-LIGHT HOLDER",1870.03,2237
"23075","PARLOUR CERAMIC WALL HOOK",1869,450
"70006","LOVE HEART POCKET WARMER",1863.98,2702
"21988","PACK OF 6 SKULL PAPER PLATES",1862.75,2321
"22858","EASTER TIN KEEPSAKE",1860.78,1126
"22428","ENAMEL FIRE BUCKET CREAM",1854.76,246
"21870","I CAN ONLY PLEASE ONE PERSON MUG",1851.46,1407
"22220","CAKE STAND LOVEBIRD 2 TIER WHITE",1849.25,231
"72807A","SET/3 ROSE CANDLE IN JEWELLED BOX",1845.57,393
"22944","CHRISTMAS METAL POSTCARD WITH BELLS",1843.64,3375
"21557","SET OF 6 FUNKY BEAKERS",1843.61,551
"23378","PACK OF 12 50'S CHRISTMAS TISSUES",1840.08,3997
"22651","GENTLEMAN SHIRT REPAIR KIT",1837.47,2166
"21873","IF YOU CAN'T STAND THE HEAT MUG",1834.3,1618
"21564","PINK  HEART SHAPE LOVE BUCKET",1831.62,1042
"23109","LED TEA LIGHTS",1826.76,634
"72807B","SET/3 OCEAN SCENT CANDLE JEWEL BOX",1822.21,395
"22712","CARD DOLLY GIRL",1822.2,4435
"22223","CAKE PLATE LOVEBIRD PINK",1821.61,441
"15044D","RED PAPER PARASOL",1819.76,644
"21713","CITRONELLA CANDLE FLOWERPOT",1817.74,786
"22200","FRYING PAN PINK POLKADOT",1809.48,398
"15060B","FAIRY CAKE DESIGN UMBRELLA",1807.55,451
"22536","MAGIC DRAWING SLATE PURDEY",1803.95,4752
"85034C","3 ROSE MORRIS BOXED CANDLES",1800,1129
"23160","REGENCY TEA SPOON",1794.48,1450
"21832","CHOCOLATE CALCULATOR",1790.1,954
"21245","GREEN POLKADOT PLATE",1787.2,1075
"21034","REX CASH+CARRY JUMBO SHOPPER",1784.1,1878
"22832","BROCANTE SHELF WITH HOOKS",1781.82,162
"21114","LAVENDER SCENTED FABRIC HEART",1778.08,1341
"23317","BLUE REFECTORY CLOCK",1777.46,173
"23148","MINIATURE ANTIQUE ROSE HOOK IVORY",1775.51,2091
"22710","WRAP I LOVE LONDON",1774.42,4501
"21439","BASKET OF TOADSTOOLS",1767.15,1430
"21056","DOCTOR'S BAG SOFT TOY",1765.4,184
"21055","TOOL BOX SOFT TOY",1764.64,178
"22562","MONSTERS STENCIL CRAFT",1763.37,1413
"85035C","ROSE 3 WICK MORRIS BOX CANDLE",1760.66,1137
"22452","MEASURING TAPE BABUSHKA PINK",1760.31,722
"22314","OFFICE MUG WARMER CHOC+BLUE",1759.12,570
"22852","DOG BOWL VINTAGE CREAM",1757.88,390
"23372","SET 36 COLOUR PENCILS DOLLY GIRL",1750.29,1389
"23359","SET OF 12 T-LIGHTS VINTAGE DOILY",1747.51,929
"21812","GARLAND WITH HEARTS AND BELLS",1746.27,393
"23399","HOME SWEET HOME HANGING HEART",1745.55,1914
"20961","STRAWBERRY BATH SPONGE",1745.43,1232
"21584","RETROSPOT SMALL TUBE MATCHES",1743.35,1059
"20981","12 PENCILS TALL TUBE WOODLAND",1740.57,1974
"23101","SILVER STARS TABLE DECORATION",1739.63,2031
"23096","PETIT TRAY CHIC",1736.69,1033
"22119","PEACE WOODEN BLOCK LETTERS",1734.87,345
"23181","BULL DOG BOTTLE TOP WALL CLOCK",1733.57,201
"47570B","TEA TIME TABLE CLOTH",1727.23,185
"23122","PARTY CHARMS 50 PIECES",1726.09,2251
"21329","DINOSAURS  WRITING SET",1723.69,941
"21586","KINGS CHOICE GIANT TUBE MATCHES",1721.85,743
"21845","DAIRY MAID STRIPE MUG",1720.3,1906
"22526","WHEELBARROW FOR CHILDREN",1720.26,125
"85015","SET OF 12  VINTAGE POSTCARD SET",1718.54,2180
"22544","MINI JIGSAW SPACEBOY",1714.92,4518
"22227","HANGING HEART MIRROR DECORATION",1708.07,2341
"22934","BAKING MOULD EASTER EGG WHITE CHOC",1707.47,589
"23073","GEORGIAN TRINKET BOX",1706.5,143
"21917","SET 12 KIDS  WHITE CHALK STICKS",1701.93,4151
"37340","MULTICOLOUR SPRING FLOWER MUG",1695.86,2544
"22037","ROBOT BIRTHDAY CARD",1695.32,3929
"22674","FRENCH TOILET SIGN BLUE METAL",1692.72,1346
"22816","CARD MOTORBIKE SANTA",1691.76,3987
"51008","AFGHAN SLIPPER SOCK PAIR",1690.55,519
"21544","SKULLS  WATER TRANSFER TATTOOS",1687.68,1972
"16161U","WRAP SUKI AND FRIENDS",1687.5,4075
"21207","SKULL AND CROSSBONES  GARLAND",1684.85,1067
"23368","SET 12 COLOUR PENCILS DOLLY GIRL",1679.55,2379
"22332","SKULLS PARTY BAG + STICKER SET",1678,1032
"22913","RED COAT RACK PARIS FASHION",1673.15,352
"22419","LIPSTICK PEN RED",1673.1,3338
"23214","JINGLE BELL HEART ANTIQUE GOLD",1670.08,777
"22335","HEART DECORATION PAINTED ZINC",1668.89,2380
"15058A","BLUE POLKADOT GARDEN PARASOL",1668.49,200
"22076","6 RIBBONS EMPIRE",1667.88,1259
"21577","SAVE THE PLANET COTTON TOTE BAG",1664.9,720
"22804","PINK HANGING HEART T-LIGHT HOLDER",1664.16,880
"84968D","SET OF 16 VINTAGE RED CUTLERY",1661.47,157
"22479","DAISY GARDEN MARKER",1658.57,1139
"21578","WOODLAND DESIGN  COTTON TOTE BAG",1657.76,746
"22789","T-LIGHT HOLDER SWEETHEART HANGING",1657.02,844
"22853","CAT BOWL VINTAGE CREAM",1655.96,472
"21981","PACK OF 12 WOODLAND TISSUES",1651.3,5468
"23505","PLAYING CARDS I LOVE LONDON",1651.29,1200
"47566b","TEA TIME PARTY BUNTING",1651.15,199
"21111","SWISS ROLL TOWEL, CHOCOLATE  SPOTS",1651.02,900
"23273","HEART T-LIGHT HOLDER WILLIE WINKIE",1649.05,969
"23270","SET OF 2 CERAMIC PAINTED HEARTS",1646.32,1174
"22161","HEART DECORATION RUSTIC HANGING",1645.75,5083
"22154","ANGEL DECORATION 3 BUTTONS",1636.67,3745
"23483","HANGING  BUTTERFLY T-LIGHT HOLDER",1636.36,1328
"22474","SPACEBOY TV DINNER TRAY",1636.27,303
"23366","SET 12 COLOURING PENCILS DOILY",1636.1,2200
"23348","CHILDRENS TOY COOKING UTENSIL SET",1633.81,746
"35953","FOLKART STAR CHRISTMAS DECORATIONS",1633.67,3581
"84510A","SET OF 4 ENGLISH ROSE COASTERS",1630.32,1196
"85034B","3 WHITE CHOC MORRIS BOXED CANDLES",1628.78,945
"22375","AIRLINE BAG VINTAGE JET SET BROWN",1626.54,346
"22975","SPACEBOY CHILDRENS EGG CUP",1624.63,1204
"23391","I LOVE LONDON MINI BACKPACK",1624.02,388
"22799","SWEETHEART WIRE FRUIT BOWL",1623.08,207
"22473","TV DINNER TRAY VINTAGE PAISLEY",1623.04,503
"37495","FAIRY CAKE BIRTHDAY CANDLE SET",1622.24,440
"21706","FOLDING UMBRELLA RED/WHITE POLKADOT",1616.81,346
"22445","PENCIL CASE LIFE IS BEAUTIFUL",1615.91,534
"22166","WALL MIRROR RECTANGLE DIAMANTE PINK",1614.4,207
"23217","LAUREL HEART ANTIQUE SILVER",1613.82,1309
"21206","STRAWBERRY HONEYCOMB  GARLAND",1610.92,1290
"22671","FRENCH LAUNDRY SIGN BLUE METAL",1608.7,962
"85040A","S/4 PINK FLOWER CANDLES IN BOWL",1607.32,888
"22095","LADS ONLY TISSUE BOX",1605.96,1643
"22305","COFFEE MUG PINK PAISLEY DESIGN",1604.58,693
"22292","HANGING CHICK  YELLOW DECORATION",1604.51,1136
"21394","RED POLKADOT BEAKER",1603.77,3865
"23287","RED VINTAGE SPOT BEAKER",1603.39,1879
"22948","METAL DECORATION NAUGHTY CHILDREN",1603.29,1599
"22284","HEN HOUSE DECORATION",1597.07,927
"23226","FILIGREE HEART DAISY WHITE",1596.67,1247
"23244","ROUND STORAGE TIN VINTAGE LEAF",1593.58,864
"18097C","WHITE TALL PORCELAIN T-LIGHT HOLDER",1591.01,695
"22475","SKULL DESIGN TV DINNER TRAY",1590.82,313
"22398","MAGNETS PACK OF 4 SWALLOWS",1589.12,2575
"15056n","EDWARDIAN PARASOL NATURAL",1585.28,127
"21626","VINTAGE UNION JACK PENNANT",1584.8,794
"22449","SILK PURSE BABUSHKA PINK",1583.95,491
"46000M","POLYESTER FILLER PAD 45x45cm",1582.55,1021
"21967","PACK OF 12 SKULL TISSUES",1582.15,5271
"23369","SET 36 COLOUR PENCILS LOVE LONDON",1581.06,1105
"22676","FRENCH BLUE METAL DOOR SIGN 1",1578.39,1155
"21509","COWBOYS AND INDIANS BIRTHDAY CARD",1572.28,3741
"22494","EMERGENCY FIRST AID TIN",1572.27,1088
"22208","WOOD STAMP SET THANK YOU",1571.49,1509
"22434","BALLOON PUMP WITH 10 BALLOONS",1570.41,793
"22583","PACK OF 6 HANDBAG GIFT BOXES",1570.4,573
"85206A","CREAM FELT EASTER EGG BASKET",1568.93,974
"23462","ROCOCO WALL MIRROR WHITE",1567.14,78
"22085","PAPER CHAIN KIT SKULLS",1566.99,548
"21913","VINTAGE SEASIDE JIGSAW PUZZLES",1565.83,398
"84279P","CHERRY BLOSSOM  DECORATIVE FLASK",1565.71,377
"22313","OFFICE MUG WARMER PINK",1564.83,565
"85132A","CHARLIE + LOLA BISCUITS TINS",1561.77,545
"21744","SNOWFLAKE PORTABLE TABLE LIGHT",1557.65,529
"21528","DAIRY MAID TRADITIONAL TEAPOT",1557.57,215
"22675","FRENCH KITCHEN SIGN BLUE METAL",1555.16,1240
"22818","CARD CHRISTMAS VILLAGE",1550.4,3633
"20665","RED RETROSPOT PURSE",1546.27,461
"22982","PANTRY PASTRY BRUSH",1543.77,1154
"22600","CHRISTMAS RETROSPOT STAR WOOD",1543.23,1698
"22318","FIVE HEART HANGING DECORATION",1541.62,462
"21898","POTTING SHED ROSE CANDLE",1541.11,493
"20985","HEART CALCULATOR",1540.59,1179
"84971S","SMALL HEART FLOWERS HOOK",1540.45,1761
"10133","COLOURING PENCILS BROWN TUBE",1539.6,2856
"22176","BLUE OWL SOFT TOY",1536.88,512
"22731","3D CHRISTMAS STAMPS STICKERS",1536.24,1172
"23267","SET OF 4 SANTA PLACE SETTINGS",1531.95,1202
"21200","MULTICOLOUR HONEYCOMB PAPER GARLAND",1531.14,1119
"22828","REGENCY MIRROR WITH SHUTTERS",1530,10
"22472","TV DINNER TRAY DOLLY GIRL",1527.01,320
"84968E","SET OF 16 VINTAGE BLACK CUTLERY",1522.53,132
"22530","MAGIC DRAWING SLATE DOLLY GIRL",1516.46,3628
"85049C","ROMANTIC PINKS RIBBONS",1515.69,1215
"22770","MIRROR CORNICE",1515.68,94
"21352","EUCALYPTUS & PINECONE  WREATH",1511.26,378
"22591","CARDHOLDER GINGHAM CHRISTMAS TREE",1509.41,413
"21361","LOVE LARGE WOOD LETTERS",1505.96,106
"22905","CALENDAR IN SEASON DESIGN",1502.29,581
"22471","TV DINNER TRAY AIR HOSTESS",1502.02,419
"20668","DISCO BALL CHRISTMAS DECORATION",1501.4,12883
"23250","VINTAGE RED TRIM ENAMEL BOWL",1501.03,1155
"21792","CLASSIC FRENCH STYLE BASKET GREEN",1497.72,344
"23280","FOLDING BUTTERFLY MIRROR HOT PINK",1495.24,1867
"23334","IVORY WICKER HEART SMALL",1491.75,2271
"37342","POLKADOT COFFEE CUP & SAUCER PINK",1489.01,1570
"72349B","SET/6 PURPLE BUTTERFLY T-LIGHTS",1486.69,729
"35924","HANGING FAIRY CAKE DECORATION",1484.3,820
"21327","SKULLS WRITING SET",1484.13,864
"23271","CHRISTMAS TABLE SILVER CANDLE SPIKE",1483.61,1715
"22203","MILK PAN RED RETROSPOT",1483.13,403
"84580","MOUSE TOY WITH PINK T-SHIRT",1482.43,389
"23559","WOODLAND BUNNIES LOLLY MAKERS",1482.41,649
"21447","12 IVORY ROSE PEG PLACE SETTINGS",1478.1,969
"21619","4 VANILLA BOTANICAL CANDLES",1476.4,974
"23392","SPACEBOY ROCKET LOLLY MAKERS",1475.03,662
"22802","FAUX FUR CHOCOLATE THROW",1474.74,87
"22664","TOY TIDY DOLLY GIRL DESIGN",1472.85,713
"21470","FLOWER VINE RAFFIA FOOD COVER",1470.32,381
"23365","SET 12 COLOUR PENCILS LOVE LONDON",1463.08,1857
"21705","BAG 500g SWIRLY MARBLES",1462.17,1459
"84818","DANISH ROSE PHOTO FRAME",1460.81,1423
"21829","DINOSAUR KEYRINGS ASSORTED",1460.74,6765
"23470","CARD HOLDER LOVE BIRD LARGE",1460.5,232
"21872","GLAMOROUS  MUG",1454.98,1292
"22461","SAVOY ART DECO CLOCK",1453.58,239
"22696","WICKER WREATH LARGE",1452.55,729
"21191","LARGE WHITE HONEYCOMB PAPER BELL",1451.82,562
"23034","DRAWER KNOB CERAMIC BLACK",1448.67,979
"22939","APRON APPLE DELIGHT",1446.79,285
"23086","ZINC  STAR T-LIGHT HOLDER",1441.43,1217
"15044A","PINK PAPER PARASOL",1439.02,458
"22713","CARD I LOVE LONDON",1437.36,3441
"84031B","CHARLIE LOLA BLUE HOT WATER BOTTLE",1435.72,303
"85054","FRENCH ENAMEL POT W LID",1430.63,587
"15058C","ICE CREAM DESIGN GARDEN PARASOL",1429.82,240
"21620","SET OF 4 ROSE BOTANICAL CANDLES",1429.49,881
"22922","FRIDGE MAGNETS US DINER ASSORTED",1422.9,1587
"22458","CAST IRON HOOK GARDEN FORK",1421.83,523
"21407","BROWN CHECK CAT DOORSTOP",1421.11,290
"23057","BEADED CHANDELIER T-LIGHT HOLDER",1420.97,695
"22182","CAKE STAND VICTORIAN FILIGREE SMALL",1420.58,372
"22285","HANGING HEN ON NEST DECORATION",1418.82,828
"22306","SILVER MUG BONE CHINA TREE OF LIFE",1415.85,1162
"22714","CARD BIRTHDAY COWBOY",1415.73,3487
"22576","SWALLOW WOODEN CHRISTMAS DECORATION",1414.46,1538
"22531","MAGIC DRAWING SLATE CIRCUS PARADE",1412.41,3382
"84536A","ENGLISH ROSE NOTEBOOK A7 SIZE",1409.9,3138
"82567","AIRLINE LOUNGE,METAL SIGN",1408.07,711
"22915","ASSORTED BOTTLE TOP  MAGNETS",1406.42,3152
"23249","VINTAGE RED ENAMEL TRIM PLATE",1406.3,830
"51014C","FEATHER PEN,COAL BLACK",1405.73,2687
"21363","HOME SMALL WOOD LETTERS",1403.94,243
"23119","PACK OF 6 LARGE FRUIT STRAWS",1401.7,2282
"21424","WOODLAND STORAGE BOX LARGE",1401.02,346
"22436","12 COLOURED PARTY BALLOONS",1398.51,2134
"23055","IVORY CHANDELIER T-LIGHT HOLDER",1395.18,657
"23040","PAPER LANTERN 9 POINT SNOW STAR",1394.03,253
"84813","SET OF 4 DIAMOND NAPKIN RINGS",1393.79,166
"22443","GROW YOUR OWN HERBS SET OF 3",1391.74,164
"84795B","SUNSET CHECK HAMMOCK",1390.64,176
"21519","GIN & TONIC DIET GREETING CARD",1389.22,3299
"22677","FRENCH BLUE METAL DOOR SIGN 2",1389.07,1001
"22976","CIRCUS PARADE CHILDRENS EGG CUP",1389.01,1066
"21537","RED RETROSPOT PUDDING BOWL",1387.96,332
"22299","PIG KEYRING WITH LIGHT & SOUND",1386.97,1379
"23376","PACK OF 12 VINTAGE CHRISTMAS TISSUE",1384.91,3039
"22071","SMALL WHITE RETROSPOT MUG IN BOX",1384.3,729
"21123","SET/10 IVORY POLKADOT PARTY CANDLES",1380.84,1143
"22363","GLASS JAR MARMALADE",1380.8,480
"23104","IVORY CAFE HANGING LAMP",1380.42,116
"21071","VINTAGE BILLBOARD DRINK ME MUG",1380.28,991
"22735","RIBBON REEL SOCKS AND MITTENS",1379.21,741
"23414","ZINC BOX SIGN HOME",1378.75,141
"21382","SET/4 SPRING FLOWER DECORATION",1376.53,1143
"22047","EMPIRE GIFT WRAP",1373.5,3375
"23536","WALL ART VILLAGE SHOW",1369.71,240
"21820","GLITTER HEART GARLAND WITH BELLS",1368.47,329
"23000","TRAVEL CARD WALLET TRANSPORT",1368.28,3169
"22609","PENS ASSORTED SPACEBALL",1368.1,5874
"22063","CERAMIC BOWL WITH STRAWBERRY DESIGN",1367.45,583
"23546","WRAP PAISLEY PARK",1365,3250
"23221","REINDEER HEART DECORATION SILVER",1363.04,1536
"22716","CARD CIRCUS PARADE",1360.91,3201
"85227","SET OF 6 3D KIT CARDS FOR KIDS",1359.4,1477
"22911","PAPER CHAIN KIT LONDON",1358.09,463
"85232B","SET OF 3 BABUSHKA STACKING TINS",1356.3,274
"23469","CARD HOLDER LOVE BIRD SMALL",1355.24,332
"21039","RED RETROSPOT SHOPPING BAG",1353.69,523
"22304","COFFEE MUG BLUE PAISLEY DESIGN",1352.88,761
"21686","MEDINA STAMPED METAL STOOL",1351.64,35
"22754","SMALL RED BABUSHKA NOTEBOOK",1350.47,1951
"21615","4 LAVENDER BOTANICAL DINNER CANDLES",1347.92,891
"22949","36 DOILIES DOLLY GIRL",1347.89,911
"22421","LIPSTICK PEN FUSCHIA",1347.1,2597
"22399","MAGNETS PACK OF 4 CHILDHOOD MEMORY",1347.08,1152
"21987","PACK OF 6 SKULL PAPER CUPS",1346.65,2113
"22912","YELLOW COAT RACK PARIS FASHION",1342.39,287
"22917","HERB MARKER ROSEMARY",1340.22,1937
"84828","JUNGLE POPSICLES ICE LOLLY MOULDS",1338.87,960
"21246","RED RETROSPOT BIG BOWL",1336.78,286
"22073","RED RETROSPOT STORAGE JAR",1336.14,334
"22293","HANGING CHICK GREEN DECORATION",1335.87,903
"21624","VINTAGE UNION JACK DOORSTOP",1331.56,216
"72802A","ROSE SCENT CANDLE IN JEWELLED BOX",1329.91,323
"23538","WALL ART VINTAGE HEART",1329.54,331
"22362","GLASS JAR PEACOCK BATH SALTS",1329.44,408
"23232","WRAP VINTAGE PETALS  DESIGN",1327.5,3275
"22742","MAKE YOUR OWN PLAYTIME CARD KIT",1323.57,639
"85183B","CHARLIE & LOLA WASTEPAPER BIN FLORA",1323.37,996
"22650","CERAMIC PIRATE CHEST MONEY BANK",1320.7,851
"22916","HERB MARKER THYME",1314.21,1905
"21179","NO JUNK MAIL METAL SIGN",1313.79,1940
"23373","VINTAGE CHRISTMAS PAPER GIFT BAG",1313.39,1608
"37447","CERAMIC CAKE DESIGN SPOTTED PLATE",1313.28,820
"23405","HOME SWEET HOME 2 DRAWER CABINET",1311.48,252
"90057","DIAMANTE RING ASSORTED IN BOX.",1311.36,1008
"21195","PINK  HONEYCOMB PAPER BALL",1308.56,693
"22686","FRENCH BLUE METAL DOOR SIGN No",1308.38,993
"22028","PENNY FARTHING BIRTHDAY CARD",1304.14,3042
"85199S","SMALL HANGING IVORY/RED WOOD BIRD",1302.31,2660
"21627","ELEPHANT CARNIVAL POUFFE",1299.83,63
"21793","CLASSIC FRENCH STYLE BASKET BROWN",1296.61,304
"22310","IVORY KNITTED MUG COSY",1296.23,668
"21422","PORCELAIN ROSE SMALL",1295,1607
"22439","6 ROCKET BALLOONS",1293.22,1898
"21866","UNION JACK FLAG LUGGAGE TAG",1292.38,747
"22372","AIRLINE BAG VINTAGE WORLD CHAMPION",1289.49,279
"21616","4 PEAR BOTANICAL DINNER CANDLES",1288.34,822
"84012","MAGIC SHEEP WOOL GROWING FROM PAPER",1283.99,1265
"21408","SPOTTY PINK DUCK DOORSTOP",1282.81,285
"21064","BOOM BOX SPEAKER BOYS",1281.2,296
"21901","KEY FOB , BACK DOOR",1277.89,1828
"22918","HERB MARKER PARSLEY",1275.35,1869
"21090","SET/6 COLLAGE PAPER PLATES",1274.19,2413
"47480","HANGING PHOTO CLIP ROPE LADDER",1274.17,746
"23072","MARIE ANTOINETTE TRINKET BOX SILVER",1273.76,334
"85059","FRENCH ENAMEL WATER BASIN",1273.11,411
"21211","SET OF 72 SKULL PAPER  DOILIES",1270.07,883
"21897","POTTING SHED CANDLE CITRONELLA",1268.19,405
"21902","KEY FOB , FRONT  DOOR",1262.37,1962
"23061","VINTAGE EMBOSSED HEART",1257.68,955
"47503A","ASS FLORAL PRINT MULTI SCREWDRIVER",1254.12,2734
"23237","SET OF 4 KNICK KNACK TINS LEAVES",1253.78,306
"22977","DOLLY GIRL CHILDRENS EGG CUP",1252.61,950
"23511","EMBROIDERED RIBBON REEL EMILY",1252.01,571
"22572","ROCKING HORSE GREEN CHRISTMAS",1244.67,1380
"22442","GROW YOUR OWN FLOWERS SET OF 3",1241.3,296
"22074","6 RIBBONS SHIMMERING PINKS",1239.67,1402
"71038","WHITE HANGING BEADS CANDLE HOLDER",1239.5,238
"21175","GIN AND TONIC DIET METAL SIGN",1237.5,498
"23067","HANGING ENGRAVED METAL HEART",1236.66,294
"22603","CHRISTMAS RETROSPOT TREE WOOD",1235.38,1387
"22338","STAR DECORATION PAINTED ZINC",1233.91,4679
"21262","WHITE GOOSE FEATHER CHRISTMAS TREE",1233.21,332
"72817","SET OF 2 CHRISTMAS DECOUPAGE CANDLE",1232.27,1212
"23138","SINGLE WIRE HOOK IVORY HEART",1231.51,879
"22613","PACK OF 20 SPACEBOY NAPKINS",1222.61,1538
"22919","HERB MARKER MINT",1221.86,1753
"23142","IVORY WIRE KITCHEN ORGANISER",1220.82,121
"22315","200 RED + WHITE BENDY STRAWS",1218.93,916
"82578","KITCHEN METAL SIGN",1217.85,2058
"82599","FANNY'S REST STOPMETAL SIGN",1217.73,508
"22575","METAL MERRY CHRISTMAS WREATH",1216.22,636
"23598","PAPER BUNTING VINTAGE PARTY",1215.53,427
"22589","CARDHOLDER GINGHAM STAR",1212.82,379
"21846","PINK DIAMANTE PEN IN GIFT BOX",1206.97,424
"72800E","4 IVORY DINNER CANDLES SILVER FLOCK",1205.64,538
"22168","ORGANISER WOOD ANTIQUE WHITE",1205.3,143
"22711","WRAP CIRCUS PARADE",1202.84,2902
"84884A","ANT WHITE WIRE HEART SPIRAL",1201.91,301
"23444","Next Day Carriage",1200,79
"22929","SCHOOL DESK AND CHAIR",1199.75,19
"23026","DRAWER KNOB VINTAGE GLASS STAR",1198.96,556
"21986","PACK OF 12 PINK POLKADOT TISSUES",1197.73,4067
"23071","MARIE ANTOINETTE TRINKET BOX GOLD",1192.6,314
"21899","KEY FOB , GARAGE DESIGN",1192.16,1902
"22755","SMALL PURPLE BABUSHKA NOTEBOOK",1187.96,1687
"22453","MEASURING TAPE BABUSHKA BLUE",1185.79,442
"21070","VINTAGE BILLBOARD MUG",1184.98,1106
"22921","HERB MARKER CHIVES",1180.87,1716
"23539","WALL ART LOVES' SECRET",1180.35,239
"22597","MUSICAL ZINC HEART DECORATION",1179.59,2763
"22081","RIBBON REEL FLORA + FAUNA",1176.5,644
"23225","CHERUB HEART DECORATION SILVER",1176.17,1355
"85039B","S/4 IVORY MINI ROSE CANDLE IN BOWL",1174.63,806
"23431","NATURAL HANGING QUILTED HEARTS",1171.23,1449
"22757","LARGE RED BABUSHKA NOTEBOOK",1167.74,1096
"21742","LARGE ROUND WICKER PLATTER",1167.58,194
"20984","12 PENCILS TALL TUBE POSY",1166.07,3785
"23418","LAVENDER TOILETTE BOTTLE",1166,557
"84313C","ORANGE TV TRAY TABLE",1165.91,504
"23515","EMBROIDERED RIBBON REEL DAISY",1164.98,579
"23508","MINI PLAYING CARDS DOLLY GIRL",1163.45,2627
"21628","TRIANGULAR POUFFE VINTAGE",1161.65,63
"22334","DINOSAUR PARTY BAG + STICKER SET",1160.71,707
"21065","BOOM BOX SPEAKER GIRLS",1160.58,562
"22708","WRAP DOLLY GIRL",1160,2800
"20801","LARGE PINK GLASS SUNDAE DISH",1157.8,1013
"22680","FRENCH BLUE METAL DOOR SIGN 5",1157.79,842
"23566","EGG CUP MILKMAID HEIDI",1156.93,881
"85132B","CHARLIE AND LOLA TABLE TINS",1156.17,529
"23507","MINI PLAYING CARDS BUFFALO BILL",1155.67,2882
"22924","FRIDGE MAGNETS LA VIE EN ROSE",1154.6,1295
"21773","DECORATIVE ROSE BATHROOM BOTTLE",1154.17,1170
"23269","SET OF 2 CERAMIC CHRISTMAS TREES",1152.98,779
"21774","DECORATIVE CATS BATHROOM BOTTLE",1152.4,1095
"22678","FRENCH BLUE METAL DOOR SIGN 3",1151.56,843
"22320","BIRDS MOBILE VINTAGE DESIGN",1147.27,189
"20956","PORCELAIN T-LIGHT HOLDERS ASSORTED",1146.52,822
"22325","MOBILE VINTAGE HEARTS",1146.35,249
"85106","CUT GLASS HEXAGON T-LIGHT HOLDER",1142.31,649
"22497","SET OF 2 TINS VINTAGE BATHROOM",1140.9,224
"21043","APRON MODERN VINTAGE COTTON",1139.86,492
"21947","SET OF 6 HEART CHOPSTICKS",1139.65,811
"21395","BLUE POLKADOT BEAKER",1139.06,2838
"22581","WOOD STOCKING CHRISTMAS SCANDISPOT",1137.28,1569
"22416","SET OF 36 DOILIES SPACEBOY DESIGN",1135.4,817
"22446","PIN CUSHION BABUSHKA PINK",1135.18,439
"22094","RED RETROSPOT TISSUE BOX",1135,2166
"85159B","WHITE TEA,COFFEE,SUGAR JARS",1134.5,622
"22155","STAR DECORATION RUSTIC",1133.61,2452
"22376","AIRLINE BAG VINTAGE JET SET WHITE",1133.2,252
"84912B","GREEN ROSE WASHBAG",1132.85,323
"22923","FRIDGE MAGNETS LES ENFANTS ASSORTED",1130.77,1360
"85087","CANDY SPOT CUSHION COVER",1129.99,339
"47585A","PINK FAIRY CAKE CUSHION COVER",1129.44,264
"22539","MINI JIGSAW DOLLY GIRL",1129.32,2918
"23506","MINI PLAYING CARDS SPACEBOY",1129.12,2723
"22211","WOOD STAMP SET FLOWERS",1122.39,1008
"84944","SET OF 6 KASHMIR FOLKART BAUBLES",1120.26,710
"22815","CARD PSYCHEDELIC APPLES",1118.84,2628
"23510","MINI PLAYING CARDS GYMKHANA",1118.8,2521
"23411","TRELLIS COAT RACK",1118.61,227
"21809","CHRISTMAS HANGING TREE WITH BELL",1117.92,1964
"21466","RED FLOWER CROCHET FOOD COVER",1116.89,304
"47580","TEA TIME DES TEA COSY",1116.72,388
"22817","CARD SUKI BIRTHDAY",1114.81,2639
"22608","PENS ASSORTED FUNKY JEWELED",1114.64,5211
"23513","EMBROIDERED RIBBON REEL SUSIE",1114.26,566
"21984","PACK OF 12 PINK PAISLEY TISSUES",1112.6,3458
"22342","HOME GARLAND PAINTED ZINC",1111.58,997
"22060","LARGE CAKE STAND HANGING HEARTS",1111.05,231
"22758","LARGE PURPLE BABUSHKA NOTEBOOK",1110.25,1195
"22153","ANGEL DECORATION STARS ON DRESS",1109.05,2593
"23433","HANGING QUILTED PATCHWORK APPLES",1108.58,1258
"21693","SMALL HAMMERED SILVER CANDLEPOT",1107.91,361
"21830","ASSORTED CREEPY CRAWLIES",1107.07,2621
"85116","BLACK CANDELABRA T-LIGHT HOLDER",1106.88,941
"22444","GROW YOUR OWN PLANT IN A CAN",1106.62,838
"85127","SMALL SQUARE CUT GLASS CANDLESTICK",1106.54,187
"85114A","BLACK ENCHANTED FOREST PLACEMAT",1105.21,649
"22819","BIRTHDAY CARD, RETRO SPOT",1104.81,2608
"22221","CAKE STAND LOVEBIRD 2 TIER PINK",1104.54,131
"21824","PAINTED METAL STAR WITH HOLLY BELLS",1102.42,1916
"21688","SILVER PLATE CANDLE BOWL SMALL",1101.28,348
"23375","50'S CHRISTMAS PAPER GIFT BAG",1100.69,1342
"22984","CARD GINGHAM ROSE",1096.09,2693
"22997","TRAVEL CARD WALLET UNION JACK",1094.93,2545
"22309","TEA COSY RED  STRIPE",1091.05,369
"23087","ZINC  HEART T-LIGHT HOLDER",1090.66,868
"21818","GLITTER HEART DECORATION",1088.59,2469
"23432","PRETTY HANGING QUILTED HEARTS",1088.36,1276
"15056bl","EDWARDIAN PARASOL BLACK",1086.88,87
"21469","POLKA DOT RAFFIA FOOD COVER",1085.32,290
"21991","BOHEMIAN COLLAGE STATIONERY SET",1080.82,635
"21224","SET/4 SKULL BADGES",1080,914
"84459B","YELLOW METAL CHICKEN HEART",1079.67,721
"23347","I LOVE LONDON BEAKER",1077.3,860
"22611","VINTAGE UNION JACK SHOPPING BAG",1077.03,225
"23102","SILVER HEARTS TABLE DECORATION",1075.03,1274
"23041","PAPER LANTERN 9 POINT SNOW STAR",1070.58,246
"22245","HOOK, 1 HANGER ,MAGIC GARDEN",1070,1262
"51014L","FEATHER PEN,LIGHT PINK",1069.14,2059
"22123","PING MICROWAVE APRON",1068.38,508
"82001S","SILVER RECORD COVER FRAME",1067.76,287
"85036C","ROSE 1 WICK MORRIS BOXED CANDLE",1066.86,742
"35648","VINTAGE BEAD PINK PURSE",1066.66,979
"21819","GLITTER CHRISTMAS STAR",1066.65,2470
"23331","DECORATIVE WICKER HEART SMALL",1062.28,1596
"21288","STRIPEY CHOCOLATE NESTING BOXES",1061.41,355
"20931","BLUE POT PLANT CANDLE",1060.9,299
"23033","DRAWER KNOB CERAMIC RED",1058.9,714
"22995","TRAVEL CARD WALLET SUKI",1058.64,2381
"23516","EMBROIDERED RIBBON REEL SOPHIE",1058.6,296
"84459A","PINK METAL CHICKEN HEART",1058.18,716
"22190","LOCAL CAFE MUG",1057.71,676
"23529","DOLLY GIRL WALL ART",1055.94,318
"21391","FRENCH LAVENDER SCENT HEART",1055.59,1069
"21464","DISCO BALL ROTATOR BATTERY OPERATED",1055.25,249
"21949","SET OF 6 STRAWBERRY CHOPSTICKS",1054.44,801
"85035B","CHOCOLATE 3 WICK MORRIS BOX CANDLE",1054.1,619
"23402","HOME SWEET HOME 3 PEG HANGER",1053.53,271
"16016","LARGE CHINESE STYLE SCISSOR",1053.45,1273
"22152","PLACE SETTING WHITE STAR",1053.08,2407
"23327","HANGING CLEAR MINI BOTTLE",1051.14,1734
"16237","SLEEPING CAT ERASERS",1047.93,4991
"22066","LOVE HEART TRINKET POT",1044.81,2239
"23419","HOME SWEET HOME BOTTLE",1043.72,473
"23542","70'S ALPHABET WALL ART",1043.1,150
"22163","HEART STRING MEMO HOLDER HANGING",1042.78,875
"85180A","RED HEARTS LIGHT CHAIN",1042.66,503
"21508","VINTAGE KID DOLLY CARD",1041.94,2478
"23231","WRAP  VINTAGE DOILY",1039.08,2474
"22808","SET OF 6 T-LIGHTS EASTER CHICKS",1038.87,345
"79302M","ART LIGHTS,FUNK MONKEY",1037.54,370
"21821","GLITTER STAR GARLAND WITH BELLS",1037.05,251
"22438","BALLOON ART MAKE YOUR OWN FLOWERS",1034.9,1009
"23088","ZINC HEART FLOWER T-LIGHT HOLDER",1033.28,795
"22402","MAGNETS PACK OF 4 VINTAGE COLLAGE",1033.16,1719
"22091","EMPIRE TISSUE BOX",1030.1,1983
"21788","KIDS RAIN MAC BLUE",1029.24,1293
"21679","SKULLS  STICKERS",1028.58,1140
"20967","GREY FLORAL FELTCRAFT SHOULDER BAG",1027.94,265
"22231","JIGSAW TREE WITH BIRDHOUSE",1027.72,998
"22614","PACK OF 12 SPACEBOY TISSUES",1024.22,3032
"22024","RAINY LADIES BIRTHDAY CARD",1023.73,2406
"22679","FRENCH BLUE METAL DOOR SIGN 4",1023.03,740
"15044C","PURPLE PAPER PARASOL",1022.99,313
"20966","SANDWICH BATH SPONGE",1022.8,719
"21188","3D HEARTS  HONEYCOMB PAPER GARLAND",1021.9,326
"23452","HEART MINI PORTRAIT FRAME",1021.76,518
"23153","ZINC SWEETHEART WIRE LETTER RACK",1020.69,263
"22459","CAST IRON HOOK GARDEN TROWEL",1018.19,386
"22860","EASTER TIN CHICKS PINK DAISY",1017.77,589
"22673","FRENCH GARDEN SIGN BLUE METAL",1016.08,791
"21803","CHRISTMAS TREE STAR DECORATION",1016.02,2353
"23544","WALL ART MID CENTURY MODERN",1015.78,164
"23525","WALL ART BUFFALO BILL",1011.1,334
"85039A","SET/4 RED MINI ROSE CANDLE IN BOWL",1010.62,704
"21617","4 LILY  BOTANICAL DINNER CANDLES",1009.26,525
"21354","TOAST ITS - BEST MUM",1007.71,799
"23460","SWEETHEART WALL TIDY",1007.08,108
"21198","WHITE HEART CONFETTI IN TUBE",1006.82,1028
"72816","SET/3 CHRISTMAS DECOUPAGE CANDLES",1005.32,892
"21467","CHERRY CROCHET FOOD COVER",1004.39,264
"22279","POCKET BAG BLUE PAISLEY RED SPOT",1003.4,831
"22098","BOUDOIR SQUARE TISSUE BOX",1001.55,1992
"22695","WICKER WREATH SMALL",1001.49,741
"23121","PACK OF 6 COCKTAIL PARASOL STRAWS",1000.44,2501
"23533","WALL ART GARDEN HAVEN",998.64,215
"23517","EMBROIDERED RIBBON REEL REBECCA",996.38,334
"23131","MISELTOE HEART WREATH CREAM",996,240
"22242","5 HOOK HANGER MAGIC TOADSTOOL",994.38,640
"10125","MINI FUNKY DESIGN TAPES",993.99,1295
"22069","BROWN  PIRATE TREASURE CHEST",993.5,414
"21355","TOAST ITS - I LOVE YOU",992.58,789
"85232D","SET/3 DECOUPAGE STACKING TINS",992.52,193
"84558A","3D DOG PICTURE PLAYING CARDS",987.41,333
"20886","BOX OF 9 PEBBLE CANDLES",986.23,485
"23281","FOLDING BUTTERFLY MIRROR RED",985.88,1262
"35651","VINTAGE BEAD PINK SCARF",985.84,451
"20802","SMALL GLASS SUNDAE DISH CLEAR",984.47,739
"21648","ASSORTED TUTTI FRUTTI SMALL PURSE",982.79,729
"23518","EMBROIDERED RIBBON REEL RACHEL",980.41,361
"35471D","SET OF 3 BIRD LIGHT PINK FEATHER",979.11,1848
"21948","SET OF 6 CAKE CHOPSTICKS",978.23,640
"23514","EMBROIDERED RIBBON REEL SALLY",977.39,478
"85064","CREAM SWEETHEART LETTER RACK",976.25,215
"23512","EMBROIDERED RIBBON REEL ROSIE",975.24,500
"22681","FRENCH BLUE METAL DOOR SIGN 6",973.15,710
"21112","SWISS ROLL TOWEL, PINK  SPOTS",971.44,653
"84843","WHITE SOAP RACK WITH 2 BOTTLES",969.8,172
"22307","GOLD MUG BONE CHINA TREE OF LIFE",969.64,770
"22599","CHRISTMAS MUSICAL ZINC STAR",967.76,1953
"23183","MOTHER'S KITCHEN SPOON REST",967.17,226
"22500","SET OF 2 TINS JARDIN DE PROVENCE",967.05,248
"22857","ASSORTED EASTER GIFT TAGS",965.86,1145
"21058","PARTY INVITES WOODLAND",965.66,1154
"47504H","ENGLISH ROSE SPIRIT LEVEL",964.38,978
"21389","IVORY HANGING DECORATION  BIRD",964.23,1113
"22209","WOOD STAMP SET HAPPY BIRTHDAY",964.22,945
"23107","WHITE HEARTS WIRE PLANT POT HOLDER",963.27,343
"22540","MINI JIGSAW CIRCUS PARADE",960.86,2519
"22210","WOOD STAMP SET BEST WISHES",958.04,1017
"20846","ZINC HEART LATTICE T-LIGHT HOLDER",957.32,716
"22994","TRAVEL CARD WALLET RETROSPOT",956.94,2194
"20733","GOLD MINI TAPE MEASURE",956.36,1234
"70007","HI TEC ALPINE HAND WARMER",956.36,841
"23529","WALL ART DOLLY GIRL",956.05,319
"23380","PACK OF 12 VINTAGE DOILY TISSUES",955.42,2272
"84913A","SOFT PINK ROSE TOWEL",952.83,273
"84819","DANISH ROSE ROUND SEWING BOX",951.79,811
"84509G","SET OF 4 FAIRY CAKE PLACEMATS",950.49,517
"22262","FELT EGG COSY CHICKEN",950.46,1023
"84596G","SMALL CHOCOLATES PINK BOWL",949.08,1855
"21683","MEDIUM MEDINA STAMPED METAL BOWL",948.7,310
"21717","EASTER TIN BUCKET",946.93,408
"15044B","BLUE PAPER PARASOL",946.83,321
"47593B","SCOTTIE DOGS BABY BIB",946.13,1987
"22939","ADULT APRON APPLE DELIGHT",945.88,184
"21507","ELEPHANT, BIRTHDAY CARD,",945.46,2210
"22986","WRAP GINGHAM ROSE",943.92,2276
"22270","HAPPY EASTER HANGING DECORATION",942.2,243
"22246","MAGIC GARDEN FELT GARLAND",939.37,419
"22132","RED LOVE HEART SHAPE CUP",939.03,1038
"35646","VINTAGE BEAD PINK EVENING BAG",937.25,619
"23178","JAM CLOCK MAGNET",936.89,327
"23540","WALL ART THE MAGIC FOREST",933.16,148
"21462","NURSERY A,B,C PAINTED LETTERS",932.4,198
"22893","MINI CAKE STAND T-LIGHT HOLDER",931.02,1872
"21682","LARGE MEDINA STAMPED METAL BOWL",930.96,182
"23179","CLOCK MAGNET MUM'S KITCHEN",930.48,324
"22281","EASTER TREE YELLOW BIRDS",929.44,131
"22046","TEA PARTY  WRAPPING PAPER",929,2250
"23099","FRENCH CARRIAGE LANTERN",925.35,137
"85103","SILVER T-LIGHT SETTING",924.29,143
"23527","ANIMALS AND NATURE WALL ART",923.97,267
"22701","PINK DOG BOWL",922.89,549
"20686","DOLLY MIXTURE CHILDREN'S UMBRELLA",922.67,267
"17091J","VANILLA INCENSE IN TIN",920.67,2084
"20752","BLUE POLKADOT WASHING UP GLOVES",920.45,407
"85114C","RED ENCHANTED FOREST PLACEMAT",920.22,516
"21802","CHRISTMAS TREE HEART DECORATION",919.14,2122
"72799E","IVORY PILLAR CANDLE SILVER FLOCK",916.99,451
"21786","POLKADOT RAIN HAT",916.99,1937
"23338","EGG FRYING PAN RED",915.4,431
"23002","TRAVEL CARD WALLET SKULLS",914.37,2119
"85034A","3 GARDENIA MORRIS BOXED CANDLES",911.4,498
"22103","MIRROR MOSAIC T-LIGHT HOLDER ROUND",908.24,1248
"37501","TEA TIME TEA SET IN GIFT BOX",906.83,133
"22519","CHILDS GARDEN BRUSH PINK",906.75,411
"84519A","TOMATO CHARLIE+LOLA COASTER SET",905.55,512
"23004","TRAVEL CARD WALLET PANTRY",903.16,2002
"85114B","IVORY ENCHANTED FOREST PLACEMAT",902.49,477
"21894","POTTING SHED SEED ENVELOPES",902.08,592
"23532","WALL ART WORK REST AND PLAY",901.58,210
"85131A","BEADED PEARL HEART WHITE ON STICK",901.48,996
"22106","MIRROR MOSAIC HURRICANE LAMP",898.38,349
"21465","PINK FLOWER CROCHET FOOD COVER",897.8,237
"22277","COSMETIC BAG VINTAGE ROSE PAISLEY",897.74,417
"22682","FRENCH BLUE METAL DOOR SIGN 7",896.75,677
"21631","HIPPY CHIC DECORATIVE PARASOL",896.01,169
"22936","BAKING MOULD ROSE WHITE CHOCOLATE",895.97,279
"22719","GUMBALL MONOCHROME COAT RACK",895.72,620
"21633","SUNFLOWER DECORATIVE PARASOL",895.46,125
"22761","CHEST 7 DRAWER MA CAMPAGNE",895.38,36
"22118","JOY WOODEN BLOCK LETTERS",895.26,230
"23472","NINE DRAWER OFFICE TIDY",894.42,58
"84823","DANISH ROSE FOLDING CHAIR",890.4,112
"22251","BIRDHOUSE DECORATION MAGIC GARDEN",889.49,712
"21189","WHITE HONEYCOMB PAPER GARLAND",888.67,355
"22814","CARD PARTY GAMES",888.47,2129
"21199","PINK  HEART CONFETTI IN TUBE",888.33,966
"84536B","FAIRY CAKES NOTEBOOK A7 SIZE",888.14,2102
"21743","STAR PORTABLE TABLE LIGHT",887.65,299
"21209","MULTICOLOUR HONEYCOMB FAN",886.24,1224
"23528","SPACEBOY WALL ART",885.9,306
"22524","CHILDRENS GARDEN GLOVES BLUE",883.2,642
"46776F","WOVEN ROSE GARDEN CUSHION COVER",883.12,210
"85176","SEWING SUSAN 21 NEEDLE SET",880.47,918
"23502","PLAYING CARDS VINTAGE DOILY",880.16,701
"22317","FIVE CATS HANGING DECORATION",879.67,286
"84030e","ENGLISH ROSE HOT WATER BOTTLE",877.76,108
"22308","TEA COSY BLUE STRIPE",877.38,250
"23423","PANTRY 3 HOOK ROLLING PIN HANGER",876.9,219
"22343","PARTY PIZZA DISH RED RETROSPOT",873.33,1974
"22565","FELTCRAFT HAIRBANDS PINK AND WHITE",872.67,933
"23479","WIRE EGG BASKET",872.38,113
"22683","FRENCH BLUE METAL DOOR SIGN 8",871.49,644
"21399","BLUE POLKADOT COFFEE MUG",869.61,2054
"23220","REINDEER HEART DECORATION GOLD",869.15,993
"85049H","URBAN BLACK RIBBONS",869.1,848
"21204","DAISIES  HONEYCOMB GARLAND",868.44,499
"23545","WRAP RED VINTAGE DOILY",866,2100
"21708","FOLDING UMBRELLA CREAM POLKADOT",863.11,190
"22321","BIRD DECORATION RED RETROSPOT",860.93,893
"84849D","HOT BATHS SOAP HOLDER",859,494
"21880","RED RETROSPOT TAPE",858.78,1903
"21695","SMALL SILVER FLOWER CANDLE POT",857.68,284
"22068","BLACK PIRATE TREASURE CHEST",856.39,526
"85135C","RED DRAGONFLY HELICOPTER",856.38,106
"21823","PAINTED METAL HEART WITH HOLLY BELL",854.35,1372
"23525","BUFFALO BILL WALL ART",852.72,248
"85183A","CHARLIE & LOLA WASTEPAPER BIN BLUE",852.04,667
"84535B","FAIRY CAKES NOTEBOOK A6 SIZE",850.2,1332
"84006","MAGIC TREE -PAPER FLOWERS",848.7,918
"22706","WRAP COWBOYS",847.94,2057
"22105","MIRROR MOSAIC GOBLET CANDLE HOLDER",847.82,574
"21359","RELAX LARGE WOOD LETTERS",844.28,129
"22537","MAGIC DRAWING SLATE DINOSAUR",844,1929
"23564","EGG CUP MILKMAID INGRID",841.31,644
"22162","HEART GARLAND RUSTIC PADDED",841.24,264
"20839","FRENCH PAISLEY CUSHION COVER",840.44,575
"21694","SMALL REGAL  SILVER CANDLEPOT",840.33,307
"37327","ASSTD MULTICOLOUR CIRCLES MUG",840.08,1578
"15034","PAPER POCKET TRAVELING FAN",840.02,6591
"23551","PACK OF 12 PAISLEY PARK TISSUES",839.84,1840
"22276","WASH BAG VINTAGE ROSE PAISLEY",838.86,290
"84997a","CHILDRENS CUTLERY POLKADOT GREEN",837.29,101
"22254","FELT TOADSTOOL LARGE",836.8,657
"23523","TREASURE AHOY WALL ART",833.46,270
"22102","MIRROR MOSAIC T-LIGHT HOLDER",831.84,1622
"22217","T-LIGHT HOLDER HANGING LACE",831.26,839
"21125","SET 6 FOOTBALL CELEBRATION CANDLES",830.98,657
"21642","ASSORTED TUTTI FRUTTI PEN",830.73,2471
"22587","FELTCRAFT HAIRBAND RED AND BLUE",830.52,918
"21804","WHITE CHRISTMAS GARLAND STARS TREES",830.03,225
"20986","BLUE CALCULATOR RULER",829.74,654
"22341","LOVE GARLAND PAINTED ZINC",827.63,453
"22862","LOVE HEART NAPKIN BOX",826.95,171
"23017","APOTHECARY MEASURING JAR",826.28,67
"21294","ETCHED GLASS COASTER",825.49,1618
"85194L","HANGING SPRING FLOWER EGG LARGE",822.89,947
"22093","MOTORING TISSUE BOX",822.13,1830
"72818","CHRISTMAS DECOUPAGE CANDLE",821.98,1845
"21905","MORE BUTTER METAL SIGN",821.61,760
"21291","SMALL POLKADOT CHOCOLATE GIFT BAG",819.64,943
"23186","FRENCH STYLE STORAGE JAR CAFE",819.46,1982
"85169A","IVORY LOVE BIRD CANDLE",813.02,812
"22249","DECORATION WHITE CHICK MAGIC GARDEN",812.86,928
"85049a","TRADITIONAL CHRISTMAS RIBBONS",812.84,244
"79191C","RETRO PLASTIC ELEPHANT TRAY",812.53,1105
"23022","SMALL BONNE JAM JAR  T-LIGHT HOLDER",808.16,422
"84509B","SET OF 4 FAIRY CAKE PLACEMATS",806.04,217
"21789","KIDS RAIN MAC PINK",803.65,925
"23409","PHOTO FRAME LINEN AND LACE LARGE",801.68,215
"22099","CARAVAN SQUARE TISSUE BOX",800.59,1440
"22546","MINI JIGSAW PURDEY",799.98,2103
"23524","HORSE & PONY WALL ART",797.31,256
"85170D","SET/6 PINK BIRD T-LIGHT CANDLES",796.99,451
"79160","HEART SHAPE WIRELESS DOORBELL",795.83,444
"23487","SWEET HEART CAKE CARRIER",795.58,80
"85173","SET/6 FROG PRINCE T-LIGHT CANDLES",795.02,479
"21162","TOXIC AREA  DOOR HANGER",792.98,1462
"23106","ZINC HEARTS PLANT POT HOLDER",792.47,283
"23519","EMBROIDERED RIBBON REEL CLAIRE",792.31,224
"22705","WRAP GREEN PEARS",790.86,1883
"23335","EGG FRYING PAN IVORY",790.78,377
"22566","FELTCRAFT HAIRBAND PINK AND PURPLE",789.78,873
"23568","EGG CUP HENRIETTA HEN CREAM",787.52,630
"22340","NOEL GARLAND PAINTED ZINC",787.21,1398
"21680","WOODLAND  STICKERS",786.31,868
"85163B","BLACK BAROQUE WALL CLOCK",783.68,84
"22518","CHILDS GARDEN BRUSH BLUE",783.54,363
"84660A","WHITE STITCHED WALL CLOCK",783.45,843
"85159A","BLACK TEA,COFFEE,SUGAR JARS",783.35,453
"85035A","GARDENIA 3 WICK MORRIS BOXED CANDLE",782.3,276
"21158","MOODY GIRL DOOR HANGER",781.87,1469
"22685","FRENCH BLUE METAL DOOR SIGN 0",780.8,594
"21504","SKULLS GREETING CARD",778.89,1891
"22228","BUNNY WOODEN PAINTED WITH BIRD",777.78,1000
"21983","PACK OF 12 BLUE PAISLEY TISSUES",777.67,2301
"85231B","CINAMMON SET OF 9 T-LIGHTS",777.58,868
"21272","SALLE DE BAIN HOOK",777.57,548
"85185B","PINK HORSE SOCK PUPPET",776.49,255
"85032A","ROMANTIC IMAGES GIFT WRAP SET",776.49,789
"22422","TOOTHPASTE TUBE PEN",776.1,1273
"84509a","SET OF 4 ENGLISH ROSE PLACEMATS",775.84,104
"22451","SILK PURSE BABUSHKA RED",775.8,222
"84279B","CHERRY BLOSSOM DECORATIVE FLASK",774.7,192
"22586","FELTCRAFT HAIRBAND PINK AND BLUE",774.55,856
"84519B","CARROT CHARLIE+LOLA COASTER SET",773.3,471
"21084","SET/6 COLLAGE PAPER CUPS",773.14,2610
"22522","CHILDS GARDEN FORK BLUE",772.59,930
"21927","BLUE/CREAM STRIPE CUSHION COVER",771.15,623
"22133","PINK LOVE HEART SHAPE CUP",770.73,816
"84609","TALL ROCOCO CANDLE HOLDER",770.59,93
"23115","RED APPLES CHOPPING BOARD",770.32,152
"21530","DAIRY MAID TOASTRACK",769.57,777
"22985","WRAP BILLBOARD FONTS DESIGN",769.02,1831
"21618","4 WILDFLOWER BOTANICAL CANDLES",768.37,404
"22986","GINGHAM ROSE WRAP",768.18,1829
"23140","TRIPLE WIRE HOOK IVORY HEART",766.1,182
"84997b","RED 3 PIECE RETROSPOT CUTLERY SET",765.55,91
"22786","CUSHION COVER PINK UNION JACK",764.63,123
"21707","FOLDING UMBRELLA BLACKBLUE POLKADOT",763.66,160
"23550","WRAP ALPHABET POSTER",763.1,1855
"23006","TRAVEL CARD WALLET FLOWER MEADOW",762.75,1758
"23458","DOLLY CABINET 3 DRAWERS",762.45,51
"22252","BIRDCAGE DECORATION TEALIGHT HOLDER",761.57,643
"22025","RING OF ROSES BIRTHDAY CARD",761.05,1835
"23025","DRAWER KNOB VINTAGE GLASS BALL",760.8,350
"85130B","BEADED CRYSTAL HEART GREEN LARGE",760.43,834
"85125","SMALL ROUND CUT GLASS CANDLESTICK",760.39,161
"23524","WALL ART HORSE & PONY",760.32,225
"17084R","ASSORTED INCENSE PACK",760.32,4032
"21287","SCENTED VELVET LOUNGE CANDLE",760.15,1790
"10002","INFLATABLE POLITICAL GLOBE",759.89,860
"23123","COCKTAIL SWORDS 50 PIECES",759.57,935
"22753","SMALL YELLOW BABUSHKA NOTEBOOK",758.13,1010
"22454","MEASURING TAPE BABUSHKA RED",757.02,266
"22480","RED TEA TOWEL CLASSIC DESIGN",755.96,630
"84913B","MINT GREEN ROSE TOWEL",754.07,196
"22336","DOVE DECORATION PAINTED ZINC",754.03,2381
"23124","18PC WOODEN CUTLERY SET DISPOSABLE",751.38,567
"21383","PACK OF 12 STICKY BUNNIES",751.28,991
"20748","KENSINGTON COFFEE SET",751.17,57
"22523","CHILDS GARDEN FORK PINK",750.81,864
"23223","CHRISTMAS TREE HANGING SILVER",750.19,801
"21126","SET OF 6 GIRLS CELEBRATION CANDLES",748.95,592
"22495","SET OF 2 ROUND TINS CAMEMBERT",748.82,282
"84763","ZINC FINISH 15CM PLANTER POTS",748.34,601
"22322","BIRD DECORATION GREEN POLKADOT",747.81,820
"22481","BLACK TEA TOWEL CLASSIC DESIGN",747.3,825
"21215","IVORY PAPER CUP CAKE CASES",744.35,1087
"22258","FELT FARM ANIMAL RABBIT",743.89,912
"21643","ASSORTED TUTTI FRUTTI MIRROR",743.31,550
"23282","FOLDING BUTTERFLY MIRROR IVORY",742.92,794
"22316","200 BENDY SKULL STRAWS",742.37,660
"85212","MINI PAINTED GARDEN DECORATION",740.15,2451
"85032B","BLOSSOM IMAGES GIFT WRAP SET",739.99,786
"23114","VINTAGE LEAF CHOPPING BOARD",737.95,149
"21677","HEARTS  STICKERS",737.84,835
"22264","FELT FARM ANIMAL WHITE BUNNY",736.98,1561
"22393","PAPERWEIGHT VINTAGE COLLAGE",736.88,510
"20914","SET/5 RED SPOTTY LID GLASS BOWLS",734.4,288
"84660B","BLACK STITCHED WALL CLOCK",733.28,707
"23435","3 RAFFIA RIBBONS VINTAGE CHRISTMAS",732.42,824
"22097","SWALLOW SQUARE TISSUE BOX",732.39,1596
"22985","WRAP, BILLBOARD FONTS DESIGN",731.42,1951
"22250","DECORATION  BUTTERFLY  MAGIC GARDEN",730.95,819
"21398","RED POLKADOT COFFEE  MUG",729.6,1532
"22856","ASSORTED EASTER DECORATIONS  BELLS",729.57,569
"22400","MAGNETS PACK OF 4 HOME SWEET HOME",729.09,1393
"20996","JAZZ HEARTS ADDRESS BOOK",726.89,3191
"22684","FRENCH BLUE METAL DOOR SIGN 9",726.07,531
"84754","S/15 SILVER GLASS BAUBLES IN BAG",725.52,558
"21883","STARS GIFT TAPE",725.42,1653
"90200D","PINK SWEETHEART BRACELET",725.32,175
"85131D","BEADED CRYSTAL HEART PINK ON STICK",725.26,850
"23562","SET OF 6 RIBBONS PERFECTLY PRETTY",724.59,251
"22821","GIFT BAG PSYCHEDELIC APPLES",722.67,1171
"72803A","ROSE SCENT CANDLE JEWELLED DRAWER",722.47,529
"46775D","SUNSET COLOUR CHUNKY KNITTED THROW",720.93,60
"79067","CORONA MEXICAN TRAY",719.69,172
"21822","GLITTER CHRISTMAS TREE WITH BELLS",719.3,698
"85032C","CURIOUS IMAGES GIFT WRAP SET",718.54,683
"23222","CHRISTMAS TREE HANGING GOLD",718.53,799
"21630","FLOOR CUSHION ELEPHANT CARNIVAL",718.14,69
"22718","CARD CAT AND TREE",717.23,1633
"21775","DECORATIVE FLORE BATHROOM BOTTLE",716.86,515
"22201","FRYING PAN BLUE POLKADOT",716.8,193
"85036A","GARDENIA 1 WICK MORRIS BOXED CANDLE",714.35,211
"22026","BANQUET BIRTHDAY  CARD",712.08,1644
"23042","PAPER LANTERN 7 POINT SNOW STAR",711.51,103
"84817","DANISH ROSE DECORATIVE PLATE",710.64,951
"84581","DOG TOY WITH PINK CROCHET SKIRT",709.71,187
"20866","BLUE ROSE FABRIC MIRROR",709.7,597
"23070","EDWARDIAN HEART PHOTO FRAME",709.54,160
"21289","LARGE STRIPES CHOCOLATE GIFT BAG",708.75,567
"21143","ANTIQUE GLASS HEART DECORATION",707.23,327
"21636","MADRAS NOTEBOOK MEDIUM",705.16,913
"22514","CHILDS GARDEN SPADE BLUE",704.45,302
"22981","PANTRY APPLE CORER",704.13,471
"21356","TOAST ITS - FAIRY FLOWER",703.3,642
"21739","COSY SLIPPER SHOES SMALL GREEN",703.08,254
"21106","CREAM SLICE FLANNEL CHOCOLATE SPOT",702.51,237
"21476","STEEL SWEETHEART ROUND TABLE CREAM",699.63,41
"21208","PASTEL COLOUR HONEYCOMB FAN",697.77,940
"20704","MR ROBOT SOFT TOY",697.7,216
"79164","BLACK WINE GLASS",697.62,1666
"85078","SCANDINAVIAN 3 HEARTS NAPKIN RING",696.8,1932
"16235","RECYCLED PENCIL WITH RABBIT ERASER",695.4,3068
"84707A","SILVER JEWELLED MIRROR TRINKET TRAY",695.23,95
"23187","FRENCH STYLE STORAGE JAR BONBONS",695.06,2338
"85049D","BRIGHT BLUES RIBBONS",694.99,547
"21066","VINTAGE RED MUG",693.47,702
"84660C","PINK STITCHED WALL CLOCK",693.32,661
"21650","ASSORTED TUTTI FRUTTI BRACELET",692.85,2550
"35923","CANDY HEART HANGING DECORATION",690.52,1318
"16225","RATTLE SNAKE EGGS",689.35,813
"79066K","RETRO MOD TRAY",689.34,783
"22403","MAGNETS PACK OF 4 VINTAGE LABELS",689.28,1322
"22324","BLUE POLKADOT KIDS BAG",688.3,286
"20902","VINTAGE KEEPSAKE BOX PARIS DAYS",686.86,112
"85071B","RED CHARLIE+LOLA PERSONAL DOORSIGN",684.62,1290
"21317","GLASS SPHERE CANDLE STAND MEDIUM",684.08,111
"22339","CHRISTMAS TREE PAINTED ZINC",683.31,2468
"85019B","BLOSSOM  IMAGES NOTEBOOK SET",682.97,512
"23120","PACK OF 6 SMALL FRUIT STRAWS",682.39,1685
"23325","RUSTIC STRAWBERRY JAM POT SMALL",681.54,426
"21163","DO NOT TOUCH MY STUFF DOOR HANGER",680.55,1196
"46776B","WOVEN BERRIES CUSHION COVER",679.67,161
"22136","LOVE HEART SOCK HANGER",679.28,378
"23597","PAPER BUNTING PAISLEY PARK",679.07,249
"22062","CERAMIC BOWL WITH LOVE HEART DESIGN",677.86,583
"35001G","HAND OPEN SHAPE GOLD",677.34,198
"21205","MULTICOLOUR 3D BALLS GARLAND",677.19,253
"22806","SET OF 6 T-LIGHTS WEDDING CAKE",677.04,260
"84659A","WHITE TRAVEL ALARM CLOCK",676.27,280
"23428","IVORY RETRO KITCHEN WALL CLOCK",675.91,77
"40001","WHITE BAMBOO RIBS LAMPSHADE",675.23,821
"22999","TRAVEL CARD WALLET RETRO PETALS",674.11,1544
"22267","EASTER DECORATION EGG BUNNY",673.17,836
"21351","CINAMMON & ORANGE WREATH",672.88,104
"21696","SMALL SILVER TRELLIS CANDLEPOT",672.4,224
"47591d","PINK FAIRY CAKE CHILDRENS APRON",672.24,134
"21261","GREEN GOOSE FEATHER CHRISTMAS TREE",672.09,187
"21629","SQUARE FLOOR CUSHION VINTAGE RED",672.05,71
"84923","PINK BUTTERFLY HANDBAG W BOBBLES",671.62,162
"22618","COOKING SET RETROSPOT",671.53,69
"22535","MAGIC DRAWING SLATE BUNNIES",669.75,1763
"22204","MILK PAN BLUE POLKADOT",669.54,197
"22057","CERAMIC PLATE STRAWBERRY DESIGN",667.92,584
"23024","LARGE BONNE JAM JAR  T-LIGHT HOLDER",667.85,255
"47574A","ENGLISH ROSE SCENTED HANGING FLOWER",665.2,548
"85199L","LARGE HANGING IVORY & RED WOOD BIRD",663.43,977
"37475","SET/4 COLOURFUL MIXING BOWLS",661.98,70
"21613","S/12 VANILLA  BOTANICAL T-LIGHTS",661.93,227
"23547","WRAP FLOWER SHOP",661.5,1575
"23482","PEARLISED IVORY HEART LARGE",661.02,418
"22615","PACK OF 12 CIRCUS PARADE TISSUES",660.15,2073
"18098C","PORCELAIN BUTTERFLY OIL BURNER",658.75,213
"72349b","SET/6 PURPLE BUTTERFLY T-LIGHTS",658.51,159
"22450","SILK PURSE BABUSHKA BLUE",657.76,194
"22756","LARGE YELLOW BABUSHKA NOTEBOOK",656.52,599
"22448","PIN CUSHION BABUSHKA RED",656.43,201
"20767","BLUE PAISLEY JOURNAL",656.06,250
"20658","RED RETROSPOT LUGGAGE TAG",652.11,433
"46776A","WOVEN BUBBLE GUM CUSHION COVER",651.95,155
"23224","CHERUB HEART DECORATION GOLD",649.02,738
"22525","CHILDRENS GARDEN GLOVES PINK",648.97,489
"21187","WHITE BELL HONEYCOMB PAPER GARLAND",648.45,369
"22715","CARD WEDDING DAY",645.64,1543
"21747","SMALL SKULL WINDMILL",645.61,485
"23408","PHOTO FRAME LINEN AND LACE SMALL",644.8,310
"22533","MAGIC DRAWING SLATE BAKE A CAKE",644.39,1782
"85177","BASKET OF FLOWERS SEWING KIT",644.21,812
"22389","PAPERWEIGHT SAVE THE PLANET",641.55,338
"84789","ENCHANTED BIRD PLANT CAGE",640.72,186
"35810A","ENAMEL PINK COFFEE CONTAINER",640.09,633
"84800L","LARGE WHITE/PINK ROSE ART FLOWER",639.36,360
"22067","CHOC TRUFFLE GOLD TRINKET POT",638.62,408
"21808","CHRISTMAS GARLAND STARS,TREES",637.83,180
"84929","ASSTD FRUIT+FLOWERS FRIDGE MAGNETS",637.56,2412
"23492","VINTAGE JINGLE BELLS WREATH",635.38,76
"23298","BUNTING , SPOTTY",634.7,146
"21054","NURSE'S BAG SOFT TOY",634.53,70
"21640","ASSORTED TUTTI FRUTTI  FOB NOTEBOOK",633.83,650
"21784","SHOE SHINE BOX",633.07,57
"17021","NAMASTE SWAGAT INCENSE",632.34,2391
"20840","FRENCH FLORAL CUSHION COVER",632.32,533
"21446","12 RED ROSE PEG PLACE SETTINGS",630.92,449
"23216","LAUREL HEART ANTIQUE GOLD",630.73,525
"22396","MAGNETS PACK OF 4 RETRO PHOTO",630.37,1226
"72232","FENG SHUI PILLAR CANDLE",630.23,3317
"21417","COCKLE SHELL DISH",629.8,340
"84596L","BISCUITS SMALL BOWL LIGHT BLUE",629.38,1254
"23019","SMALL APOTHECARY MEASURING JAR",629.05,81
"20932","PINK POT PLANT CANDLE",628.79,204
"23027","DRAWER KNOB VINTAGE GLASS HEXAGON",627.95,295
"79163","BLACK CHAMPAGNE GLASS",626.55,1529
"22559","SEASIDE FLYING DISC",626.53,505
"20735","BLACK MINI TAPE MEASURE",625.8,623
"22194","BLACK DINER WALL CLOCK",625.69,66
"84665","SQUARE CHERRY BLOSSOM CABINET",624.75,105
"21426","WOODLAND STORAGE BOX SMALL",624.58,256
"84086C","PINK/PURPLE RETRO RADIO",622.27,218
"22520","CHILDS GARDEN TROWEL BLUE",622.1,719
"22129","PARTY CONES CANDY DECORATION",621.96,454
"22269","EGG CUP NATURAL CHICKEN",621.49,932
"23425","STORAGE TIN HOME SWEET HOME",621.44,275
"20772","GARDEN PATH JOURNAL",621.19,247
"23180","MUM'S KITCHEN CLOCK",621.09,122
"22116","METAL SIGN HIS DINNER IS SERVED",620.42,575
"85141","JARDIN ETCHED GLASS FRUITBOWL",619.94,120
"84637","KITCHEN FLOWER POTS WALL PLAQUE",619.59,116
"21865","PINK UNION JACK  PASSPORT COVER",618.93,271
"21473","SWEETHEART CREAM STEEL TABLE RECT",618.66,27
"23528","WALL ART SPACEBOY",618.59,173
"22035","VINTAGE CARAVAN GREETING CARD",617.32,1452
"22953","BIRTHDAY PARTY CORDON BARRIER TAPE",617.11,478
"22288","HANGING METAL RABBIT DECORATION",616.95,474
"23471","SIX DRAWER OFFICE TIDY",616.79,65
"23453","OVAL  MINI PORTRAIT FRAME",615.98,316
"21171","BATHROOM METAL SIGN",613.14,438
"23018","LARGE APOTHECARY MEASURING JAR",612.16,51
"21684","SMALL MEDINA STAMPED METAL BOWL",612.1,771
"22420","LIPSTICK PEN BABY PINK",611.3,1333
"22021","BLUE FELT EASTER EGG BASKET",610.45,365
"23454","THREE MINI HANGING FRAMES",610,142
"20893","HANGING BAUBLE T-LIGHT HOLDER SMALL",609.02,268
"22515","CHILDS GARDEN SPADE PINK",608.95,266
"85170C","SET/6 EAU DE NIL BIRD T-LIGHTS",608.53,335
"21769","VINTAGE POST OFFICE CABINET",607.65,11
"21709","FOLDING UMBRELLA CHOCOLATE POLKADOT",607.23,133
"22233","JIGSAW RABBIT AND BIRDHOUSE",607.14,596
"72598","SET/12 TAPER CANDLES",605.89,607
"22595","CHRISTMAS GINGHAM HEART",605.8,649
"22359","GLASS JAR KINGS CHOICE",605.77,183
"84625A","PINK NEW BAROQUECANDLESTICK CANDLE",605.48,478
"22129","PARTY CONES CANDY TREE DECORATION",604.46,734
"22232","JIGSAW TOADSTOOLS 3 PIECE",604.46,690
"20764","ABSTRACT CIRCLES SKETCHBOOK",603.31,142
"22255","FELT TOADSTOOL  SMALL",602.63,629
"21159","MOODY BOY  DOOR HANGER",601.79,1126
"35971","ROSE FOLKART HEART DECORATIONS",600.93,462
"23520","EMBROIDERED RIBBON REEL RUBY",600.55,167
"85017B","ENVELOPE 50 BLOSSOM IMAGES",600.29,1077
"21014","SWISS CHALET TREE DECORATION",598.82,1385
"22642","SET OF 4 NAPKIN CHARMS STARS",596.36,269
"17012B","ORIGAMI JASMINE INCENSE/CANDLE SET",595.85,525
"22266","EASTER DECORATION HANGING BUNNY",595.85,1887
"21292","SMALL STRIPES CHOCOLATE GIFT BAG",594.51,867
"21448","12 DAISY PEGS IN WOOD BOX",592.62,344
"23377","PACK OF 12 DOLLY GIRL TISSUES",592.45,1351
"22247","BUNNY DECORATION MAGIC GARDEN",591.44,668
"21581","SKULLS  DESIGN  COTTON TOTE BAG",590.67,252
"21253","SET OF PICTURE FRAME  STICKERS",590.42,134
"21015","DARK BIRD HOUSE TREE DECORATION",589.55,1483
"85180B","PINK HEARTS LIGHT CHAIN",587.2,271
"23565","EGG CUP MILKMAID HELGA",586.31,410
"23499","SET 12 VINTAGE DOILY CHALK",586.23,1312
"21576","LETS GO SHOPPING COTTON TOTE BAG",585.34,252
"22825","DECORATIVE PLANT POT WITH FRIEZE",584.37,73
"22096","PINK PAISLEY SQUARE TISSUE BOX",584.09,1366
"22703","PINK CAT BOWL",583.33,360
"85071A","BLUE CHARLIE+LOLA PERSONAL DOORSIGN",583.23,1041
"82001s","SILVER RECORD COVER FRAME",581.88,78
"85036B","CHOCOLATE 1 WICK MORRIS BOX CANDLE",581.43,361
"22785","SQUARECUSHION COVER PINK UNION JACK",581.23,173
"21096","SET/6 FRUIT SALAD  PAPER PLATES",581.09,1259
"22999","TRAVEL CARD WALLET VINTAGE LEAF",578.48,1350
"23324","RUSTIC STRAWBERRY JAM POT LARGE",577.48,279
"22260","FELT EGG COSY BLUE RABBIT",577.44,552
"84352","SILVER CHRISTMAS TREE BAUBLE STAND",577.35,34
"85144","JARDIN ETCHED GLASS CHEESE DISH",575.45,219
"22820","GIFT BAG BIRTHDAY",575.42,940
"23016","GLASS TWIST BON BON JAR",575.25,74
"23125","6PC WOOD PLATE SET DISPOSABLE",574.88,459
"22337","ANGEL DECORATION PAINTED ZINC",574.54,912
"20702","PINK PADDED MOBILE",573.54,134
"20832","RED FLOCK LOVE HEART PHOTO FRAME",572.67,1067
"85136A","YELLOW SHARK HELICOPTER",572.41,71
"22319","HAIRCLIPS FORTIES FABRIC ASSORTED",572.26,1322
"21468","BUTTERFLY CROCHET FOOD COVER",572.23,148
"21264","WHITE GOOSE FEATHER TREE 60CM",571.65,283
"21277","FRENCH STYLE EMBOSSED HEART CABINET",571.43,26
"84748","FOLK FELT HANGING MULTICOL GARLAND",570.86,204
"85172","HYACINTH BULB T-LIGHT CANDLES",569.68,1314
"85130D","BEADED CRYSTAL HEART PINK LARGE",569.29,565
"21251","DINOSAUR HEIGHT CHART STICKER SET",568.98,182
"85161","ACRYLIC GEOMETRIC LAMP",568.65,35
"23219","LAUREL STAR ANTIQUE SILVER",568.6,430
"21675","BUTTERFLIES STICKERS",568.26,628
"84796A","PINK HAWAIIAN PICNIC HAMPER FOR 2",568.13,61
"21488","RED WHITE SCARF  HOT WATER BOTTLE",566.17,69
"22482","BLUE TEA TOWEL CLASSIC DESIGN",565.86,478
"21899","GARAGE KEY FOB",565.81,777
"22272","FELTCRAFT DOLL MARIA",564.92,196
"85019A","ROMANTIC IMAGES NOTEBOOK SET",564.35,414
"23381","PACK OF 12 VINTAGE LEAF TISSUES",562.88,1496
"23272","TREE T-LIGHT HOLDER WILLIE WINKIE",562.22,364
"21219","SET/4 BADGES BALLOON GIRL",561.84,448
"85032D","YULETIDE IMAGES GIFT WRAP SET",561.34,687
"23413","VINTAGE COFFEE GRINDER BOX",561.23,109
"84569D","PACK 6 HEART/ICE-CREAM PATCHES",560.62,467
"84912A","PINK ROSE WASHBAG",560.62,156
"85016","SET OF 6 VINTAGE NOTELETS KIT",560.11,563
"85163A","WHITE BAROQUE WALL CLOCK",559,66
"71279","PINK GLASS CANDLEHOLDER",558.37,175
"90062","CARNIVAL BRACELET",558.03,44
"21662","VINTAGE GLASS COFFEE CADDY",557.3,86
"85187","S/12 MINI RABBIT EASTER",556.53,337
"23069","EDWARDIAN PHOTO FRAME",556.21,88
"23451","SQUARE MINI PORTRAIT FRAME",556.17,277
"21194","PINK  HONEYCOMB PAPER FAN",555.97,498
"85025B","EAU DE NILE HEART SHAPE PHOTO FRAME",555.12,329
"84951B","SET OF 4 BLACK LOVEBIRD COASTERS",554.78,451
"17129F","BLUE GLASS GEMS IN BAG",553.83,588
"35599D","PINK AND WHITE CHRISTMAS TREE 120CM",553.07,201
"84951A","SET OF 4 PISTACHIO LOVEBIRD COASTER",553.01,475
"23473","WOODLAND SMALL RED FELT HEART",552.02,678
"47563A","RETRO LONGBOARD IRONING BOARD COVER",551.51,285
"79030G","TUMBLER NEW ENGLAND",551.19,1261
"35599B","BLACK CHRISTMAS TREE 120CM",551.13,217
"35965","FOLKART HEART NAPKIN RINGS",551.13,366
"22903","CALENDAR FAMILY FAVOURITES",550.6,193
"21397","BLUE POLKADOT EGG CUP",550.43,1075
"23456","MEDIUM PARLOUR PICTURE FRAME",550,136
"21849","SILVER DIAMANTE PEN IN GIFT BOX",548.93,173
"22584","PACK OF 6 PANETTONE GIFT BOXES",548.63,233
"23549","WRAP BIRD GARDEN",548.1,1305
"21638","ASSORTED TUTTI FRUTTI NOTEBOOK",547.76,247
"23074","EMBOSSED HEART TRINKET BOX",547.27,246
"17012D","ORIGAMI ROSE INCENSE/CANDLE SET",547.24,461
"21128","GOLD FISHING GNOME",546.6,68
"84598","BOYS ALPHABET IRON ON PATCHES",546.04,1975
"85184C","SET 4 VALENTINE DECOUPAGE HEART BOX",545.75,169
"22261","FELT EGG COSY WHITE RABBIT",544.71,579
"85107","CUT GLASS T-LIGHT HOLDER OCTAGON",541.39,249
"22513","DOORSTOP FOOTBALL DESIGN",539.9,152
"22023","EMPIRE BIRTHDAY CARD",538.72,1206
"84625C","BLUE NEW BAROQUE CANDLESTICK CANDLE",536.41,449
"22717","CARD DOG AND BALL",535.78,1229
"23398","HANGING HEART BONHEUR",535.35,606
"22496","SET OF 2 ROUND TINS DUTCH CHEESE",535.11,253
"85088","CANDY SPOT HAND BAG",534.83,259
"23660","HENRIETTA HEN MUG",534.66,306
"85114c","RED ENCHANTED FOREST PLACEMAT",534.66,162
"82613D","METAL SIGN CUPCAKE SINGLE HOOK",534.24,696
"22543","MINI JIGSAW BAKE A CAKE",530.8,1453
"17012F","ORIGAMI SANDLEWOOD INCENSE/CAND SET",530.6,448
"35241","ENAMEL BLUE RIM BISCUIT BIN",530.49,103
"21801","CHRISTMAS TREE DECORATION WITH BELL",530.26,1251
"21270","ANTIQUE CREAM CUTLERY CUPBOARD",530.19,50
"75131","METAL TUBE CHIME ON BAMBOO",529.21,490
"23139","SINGLE WIRE HOOK PINK HEART",528.7,414
"22709","WRAP WEDDING DAY",528.5,1325
"21059","PARTY INVITES DINOSAURS",528.23,611
"23060","HEART BEADED TRELLIS DECORATION",528.17,249
"22707","WRAP MONSTER FUN",527.94,1257
"22275","WEEKEND BAG VINTAGE ROSE PAISLEY",527.85,69
"85104","SILVER GLASS T-LIGHT SET",525.75,201
"22521","CHILDS GARDEN TROWEL PINK",525.51,609
"22248","DECORATION  PINK CHICK MAGIC GARDEN",525.09,593
"85135B","BLUE DRAGONFLY HELICOPTER",524.55,65
"20785","FUSCHIA RETRO BAR STOOL",523.3,14
"22861","EASTER TIN CHICKS IN GARDEN",522.93,305
"23537","WALL ART I LOVE LONDON",521.73,99
"85131B","BEADED CRYSTAL HEART GREEN ON STICK",521.11,623
"85025C","PINK HEART SHAPE PHOTO FRAME",520.91,321
"84816","DANISH ROSE BEDSIDE CABINET",519.35,13
"23336","EGG FRYING PAN PINK",519.25,225
"84313B","BLUE TV TRAY TABLE",518.61,127
"22286","DECORATION , WOBBLY RABBIT , METAL",518.03,293
"21455","PAINTED YELLOW WOODEN DAISY",516.79,612
"21711","FOLDING UMBRELLA WHITE/RED POLKADOT",513.02,104
"22216","T-LIGHT HOLDER WHITE LACE",512.93,588
"23136","IVORY WIRE SWEETHEART LETTER TRAY",511.89,135
"21926","RED/CREAM STRIPE CUSHION COVER",509.9,414
"22280","POCKET BAG PINK PAISELY BROWN SPOT",509.59,468
"72819","CUPID DESIGN SCENTED CANDLES",509.07,225
"84520B","PACK 20 ENGLISH ROSE PAPER NAPKINS",508.37,554
"20681","PINK POLKADOT CHILDRENS UMBRELLA",506.96,140
"22785","SQUARECUSHION COVER PINK UNION FLAG",506.34,72
"23043","PAPER LANTERN 9 POINT HOLLY STAR L",506.01,75
"20761","BLUE PAISLEY SKETCHBOOK",505.97,120
"20998","ROSE DU SUD OVEN GLOVE",505.2,185
"22127","PARTY CONES CARNIVAL ASSORTED",504.88,404
"21654","RIDGED GLASS FINGER BOWL",504.68,974
"23527","WALL ART ANIMALS AND NATURE",504.59,153
"22286","DECORATION WOBBLY RABBIT METAL",504.46,830
"84687","BEACH HUT SHELF W 3 DRAWERS",504.43,81
"84616","SILVER ROCCOCO CHANDELIER",504.32,14
"21067","VINTAGE RED TEATIME MUG",504.15,317
"21925","UNION STRIPE CUSHION COVER",503.75,403
"82616B","FRAPPUCINO SCARF KNITTING KIT",502.74,343
"21710","FOLDING UMBRELLA PINKWHITE POLKADOT",501.98,107
"82616C","MIDNIGHT GLAMOUR SCARF KNITTING KIT",501.44,324
"85231G","ORANGE SCENTED SET/9 T-LIGHTS",501.27,594
"23117","POPPY FIELDS CHOPPING BOARD",501.23,93
"22181","SNOWSTORM PHOTO FRAME FRIDGE MAGNET",500.91,591
"23021","GLASS BONNE JAM JAR",500.82,120
"82613B","METAL SIGN,CUPCAKE SINGLE HOOK",500.24,583
"23560","SET OF 6 RIBBONS COUNTRY STYLE",499.18,172
"21972","SET OF 36 DINOSAUR PAPER DOILIES",499.08,335
"84509C","SET OF 4 POLKADOT PLACEMATS",498.94,130
"22050","PINK PAISLEY ROSE GIFT WRAP",498.5,1225
"84970s","HANGING HEART ZINC T-LIGHT HOLDER",496.49,238
"22511","RETROSPOT BABUSHKA DOORSTOP",495.2,251
"22516","CHILDS GARDEN RAKE BLUE",494.89,206
"20766","GARDEN PATH SKETCHBOOK",493.57,122
"21358","TOAST ITS - HAPPY BIRTHDAY",493.29,411
"35598D","PINK/WHITE CHRISTMAS TREE 60CM",493.01,684
"46776C","WOVEN FROST CUSHION COVER",492.79,117
"21632","VINTAGE PINK DECORATIVE PARASOL",489.74,88
"85194S","HANGING SPRING FLOWER EGG SMALL",489.17,1197
"21850","BLUE  DIAMANTE PEN IN GIFT BOX",488.13,129
"35809A","ENAMEL PINK TEA CONTAINER",488.06,420
"21202","DOLLY HONEYCOMB GARLAND",485.46,474
"21454","PAINTED PINK RABBIT",485.16,572
"84820","DANISH ROSE TRINKET TRAYS",483.05,259
"23218","LAUREL STAR ANTIQUE GOLD",483.03,379
"21634","ASSORTED MINI MADRAS NOTEBOOK",481.95,976
"22638","SET OF 4 NAPKIN CHARMS CROWNS",481.88,300
"17012C","ORIGAMI LAVENDER INCENSE/CANDL SET",481.8,420
"22230","JIGSAW TREE WITH WATERING CAN",480.63,1047
"90209C","PINK ENAMEL+GLASS HAIR COMB",480.5,263
"21867","PINK UNION JACK  LUGGAGE TAG",480.25,348
"21741","COSY SLIPPER SHOES LARGE GREEN",480.17,147
"23169","CLASSIC GLASS SWEET JAR",479.45,119
"84849B","FAIRY SOAP SOAP HOLDER",478.83,266
"23422","PANTRY HOOK BALLOON WHISK",477.89,213
"85049F","BABY BOOM RIBBONS",477.34,378
"21472","LADYBIRD + BEE RAFFIA FOOD COVER",476.41,123
"20803","SMALL PINK GLASS SUNDAE DISH",476.38,939
"23561","SET OF 6 RIBBONS PARTY",476,170
"21587","COSY HOUR GIANT TUBE MATCHES",475.65,195
"85093","CANDY SPOT EGG WARMER HARE",475.18,708
"21507","ELEPHANT BIRTHDAY CARD",474.78,1110
"22184","CAKE STAND VICTORIAN FILIGREE LARGE",471.86,56
"21366","MIRRORED WALL ART PHOTO FRAMES",470.17,89
"23521","WALL ART CAT AND BIRD",469.73,143
"20716","PARTY FOOD SHOPPER BAG",469.63,400
"20707","CRAZY DAISY HEART DECORATION",468.39,464
"20615","BLUE POLKADOT PASSPORT COVER",466.99,309
"84674","FLYING PIG WATERING CAN",466.95,193
"20831","GOLD PHOTO FRAME",466.53,216
"84917","WHITE HAND TOWEL WITH BUTTERFLY",466.3,184
"22647","CERAMIC LOVE HEART MONEY BANK",466.18,732
"23379","PACK OF 12 RED APPLE TISSUES",465.36,1220
"21374","MIRRORED WALL ART SKULLS",463.79,304
"23455","SMALL PARLOUR PICTURE FRAME",462.45,165
"20838","FRENCH LATTICE CUSHION COVER",461.45,385
"35598B","BLACK CHRISTMAS TREE 60CM",460.64,558
"21003","ROSE DU SUD CUSHION COVER",460.58,78
"23691","WRAP KEEP CALM BIRTHDAY",460.5,1125
"22344","PARTY PIZZA DISH PINK POLKADOT",459.81,1225
"21063","PARTY INVITES JAZZ HEARTS",458.31,528
"21062","PARTY INVITES SPACEMAN",457.38,538
"23045","PAPER LANTERN 5 POINT STAR MOON",456.48,108
"17096","ASSORTED LAQUERED INCENSE HOLDERS",455.98,2545
"21851","LILAC DIAMANTE PEN IN GIFT BOX",454.99,141
"35004G","SET OF 3 GOLD FLYING DUCKS",454.65,127
"84916","HAND TOWEL PALE BLUE W FLOWERS",453.39,223
"85169C","EAU DE NIL LOVE BIRD CANDLE",452.86,429
"22268","EASTER DECORATION SITTING BUNNY",452.8,529
"22813","PACK 3 BOXES BIRD PANETTONE",451.84,204
"21061","PARTY INVITES FOOTBALL",451.7,488
"21641","ASSORTED TUTTI FRUTTI KEYRING BALL",451.59,1153
"23548","WRAP MAGIC FOREST",451.5,1075
"23509","MINI PLAYING CARDS FUN FAIR",451.46,1062
"48189","DOORMAT FRIENDSHIP",451.11,27
"84872A","TEATIME FUNKY FLOWER BACKPACK FOR 2",450.08,40
"22517","CHILDS GARDEN RAKE PINK",447.63,199
"20669","RED HEART LUGGAGE TAG",447.34,304
"20770","ABSTRACT CIRCLE JOURNAL",447.25,184
"21365","MIRRORED WALL ART STARS",447.09,363
"84600","NEW BAROQUE JEWELLERY BOX",446.89,53
"22640","SET OF 4 NAPKIN CHARMS 3 KEYS",446.84,237
"22486","PLASMATRONIC LAMP",446.45,71
"84920","PINK FLOWER FABRIC PONY",446.23,115
"22598","CHRISTMAS MUSICAL ZINC TREE",446.2,990
"84976","RECTANGULAR SHAPED MIRROR",446.15,512
"21415","CLAM SHELL SMALL",446.02,219
"21220","SET/4 BADGES DOGS",445.01,338
"21656","RIDGED GLASS POSY VASE",444.58,219
"21580","RABBIT  DESIGN  COTTON TOTE BAG",444.07,181
"82613C","METAL SIGN,CUPCAKE SINGLE HOOK",443.38,537
"20903","VINTAGE KEEPSAKE BOX TRAVELOGUE",441.89,82
"22643","SET OF 4 NAPKIN CHARMS LEAVES",441.83,238
"35637A","IVORY STRING CURTAIN WITH POLE",440.62,170
"22390","PAPERWEIGHT CHILDHOOD MEMORIES",440.34,266
"20619","TROPICAL PASSPORT COVER",439.65,262
"20768","GREEN FERN JOURNAL",438.57,176
"23023","RIDGED BONNE JAM JAR T-LIGHT HOLDER",437.82,274
"85111","SILVER GLITTER FLOWER VOTIVE HOLDER",437.59,1409
"85130C","BEADED CRYSTAL HEART BLUE  LARGE",437.22,482
"21828","EIGHT PIECE SNAKE  SET",435.79,330
"22545","MINI JIGSAW BUNNIES",435.67,1142
"84360","TABLE LAMP WHITE SHADE WOOD BASE",434.12,78
"35653","VINTAGE BEAD NOTEBOOK",433.19,150
"85168B","BLACK BAROQUE CARRIAGE CLOCK",432.79,51
"22229","BUNNY WOODEN PAINTED WITH FLOWER",432.46,568
"23058","CHRISTMAS HANGING SNOWFLAKE",430.86,490
"20705","MRS ROBOT SOFT TOY",428.85,143
"21002","ROSE DU SUD DRAWSTRING BAG",428.66,125
"21088","SET/6 FRUIT SALAD PAPER CUPS",428.28,1678
"85071C","CHARLIE+LOLA""EXTREMELY BUSY"" SIGN",428,683
"21758","VINTAGE SHELLS PRINT",427.46,50
"23457","LARGE PARLOUR PICTURE FRAME",427.03,85
"77101A","UNION FLAG WINDSOCK",426.94,387
"23522","DOG AND BALL WALL ART",425.88,252
"20934","SET/3 POT PLANT CANDLES",424.46,68
"84931B","BLUE SCOTTIE DOG W FLOWER PATTERN",424.08,177
"90200E","GREEN SWEETHEART BRACELET",423.41,103
"21318","GLASS CHALICE BLUE SMALL",421.78,694
"90154","LAZER CUT NECKLACE W PASTEL BEADS",421.75,57
"85136C","RED SHARK HELICOPTER",421.18,52
"72799F","IVORY PILLAR CANDLE GOLD FLOCK",421.13,144
"20762","GREEN FERN SKETCHBOOK",420.08,106
"21129","SILVER FISHING GNOME",419.52,52
"84970l","SINGLE HEART ZINC T-LIGHT HOLDER",418.98,201
"90114","SUMMER DAISIES BAG CHARM",417.96,167
"85208","SET/12 FUNKY FELT FLOWER PEG IN BAG",416.91,223
"22214","CANDLE PLATE LACE WHITE",416.6,193
"20765","CHRYSANTHEMUM SKETCHBOOK",416.05,102
"21147","JINGLE BELLS TREE DECORATION",415.77,203
"22405","MONEY BOX POCKET MONEY DESIGN",415.36,372
"22108","PING! MICROWAVE PLATE",415.09,152
"21285","RETROSPOT CANDLE  MEDIUM",413.88,365
"21884","CAKES AND BOWS GIFT  TAPE",413.76,1166
"90161C","ANT COPPER LIME BOUDICCA BRACELET",412.74,83
"23459","DOLLY CABINET 2 DRAWERS",412.5,33
"15056p","EDWARDIAN PARASOL PINK",412.48,33
"84658","WHITE STITCHED CUSHION COVER",412.23,57
"23415","HOME SWEET HOME HOOK",412.18,328
"84596E","SMALL LICORICE DES PINK BOWL",411.68,564
"84806B","WHITE CANDYSTUFT ARTIFICIAL FLOWER",411.56,308
"21817","GLITTER CHRISTMAS TREE",410.91,906
"22447","PIN CUSHION BABUSHKA BLUE",410.81,137
"20830","SILVER PHOTO FRAME",409.83,136
"21579","LOLITA  DESIGN  COTTON TOTE BAG",409.72,176
"22051","BLUE SCANDINAVIAN PAISLEY WRAP",409.5,975
"85203","HANGING WOOD AND FELT BUTTERFLY",408.99,895
"16219","HOUSE SHAPE PENCIL SHARPENER",407.72,3048
"84821","DANISH ROSE DELUXE COASTER",407.15,935
"35964","FOLKART CLIP ON STARS",404.08,783
"22406","MONEY BOX KINGS CHOICE DESIGN",403.46,346
"22510","GINGHAM BABUSHKA DOORSTOP",402.74,210
"22134","MINI LADLE LOVE HEART RED",401.18,865
"23339","EGG FRYING PAN BLUE",400.84,173
"23576","SNACK TRAY RED VINTAGE DOILY",400.04,198
"23429","RED RETRO KITCHEN WALL CLOCK",400.01,47
"23039","T-LIGHT HOLDER SILVER HEART HANDLE",399.71,199
"22345","PARTY PIZZA DISH BLUE POLKADOT",399.05,1117
"23466","TUSCAN VILLA DOVECOTE BIRD FEEDER",399.03,43
"37476","CONDIMENT TRAY 4 BOWLS AND 4 SPOONS",399.02,37
"21131","GOLD STANDING GNOME",398.02,106
"22287","DECORATION , WOBBLY CHICKEN, METAL",397.72,234
"18007","ESSENTIAL BALM 3.5g TIN IN ENVELOPE",395.61,5884
"23484","HEART TRELLIS TRIPLE T-LIGHT HOLDER",395.11,129
"23661","MILK MAIDS MUG",393.59,219
"22048","BIRTHDAY BANQUET GIFT WRAP",393.5,975
"20867","PINK ROSE FABRIC MIRROR",393.47,331
"47421","ASSORTED COLOUR LIZARD SUCTION HOOK",393,994
"90200B","BLACK SWEETHEART BRACELET",392.83,93
"23150","IVORY SWEETHEART SOAP DISH",390.75,148
"85232A","SET/3 POLKADOT STACKING TINS",389.55,78
"84826","ASSTD DESIGN 3D PAPER STICKERS",389.38,1162
"21373","MIRRORED WALL ART SNOWFLAKES",389.04,512
"23337","EGG FRYING PAN MINT",388.75,180
"35095A","BLUE VICTORIAN FABRIC OVAL BOX",388.57,925
"84974","S/2 ZINC HEART DESIGN PLANTERS",388.05,39
"22256","FELT FARM ANIMAL CHICKEN",387.9,286
"23103","BELL HEART DECORATION",387,252
"21879","HEARTS GIFT TAPE",385.47,1176
"21881","CUTE CATS TAPE",383.11,1102
"20854","BLUE PATCH PURSE PINK HEART",383.02,242
"21197","MULTICOLOUR  CONFETTI IN TUBE",382.96,284
"23116","VEGETABLE GARDEN CHOPPING BOARD",382.44,76
"84919","BLUE CUSHION COVER WITH FLOWER",381.78,58
"71053","WHITE MOROCCAN METAL LANTERN",381.55,69
"22346","PARTY PIZZA DISH GREEN POLKADOT",381.09,1034
"85179A","GREEN BITTY LIGHT CHAIN",380.79,193
"21562","HAWAIIAN GRASS SKIRT",380.36,324
"16045","POPART WOODEN PENCILS ASST",380,8900
"46776D","WOVEN SUNSET CUSHION COVER",378.29,89
"90161B","ANT COPPER TURQ BOUDICCA BRACELET",377.88,76
"21243","PINK POLKADOT PLATE",377.56,220
"21051","RIBBONS PURSE",377.2,192
"90160C","TURQ+RED BOUDICCA LARGE BRACELET",377.04,54
"47367B","PAIR PADDED HANGERS PINK CHECK",376.27,112
"17012A","ORIGAMI VANILLA INCENSE/CANDLE SET",375.93,323
"84559A","3D SHEET OF DOG STICKERS",375.61,397
"23396","LA JARDIN BOTANIQUE CUSHION COVER",375.53,87
"21635","MADRAS NOTEBOOK LARGE",374.96,271
"21284","RETROSPOT CANDLE  SMALL",374.49,403
"84663A","GRASS HOPPER WOODEN WALL CLOCK",374.12,272
"23128","DOLLCRAFT BOY JEAN-PAUL",373.9,82
"21945","STRAWBERRIES  DESIGN FLANNEL",373.34,358
"84915","HAND TOWEL PINK FLOWER AND DAISY",372.33,217
"21689","SILVER VANILLA  FLOWER CANDLE POT",369.87,95
"84563A","PINK & WHITE BREAKFAST TRAY",369.84,96
"20782","CAMOUFLAGE EAR MUFF HEADPHONES",368.08,53
"23575","SNACK TRAY PAISLEY PARK",367.35,179
"16011","ANIMAL STICKERS",367.29,1749
"22532","MAGIC DRAWING SLATE LEAP FROG",366.75,1072
"22769","CHALKBOARD KITCHEN ORGANISER",366.73,11
"21320","GLASS CHALICE GREEN  LARGE",364.22,197
"22265","EASTER DECORATION NATURAL CHICK",363.55,536
"21286","RETROSPOT CANDLE  LARGE",362.12,273
"35957","SMALLFOLKART BAUBLE CHRISTMAS DEC",361.81,688
"21348","PINK SPOTS CHOCOLATE NESTING BOXES",361.56,140
"21000","ROSE DU SUD COSMETICS BAG",360.84,96
"16008","SMALL FOLDING SCISSOR(POINTED EDGE)",360.71,2892
"85049e","SCANDINAVIAN REDS RIBBONS",360.71,109
"84632","DECORATIVE HANGING SHELVING UNIT",359.7,6
"21060","PARTY INVITES BALLOON GIRL",359.29,405
"23579","SNACK TRAY I LOVE LONDON",358.75,169
"20856","DENIM PATCH PURSE PINK BUTTERFLY",357.29,216
"82095","HEART BUTTONS JEWELLERY BOX",356.11,68
"85169D","PINK LOVE BIRD CANDLE",356.08,351
"85169B","BLACK LOVE BIRD CANDLE",356.06,329
"84569A","PACK 3 IRON ON DOG PATCHES",355.84,294
"21724","PANDA AND BUNNIES STICKER SHEET",355.83,408
"90209B","GREEN ENAMEL+GLASS HAIR COMB",355.64,184
"22100","SKULLS SQUARE TISSUE BOX",354.82,755
"47310M","SMALL POP BOX FUNKY MONKEY",353.98,258
"35095B","RED VICTORIAN FABRIC OVAL BOX",352.25,862
"23420","PANTRY HOOK TEA STRAINER",351.37,164
"35954","SMALL FOLKART STAR CHRISTMAS DEC",350.48,1245
"21555","CERAMIC STRAWBERRY TRINKET TRAY",350.47,137
"21664","RIDGED GLASS STORAGE JAR CREAM LID",350.22,98
"21723","ALPHABET HEARTS STICKER SHEET",350.08,397
"22268","DECORATION SITTING BUNNY",349.54,1480
"37482P","CUBIC MUG PINK POLKADOT",349.35,494
"23421","PANTRY HOOK SPATULA",349.2,160
"21263","GREEN GOOSE FEATHER TREE 60CM",349.17,167
"22529","MAGIC DRAWING SLATE GO TO THE FAIR",349.03,851
"23044","PAPER LANTERN 9 POINT HOLLY STAR S",348.59,83
"84924A","WAKE UP COCKEREL CALENDAR SIGN",348.59,81
"21421","PORCELAIN ROSE LARGE",348.43,299
"21001","ROSE DU SUD WASHBAG",348.19,73
"21222","SET/4 BADGES BEETLES",348.19,265
"23057","GEMSTONE CHANDELIER T-LIGHT HOLDER",347.7,78
"20652","BLUE POLKADOT LUGGAGE TAG",346.86,265
"84563B","BLUE & WHITE BREAKFAST TRAY",346.3,94
"20700","GREEN CAT FLORAL CUSHION COVER",345.17,73
"47591B","SCOTTIES CHILDRENS APRON",344.79,209
"84849A","HELLO SAILOR BLUE SOAP HOLDER",344.34,180
"22104","MIRROR MOSAIC CANDLE PLATE",343.71,288
"90149","SILVER FLOWR PINK SHELL NECKLACE",342.76,53
"85129D","BEADED CRYSTAL HEART PINK SMALL",342.74,207
"47559b","TEA TIME OVEN GLOVE",342.65,103
"84766","SILVER ROCOCO CANDLE STICK",340.7,146
"84631","FRUIT TREE AND BIRDS WALL PLAQUE",340.58,40
"23523","WALL ART TREASURE AHOY",340.35,90
"21221","SET/4 BADGES CUTE CREATURES",340.22,261
"22547","MINI JIGSAW DINOSAUR",338.23,809
"21167","WHITE SAGE INCENSE",337.14,1432
"23127","DOLLCRAFT GIRL NICOLE",336.6,68
"72122","COFFEE SCENT PILLAR CANDLE",335.79,324
"71270","PHOTO CLIP LINE",334.98,236
"85230B","CINNAMON SCENTED VOTIVE CANDLE",333.2,1288
"22259","FELT FARM ANIMAL HEN",332.84,481
"84952B","BLACK LOVE BIRD T-LIGHT HOLDER",332.14,186
"84638","SMALL KITCHEN FLOWER POTS PLAQUE",331.5,50
"21248","DOOR HANGER  MUM + DADS ROOM",330.72,205
"85213","MINI  ZINC GARDEN DECORATIONS",330.55,829
"90200A","PURPLE SWEETHEART BRACELET",328.44,78
"82001s","VINYL RECORD FRAME SILVER",328.24,44
"84926E","FLOWERS TILE COASTER",327.8,968
"23236","DOILEY BISCUIT TIN",327.6,120
"16259","PIECE OF CAMO STATIONERY SET",326.56,3380
"84708B","PINK JEWELLED PHOTO FRAME",326.35,62
"85204","HANGING WOOD AND FELT FLOWER",325.36,2050
"23037","CANDLE HOLDER SILVER MADELINE",325.16,196
"23478","WOODLAND LARGE PINK FELT HEART",324.4,285
"90147","CHUNKY SILVER NECKLACE PASTEL FLOWE",324.01,32
"23521","CAT AND BIRD WALL ART",323.64,270
"85205B","PINK FELT EASTER RABBIT GARLAND",323.15,122
"84509c","SET OF 4 POLKADOT PLACEMATS",322.22,43
"21403","BLUE EGG  SPOON",322.18,1857
"16238","PARTY TIME PENCIL ERASERS",321.67,1396
"22092","BLUE PAISLEY TISSUE BOX",321.4,670
"23205","CHARLOTTE BAG ALPHABET  DESIGN",320.5,400
"21425","SKULLS STORAGE BOX LARGE",320.49,87
"16236","KITTY PENCIL ERASERS",320.09,1438
"21371","MIRRORED WALL ART POPPIES",319.71,287
"20936","FORKED CACTUS CANDLE",319.66,100
"22202","MILK PAN PINK POLKADOT",319.35,64
"22287","DECORATION WOBBLY CHICKEN",319.14,560
"90161D","ANT COPPER PINK BOUDICCA BRACELET",318.89,64
"72586","SET OF 6 HALLOWEEN GHOST T-LIGHTS",317.83,691
"84884a","ANT WHITE WIRE HEART SPIRAL",317.72,38
"84931A","PINK SCOTTIE DOG W FLOWER PATTERN",317.44,133
"46118","FUNKY MONKEY CUSHION COVER",317.17,232
"22765","NEWSPAPER STAND",316.95,27
"85170B","SET/6 BLACK BIRD T-LIGHT CANDLES",316.75,215
"35915C","PEACH KNITTED HEN",316.46,315
"84876B","GREEN HEART COMPACT MIRROR",315.81,218
"21026","SPACE OWL",315.75,255
"90198A","VINTAGE ROSE BEAD BRACELET RASPBERR",315.73,75
"47594B","SCOTTIES DESIGN WASHBAG",314.55,170
"84584","PINK GINGHAM CAT WITH SCARF",314.51,144
"17084N","FAIRY DREAMS INCENSE",313.31,1264
"23695","DOILY THANK YOU CARD",313.24,741
"85202","HANGING WOOD AND FELT HEART",313.13,672
"85014b","RED RETROSPOT UMBRELLA",313.06,25
"21942","SKULLS DESIGN FLANNEL",313.01,287
"23130","MISELTOE HEART WREATH",312.8,80
"21375","LARGE CAMPHOR WOOD FIELD MUSHROOM",312.77,41
"20780","BLACK EAR MUFF HEADPHONES",312.7,47
"84358","FLOOR LAMP SHADE WOOD BASE",312.7,33
"21841","BABY MOUSE RED GINGHAM DRESS",310.25,73
"21944","KITTENS DESIGN FLANNEL",310.19,337
"47021G","SET/6 BEAD COASTERS GAUZE BAG GOLD",309.3,582
"21442","GREEN BIRDHOUSE DECORATION",307.94,437
"21811","CHRISTMAS HANGING HEART WITH BELL",307.6,231
"21719","LOVELY BONBON STICKER SHEET",307.44,345
"23495","SET OF 3 PANTRY WOODEN SPOONS",306.66,225
"22124","SET OF 2 TEA TOWELS PING MICROWAVE",306.16,149
"22040","BOTANICAL ROSE GIFT WRAP",304.5,725
"22043","CHRISTMAS CARD SCREEN PRINT",304.5,1238
"23131","MISELTOE HEART WREATH WHITE",304.5,78
"22965","3 TRADITIONAL COOKIE CUTTERS  SET",304.2,162
"22641","SET OF 4 NAPKIN CHARMS INSTRUMENT",303.73,139
"23430","BLUE RETRO KITCHEN WALL CLOCK",301.88,36
"23522","WALL ART DOG AND BALL",301.56,102
"35912B","WHITE/PINK CHICK DECORATION",301.26,252
"84661B","BLACK SQUARE TABLE CLOCK",300.24,115
"22409","MONEY BOX BISCUITS DESIGN",299.72,228
"21761","WOOD AND GLASS MEDICINE CABINET",299.5,10
"23440","PAINT YOUR OWN EGGS IN CRATE",299.36,164
"20897","VINTAGE NOTEBOOK PARIS DAYS",298.27,107
"90184B","AMETHYST CHUNKY BEAD BRACELET W STR",297.94,33
"22135","MINI LADLE LOVE HEART PINK",297.4,528
"84596J","MIXED NUTS LIGHT GREEN BOWL",296.45,568
"23126","DOLLCRAFT GIRL AMELIE KIT",294.7,66
"20655","QUEEN OF SKIES LUGGAGE TAG",292.29,197
"35911A","MULTICOLOUR RABBIT EGG WARMER",292.07,319
"21441","BLUE BIRDHOUSE DECORATION",292.03,421
"23567","EGG CUP HENRIETTA HEN PINK",291.58,211
"22049","WRAP CHRISTMAS SCREEN PRINT",291.5,1050
"23410","CURIO CABINET LINEN AND LACE",290.1,36
"20725","LUNCH BAG RED SPOTTY",290,200
"16015","MEDIUM CHINESE STYLE SCISSOR",289.98,662
"85024B","EAU DE NILE JEWELLED PHOTOFRAME",289.65,193
"21503","TOYBOX  WRAP",288.92,726
"23015","CORDIAL GLASS JUG",288.88,34
"46776E","WOVEN CANDY CUSHION COVER",288.43,67
"79190B","RETRO PLASTIC POLKA TRAY",288.36,707
"23047","PAPER LANTERN 5 POINT SEQUIN STAR",287.5,50
"20618","QUEEN OF THE SKIES PASSPORT COVER",286.39,148
"72800B","4 PURPLE FLOCK DINNER CANDLES",285.7,142
"21386","IVORY HANGING DECORATION  EGG",285.64,709
"84997d","PINK 3 PIECE POLKADOT CUTLERY SET",285.46,34
"37413","ICON MUG REVOLUTIONARY",284.49,703
"71403","PINK/WHITE ""KEEP CLEAN"" BULLET BIN",283.96,76
"18094C","WHITE AND BLUE CERAMIC OIL BURNER",283.93,192
"84247E","PACK OF 12 CHRISTMAS FUN CARDS",283.79,106
"21666","RIDGED GLASS T-LIGHT HOLDER",283.51,412
"16218","CARTOON  PENCIL SHARPENERS",283.31,3821
"20794","BLUE  TILE HOOK",282.79,99
"20777","CHRYSANTHEMUM NOTEBOOK",282.49,169
"84341B","SMALL PINK MAGIC CHRISTMAS TREE",282.38,645
"84872a","TEATIME FUNKY FLOWER BACKPACK FOR 2",282.15,26
"23481","PEARLISED IVORY HEART SMALL",281.17,228
"22257","FELT FARM ANIMAL SHEEP",280.42,373
"71101E","STANDING FAIRY POLE SUPPORT",278.5,346
"85188A","GREEN METAL SWINGING BUNNY",278.17,319
"21725","SWEETIES  STICKERS",277.24,301
"16169M","WRAP DAISY CARPET",277.2,660
"23413","DECORATIVE VINTAGE COFFEE  BOX",277,52
"21293","MIRRORED DOVE WALL DECORATION",276.72,116
"84926D","LA PALMIERA TILE COASTER",276.53,709
"85049g","CHOCOLATE BOX RIBBONS",276.42,113
"23137","ZINC WIRE SWEETHEART LETTER TRAY",275.62,83
"21250","SET OF SKULL WALL STICKERS",274.37,95
"85186A","EASTER BUNNY GARLAND OF FLOWERS",273.64,567
"22052","VINTAGE CARAVAN GIFT WRAP",273,650
"84859A","SILVER DISCO HANDBAG",272.99,129
"23141","TRIPLE WIRE HOOK PINK HEART",272.91,79
"23203","JUMBO BAG VINTAGE DOILEY",272.57,144
"20734","SILVER MINI TAPE MEASURE",271.22,158
"20755","BLUE PAISLEY POCKET BOOK",271.17,306
"85214","TUB 24 PINK FLOWER PEGS",271.04,164
"23474","WOODLAND SMALL BLUE FELT HEART",270.96,312
"85019C","CURIOUS  IMAGES NOTEBOOK SET",270.72,182
"20684","STRAWBERRY DREAM CHILDS UMBRELLA",270.56,80
"21815","STAR  T-LIGHT HOLDER",270.23,158
"21275","ZINC TOP  2 DOOR WOODEN SHELF",270.08,13
"35001W","HAND OPEN SHAPE DECO.WHITE",270.02,92
"22512","DOORSTOP RACING CAR DESIGN",269.71,122
"85186C","BUNNY EGG GARLAND",269.17,528
"21785","RAIN PONCHO",268.76,411
"21644","ASSORTED TUTTI FRUTTI HEART BOX",268.75,215
"21332","MOROCCAN BEATEN METAL MIRROR",268.1,19
"17013D","ORIGAMI ROSE INCENSE IN TUBE",267.82,535
"17107D","FLOWER FAIRY,5 SUMMER B'DRAW LINERS",267.75,105
"21445","12 PINK ROSE PEG PLACE SETTINGS",267.5,214
"85230E","STRAWBRY SCENTED VOTIVE CANDLE",267.45,1101
"21265","PINK GOOSE FEATHER TREE 60CM",267.21,131
"20771","CHRYSANTHEMUM  JOURNAL",267.13,102
"84795b","SUNSET CHECK HAMMOCK",266.78,16
"79030D","TUMBLER BAROQUE",266.19,525
"21279","VINTAGE KITCHEN PRINT FRUITS",266.15,85
"20699","MOUSEY LONG LEGS SOFT TOY",266.03,97
"23489","GARLAND, VINTAGE BELLS",265.88,92
"85039C","S/4 BLACK MINI ROSE CANDLE IN BOWL",265.77,305
"90160A","PURPLE BOUDICCA LARGE BRACELET",264.94,38
"23476","WOODLAND LARGE RED FELT HEART",264.72,205
"90160D","PINK BOUDICCA LARGE BRACELET",264.7,38
"84952A","CLEAR LOVE BIRD T-LIGHT HOLDER",264.47,92
"85124B","BLUE JUICY FRUIT PHOTO FRAME",264.06,93
"22889","NUMBER TILE VINTAGE FONT No",263.8,169
"18098c","PORCELAIN BUTTERFLY OIL BURNER",263.12,52
"85124C","GREEN JUICY FRUIT PHOTO FRAME",261.89,94
"23194","GYMKHANNA TREASURE BOOK BOX",261.84,120
"84858C","PINK RIVIERA HANDBAG",261.68,186
"79337","BLUE FLOCK GLASS CANDLEHOLDER",259.96,644
"72800C","4 PINK DINNER CANDLE SILVER FLOCK",259.72,130
"21324","HANGING MEDINA LANTERN SMALL",259.67,81
"23032","DOORKNOB CRACKED GLAZE IVORY",258.3,174
"20997","ROSE DU SUD CUSHION COVER",257.61,59
"35915B","BLUE KNITTED HEN",257.22,220
"85230G","ORANGE VOTIVE CANDLE",257.04,1032
"21458","2 PICTURE BOOK EGGS EASTER BUNNY",256.54,182
"78124","MAGAZINE RACK GEBRA ASSORTED",256.5,198
"21427","SKULLS STORAGE BOX SMALL",256.44,96
"16012","FOOD/DRINK SPONGE STICKERS",256.2,1220
"84952C","MIRROR LOVE BIRD T-LIGHT HOLDER",255,144
"21269","ANTIQUE CREAM CUTLERY SHELF",254.98,29
"21547","CERAMIC BIRDHOUSE CRESTED TIT SMALL",253.53,79
"48173c","DOORMAT BLACK FLOCK",252.95,15
"90201B","BLACK ENAMEL FLOWER RING",252.9,86
"35967","FOLK ART METAL STAR T-LIGHT HOLDER",252.33,485
"23149","ANTIQUE IVORY WIRE BOWL SMALL",251.45,99
"21882","SKULLS TAPE",251.17,704
"22164","STRING OF STARS CARD HOLDER",250.22,78
"85071D","CHARLIE+LOLA MY ROOM DOOR SIGN",249.49,403
"22812","PACK 3 BOXES CHRISTMAS PANETTONE",248.48,76
"22410","MONEY BOX HOUSEKEEPING DESIGN",247.42,237
"23168","CLASSIC SUGAR DISPENSER",247.32,216
"84678","CLASSICAL ROSE SMALL VASE",247.04,142
"20659","ECONOMY LUGGAGE TAG",246.84,158
"21379","CAMPHOR WOOD PORTOBELLO MUSHROOM",246.83,178
"47422","ASSORTED MONKEY SUCTION CUP HOOK",246.18,617
"22869","NUMBER TILE COTTAGE GARDEN 1",246.14,96
"90175A","WHITE GLASS CHUNKY CHARM BRACELET",245.63,27
"22391","PAPERWEIGHT HOME SWEET HOME",245.58,158
"21676","FLOWERS  STICKERS",245.36,257
"21190","PINK HEARTS PAPER GARLAND",245.2,168
"20819","SILVER TEDDY BEAR",244.72,64
"90143","SILVER BRACELET W PASTEL FLOWER",244.68,32
"84422","PINK/BLUE DISC/MIRROR STRING",244.17,566
"20616","CHERRY BLOSSOM PASSPORT COVER",243.53,194
"85095","THREE CANVAS LUGGAGE TAGS",243.49,150
"23475","WOODLAND SMALL PINK FELT HEART",242.18,286
"85094","CANDY SPOT EGG WARMER RABBIT",242.13,640
"22954","HEN PARTY CORDON BARRIER TAPE",241.38,197
"84592","CROCHET ROSE PURSE WITH SUEDE BACK",241.24,76
"22870","NUMBER TILE COTTAGE GARDEN 2",240.29,93
"23143","ZINC WIRE KITCHEN ORGANISER",239.97,30
"21028","NINJA RABBIT BLACK",239.24,187
"47469","ASSORTED SHAPES PHOTO CLIP SILVER",238.61,469
"23324","RUSTIC STRAWBERRY JAMPOT LARGE",238.56,120
"23028","DOORKNOB CRACKED GLAZE BLUE",238.5,162
"22137","BATHROOM SET LOVE HEART DESIGN",237.98,82
"72131","COLUMBIAN CANDLE RECTANGLE",236.4,136
"21360","JOY LARGE WOOD LETTERS",236.17,39
"85023B","EAU DE NILE JEWELLED PHOTOFRAME",235.35,105
"23580","SNACK TRAY HAPPY FOREST",234.92,116
"47351B","BLUE  VOILE LAMPSHADE",234.5,86
"16216","LETTER SHAPE PENCIL SHARPENER",234,3333
"20775","DAISY NOTEBOOK",233.54,134
"21025","SPACE FROG",233.52,174
"90058B","CRYSTAL STUD EARRINGS ASSORTED COL",232.56,612
"23036","T-LIGHT HOLDER SILVER PETIT FOUR",232.42,184
"84857C","PINK MONTE CARLO HANDBAG",232.33,98
"85099f","JUMBO BAG STRAWBERRY",232.06,46
"23447","PINK BUNNY EASTER EGG BASKET",231.9,158
"21818","GLITTER CHRISTMAS HEART",231.82,268
"84712B","PINK JEWELLED PHOTO FRAME",231.56,30
"20696","FLORAL SOFT CAR TOY",230.81,54
"22394","PAPERWEIGHT KINGS CHOICE",230.68,168
"21973","SET OF 36 MUSHROOM PAPER DOILIES",230.55,159
"23446","BLUE BUNNY EASTER EGG BASKET",230.25,157
"21161","KEEP OUT BOYS DOOR HANGER",229.92,143
"85040B","SET/4 BLUE FLOWER CANDLES IN BOWL",229.47,137
"85200","BUNNY EGG BOX",228.75,183
"90010E","AMBER GLASS/SILVER BRACELET",227.89,25
"72800D","4 BLUE DINNER CANDLES SILVER FLOCK",226.67,87
"23003","TRAVEL CARD WALLET VINTAGE ROSE",226.2,542
"90201D","GREEN ENAMEL FLOWER RING",225.84,77
"22031","BOTANICAL LAVENDER BIRTHDAY CARD",225.59,504
"21157","RED RETROSPOT WASHBAG",225.5,78
"85014a","BLACK/BLUE POLKADOT UMBRELLA",225.32,18
"22632","HAND WARMER RED POLKA DOT",225,120
"90206C","CRYSTAL DIAMANTE STAR BROOCH",224.73,45
"21647","ASSORTED TUTTI FRUTTI LARGE PURSE",224.7,107
"90158","ST TROPEZ NECKLACE",224.12,45
"21657","MILK BOTTLE WITH GLASS STOPPER",223.46,30
"84218","BOX/12 CHICK & EGG IN BASKET",223.11,123
"21364","PEACE SMALL WOOD LETTERS",222.96,30
"21456","2 PICTURE BOOK EGGS EASTER CHICKS",222.22,171
"84711A","SILVER OVAL SHAPE TRINKET BOX",221.8,25
"22395","PAPERWEIGHT VINTAGE PAISLEY",220.04,152
"20868","SILVER FABRIC MIRROR",219.35,458
"75178","ASSTD COL BUTTERFLY/CRYSTAL W/CHIME",218.87,459
"35914","PINK CHICK EGG WARMER + EGG CUP",218.81,195
"21378","SMALL TALL CAMPHOR WOOD TOADSTOOL",217.89,142
"20847","ZINC HEART LATTICE CHARGER LARGE",217.58,52
"20769","DAISY JOURNAL",217.56,80
"84876D","BLUE HEART COMPACT MIRROR",217.5,128
"21132","SILVER STANDING GNOME",217.36,44
"84559B","3D SHEET OF CAT STICKERS",217.29,237
"47310M","SMALL POP BOX,FUNKY MONKEY",216.47,152
"23360","SET 8 CANDLES VINTAGE DOILEY",216.3,122
"21377","SMALL CAMPHOR WOOD FIELD  MUSHROOM",215.68,121
"84051","ASS COLOUR GLOWING TIARAS",215.21,281
"90120C","GREEN MURANO TWIST BRACELET",215.2,51
"21316","SMALL CHUNKY GLASS ROMAN  BOWL",214.73,159
"21520","BOOZE & WOMEN GREETING CARD",214.19,504
"22882","NUMBER TILE VINTAGE FONT 3",213.7,108
"20781","GOLD EAR MUFF HEADPHONES",212.26,35
"90200C","BLUE SWEETHEART BRACELET",211.43,50
"84510C","SET OF 4 POLKADOT COASTERS",211.33,132
"72127","COLUMBIAN CANDLE ROUND",210.61,169
"84877B","GREEN ROUND COMPACT MIRROR",210.56,144
"84707B","PINK JEWELLED MIRROR TRINKET TRAY",210.55,34
"84926A","WAKE UP COCKEREL TILE COASTER",210.52,604
"90175D","TIGRIS EYE CHUNKY CHARM BRACELET",210.04,23
"22896","PEG BAG APPLE DESIGN",210,100
"90160B","RED BOUDICCA LARGE BRACELET",209.73,30
"20622","VIPPASSPORT COVER",209.66,142
"90192","JADE DROP EARRINGS W FILIGREE",209.1,42
"21750","LARGE SKULL WINDMILL",207.51,90
"16048","TEATIME ROUND PENCIL SHARPENER",205.3,1460
"90119","METALIC LEAVES BAG CHARMS",205.06,83
"20763","DAISY SKETCHBOOK",205.04,73
"79051A","SMOKEY GREY COLOUR D.O.F. GLASS",204.79,587
"21726","MULTI HEARTS  STICKERS",204.69,237
"22878","NUMBER TILE COTTAGE GARDEN No",204.19,75
"84875B","GREEN SQUARE COMPACT MIRROR",203.51,131
"85230A","OPIUM SCENTED VOTIVE CANDLE",203.28,840
"21911","GARDEN METAL SIGN",203.21,114
"84688","BEACH HUT DESIGN BLACKBOARD",203.07,41
"90201A","PURPLE ENAMEL FLOWER RING",202.51,69
"22541","MINI JIGSAW LEAP FROG",201.95,503
"85179C","PINK BITTY LIGHT CHAIN",201.31,106
"84968e","SET OF 16 VINTAGE BLACK CUTLERY",200.21,8
"47594A","CAROUSEL DESIGN WASHBAG",199.84,108
"22038","BOTANICAL LAVENDER GIFT WRAP",199.5,475
"21367","MIRRORED WALL ART GENTS",199.49,171
"21651","HANGING GLASS ETCHED TEALIGHT",198.57,127
"22881","NUMBER TILE VINTAGE FONT 2",197.56,102
"84828","JUNGLE POPSICLES ICE LOLLY HOLDERS",197.49,139
"47578A","ENGLISH ROSE SMALL SCENTED FLOWER",197.43,213
"90019A","SILVER M.O.P ORBIT BRACELET",197.09,38
"22880","NUMBER TILE VINTAGE FONT 1",196.69,97
"22044","CHRISTMAS CARD STACK OF PRESENTS",196.44,816
"22263","FELT EGG COSY LADYBIRD",195.97,326
"90013A","MIDNIGHT BLUE VINTAGE EARRINGS",195.32,52
"84926F","PSYCHEDELIC TILE COASTER",195.22,430
"20617","FIRST CLASS PASSPORT COVER",194.94,93
"23697","A PRETTY THANK YOU CARD",194.58,456
"22884","NUMBER TILE VINTAGE FONT 5",194.05,99
"20654","FIRST CLASS LUGGAGE TAG",193.59,152
"22289","HANGING METAL CHICKEN DECORATION",193.52,148
"90018A","SILVER M.O.P ORBIT DROP EARRINGS",193.33,46
"90082A","DIAMANTE BOW BROOCH GREEN COLOUR",193.2,30
"21376","LARGE  TALL CAMPHOR WOOD TOADSTOOL",192.81,33
"21306","SET/4 DAISY MIRROR MAGNETS",192.74,494
"84910A","PINK PAISLEY CUSHION COVER",192.14,26
"22883","NUMBER TILE VINTAGE FONT 4",191.48,100
"85045","GREEN CHRISTMAS TREE STRING 20LIGHT",191.1,42
"90030B","RED KUKUI COCONUT SEED NECKLACE",190.73,122
"90184C","BLACK CHUNKY BEAD BRACELET W STRAP",190.52,21
"47471","RAINBOW PEGS PHOTO CLIP STRING",189.88,290
"21418","STARFISH SOAP DISH",189.75,74
"21196","ROUND WHITE CONFETTI IN TUBE",189.68,108
"23229","DONKEY TAIL GAME",189.54,54
"21807","WHITE CHRISTMAS STAR DECORATION",189,438
"85020","ROUND PINK HEART MIRROR",188.81,85
"84804B","BLUE DELPHINIUM ARTIFICIAL FLOWER",188.37,99
"21027","NINJA RABBIT PINK",187.79,167
"20694","FLORAL PINK MONSTER",187.54,43
"84711B","PINK OVAL SHAPE TRINKET BOX",186.64,20
"84535A","ENGLISH ROSE NOTEBOOK A6 SIZE",186.56,399
"21402","RED  EGG  SPOON",185.52,1369
"90201C","RED ENAMEL FLOWER RING",185.42,63
"78033","FLAG OF ST GEORGE CHAIR",185.3,38
"21826","EIGHT PIECE DINOSAUR SET",185.18,125
"23436","GIFT BAG LARGE VINTAGE CHRISTMAS",185,148
"72801d","4 SKY BLUE DINNER CANDLES",184.7,75
"23416","CHAMBRE HOOK",184.68,132
"90016B","GOLD/M.O.P PENDANT ORBIT NECKLACE",184.66,22
"85055","FRENCH ENAMEL UTENSIL HOLDER",183.71,45
"84509E","SET OF 4 CAROUSEL PLACEMATS",183.45,91
"84927F","PSYCHEDELIC TILE HOOK",182.95,299
"84429A","MEDIUM PINK BUDDHA HEAD",182.5,54
"79030G","TUMBLER, NEW ENGLAND",182.3,142
"71143","SILVER BOOK MARK WITH BEADS",182.25,161
"22032","BOTANICAL LILY GREETING CARD",181.98,427
"21311","SET/4 BIRD MIRROR MAGNETS",181.33,459
"84907","PINK YELLOW PATCH CUSHION COVER",180.93,29
"85215","ASSORTED CHEESE FRIDGE MAGNETS",180.71,223
"72801C","4 ROSE PINK DINNER CANDLES",180.65,145
"84804A","CREAM DELPHINIUM ARTIFICIAL FLOWER",180.58,70
"84859C","PINK DISCO HANDBAG",180.52,84
"22157","ANGEL DECORATION WITH LACE PADDED",180.2,212
"21721","CANDY SHOP  STICKER SHEET",179.46,195
"79190A","RETRO PLASTIC 70'S TRAY",179.36,384
"40003","WHITE BAMBOO RIBS LAMPSHADE",179.23,155
"16258A","SWIRLY CIRCULAR RUBBERS IN BAG",178.97,472
"21847","GREEN  DIAMANTE PEN IN GIFT BOX",178.89,76
"85131C","BEADED CRYSTAL HEART BLUE ON STICK",178.85,193
"85123A","CREAM HANGING HEART T-LIGHT HOLDER",178.51,61
"23126","DOLLCRAFT GIRL AMELIE",178.2,36
"22872","NUMBER TILE COTTAGE GARDEN 4",177.46,72
"84685","BEACH HUT KEY CABINET",177.33,34
"21319","GLASS CHALICE GREEN  SMALL",175.78,161
"84507C","BLUE CIRCLES DESIGN MONKEY DOLL",175.73,66
"gift_0001_30","Dotcomgiftshop Gift Voucher £30.00",175.53,7
"85211","S/4 GROOVY CAT MAGNETS",175.16,149
"22764","RUSTIC WOODEN CABINET, GLASS DOORS",174.77,5
"90197B","BLACK GLASS BRACELET W HEART CHARMS",174.73,35
"84691","PACK 20 DOLLY PEGS",174.5,242
"84800M","MEDIUM WHITE/PINK ROSE ART FLOWER",174.31,127
"35810B","ENAMEL BLUE RIM COFFEE CONTAINER",174.09,152
"84905","PINK BUTTERFLY CUSHION COVER",173.48,35
"44235","ASS COL CIRCLE MOBILE",173.16,474
"16168M","FUNKY MONKEY GIFT BAG MEDIUM",173.12,371
"22885","NUMBER TILE VINTAGE FONT 6",172.78,96
"82011C","BATHROOM SCALES FOOTPRINTS IN SAND",172.05,51
"84963A","PINK PAINTED KASHMIRI CHAIR",171.8,4
"47481","50CM METAL STRING WITH  7 CLIPS",171.79,225
"62086A","PINK RETRO BIG FLOWER BAG",171.6,88
"85146","JARDIN ETCHED GLASS SMALL BELL JAR",171.11,45
"21763","VINTAGE WOODEN BAR STOOL",169.75,6
"85129B","BEADED CRYSTAL HEART GREEN SMALL",168.59,119
"22042","CHRISTMAS CARD SINGING ANGEL",168.33,399
"21333","CLASSIC WHITE FRAME",168.16,56
"90145","SILVER HOOP EARRINGS WITH FLOWER",168,28
"84661A","WHITE SQUARE TABLE CLOCK",167.79,104
"gift_0001_50","Dotcomgiftshop Gift Voucher £50.00",167.56,4
"90010A","MIDNIGHT BLUE GLASS/SILVER BRACELET",167.3,18
"gift_0001_20","Dotcomgiftshop Gift Voucher £20.00",167.05,10
"21457","2 PICTURE BOOK EGGS EASTER DUCKS",165.89,124
"21280","VINTAGE KITCHEN PRINT VEGETABLES",165.75,65
"21331","MOROCCAN BEATEN METAL DISH LARGE",165.74,12
"72225C","LAVENDER SCENT CAKE CANDLE",165.6,624
"23694","PAISLEY PARK CARD",165.08,376
"BANK CHARGES","Bank Charges",165.001,12
"22538","MINI JIGSAW GO TO THE FAIR",164.42,402
"21698","MOCK LOBSTER FRIDGE MAGNET",164.17,296
"90120B","BLUE MURANO TWIST BRACELET",164.12,39
"90191","SILVER LARIAT 40CM",163.82,26
"90209A","PURPLE ENAMEL+GLASS HAIR COMB",163.8,84
"85145","JARDIN ETCHED GLASS LARGE BELL JAR",163.75,37
"22871","NUMBER TILE COTTAGE GARDEN 3",163.35,67
"16207A","PINK STRAWBERRY HANDBAG",163.1,60
"90014A","SILVER/MOP ORBIT NECKLACE",162.79,16
"22408","MONEY BOX CONFECTIONERY DESIGN",162.44,145
"21100","CHARLIE AND LOLA CHARLOTTE BAG",162.21,65
"84683","CLASSICAL ROSE CANDLESTAND",162.2,194
"85114a","BLACK ENCHANTED FOREST PLACEMAT",161.7,49
"21369","MIRRORED WALL ART SPLODGES",161.49,101
"85027L","FRENCH CHATEAU LARGE PLATTER",160.5,70
"84799","SPRIG LAVENDER ARTIFICIAL FLOWER",160.48,224
"21344","MOROCCAN BEATEN METAL DISH",160.09,15
"23305","SET 4 PICNIC CUTLERY BLUEBERRY",159.9,82
"21030","SPACE CADET RED",159.7,131
"84993A","75 GREEN PETIT FOUR CASES",159.69,343
"23545","WRAP RED DOILEY",159.6,380
"90082B","DIAMANTE BOW BROOCH RED COLOUR",158.75,25
"84247G","DECOUPAGE,GREETING CARD,",158.63,357
"84997c","BLUE 3 PIECE POLKADOT CUTLERY SET",158.23,19
"90013C","GREEN VINTAGE EARRINGS",158.08,39
"17038","PORCELAIN BUDAH INCENSE HOLDER",158.06,1525
"16156L","WRAP CAROUSEL",157.5,375
"23417","BATHROOM HOOK",157.5,146
"90134","OLD ROSE COMBO BEAD NECKLACE",157.5,54
"84882","GREEN WIRE STANDING CANDLE HOLDER",157.34,38
"35649","VINTAGE BEAD COSMETIC BAG",156.85,57
"23468","TUSCAN VILLA BIRD TABLE",156.75,19
"84673B","BLUE FLY SWAT",156.63,179
"21349","IVY HEART WREATH",155.6,18
"84508C","BLUE CIRCLES DESIGN TEDDY",154.95,56
"44234","ASSORTED CIRCULAR MOBILE",154.77,693
"84595E","LARGE TORTILLA DESIGN RED BOWL",154.68,78
"23496","PANTRY KITCHEN THERMOMETER",154.52,112
"23196","RETRO LEAVES MAGNETIC NOTEPAD",154.09,105
"21614","SET OF 12 ROSE BOTANICAL T-LIGHTS",153.29,51
"84827","ASS DES PHONE SPONGE CRAFT STICKER",153.09,509
"22353","LUNCH BOX WITH CUTLERY FAIRY CAKES",153,60
"90014B","GOLD M PEARL  ORBIT NECKLACE",152.84,15
"21145","ANTIQUE GLASS PLACE SETTING",152.5,122
"90198B","VINTAGE ROSE BEAD BRACELET BLACK",152.4,36
"23484","HEART TRELLISTRIPLE T-LIGHT HOLDER",152.24,56
"72128","COLUMBIAN CANDLE ROUND",152.05,193
"21401","BLUE PUDDING SPOON",151.19,1052
"22415","WHITE TISSUE REAM",151.05,19
"85135A","YELLOW DRAGONFLY HELICOPTER",151.05,19
"84877D","BLUE ROUND COMPACT MIRROR",150.93,96
"22874","NUMBER TILE COTTAGE GARDEN 6",150.81,65
"DCGSSBOY","BOYS PARTY BAG",150.55,47
"17107D","FLOWER FAIRY 5 DRAWER LINERS",150.45,59
"21459","YELLOW EASTER EGG HUNT START POST",150.38,76
"84629","WHITE 3 FRAME BIRDS AND TREE",150,20
"84963B","BLUE PAINTED KASHMIRI CHAIR",149.85,3
"90013B","BLACK VINTAGE EARRINGS",149.41,36
"23254","KIDS CUTLERY DOLLY GIRL",149.4,36
"23256","KIDS CUTLERY SPACEBOY",149.4,36
"46000R","POLYESTER FILLER PAD 45x30cm",149.35,103
"22875","NUMBER TILE COTTAGE GARDEN 7",149.09,63
"23465","TUSCAN VILLA BIRD FEEDER",148.63,17
"90185D","CRYSTAL DIAMANTE EXPANDABLE RING",148.63,35
"84576","BLUE CAT BISCUIT BARREL PINK HEART",148.32,66
"21486","PINK HEART DOTS HOT WATER BOTTLE",147.88,36
"82011B","BATHROOM SCALES RUBBER DUCKS",146.85,43
"22886","NUMBER TILE VINTAGE FONT 7",146.43,87
"84865","NEW BAROQUE BLACK PHOTO ALBUM",146.21,27
"84870B","BLUE GEISHA GIRL",146.08,44
"84870C","GREEN GEISHA GIRL",146.05,46
"23292","SPACE BOY CHILDRENS CUP",145.76,131
"90116","FRUIT SALAD BAG CHARM",145.52,64
"22873","NUMBER TILE COTTAGE GARDEN 5",145.5,60
"47343A","FUSCHIA FLOWER PURSE WITH BEADS",145.17,159
"22868","NUMBER TILE COTTAGE GARDEN 0",144.65,63
"21738","COSY SLIPPER SHOES SMALL  RED",144.58,46
"85118","HEART T-LIGHT HOLDER",144.52,146
"DCGSSGIRL","GIRLS PARTY BAG",144.43,47
"21082","SET/20 FRUIT SALAD PAPER NAPKINS",143.44,88
"21368","MIRRORED WALL ART LADIES",143.28,163
"84508B","STRIPES DESIGN TEDDY",142.8,56
"20837","FRENCH FLORAL CUSHION COVER",142.47,141
"37479P","CUBIC MUG FLOCK PINK ON BROWN",142.23,163
"22033","BOTANICAL ROSE GREETING CARD",141.95,337
"21117","BLOND DOLL DOORSTOP",141.75,109
"20774","GREEN FERN NOTEBOOK",141.24,86
"20661","BLUE POLKADOT PURSE",141.15,44
"84796a","PINK HAWAIIAN PICNIC HAMPER FOR 2",141.11,17
"20836","FRENCH PAISLEY CUSHION COVER",141.1,170
"90164B","WHITE  ROSEBUD PEARL BRACELET",140.98,38
"16054","POPART RECT PENCIL SHARPENER ASST",140.52,1166
"90170","DAISY HAIR BAND",140.33,85
"84744","S/6 SEW ON CROCHET FLOWERS",140.02,110
"22125","UNION JACK HOT WATER BOTTLE",139.86,13
"23306","SET OF 36 PANTRY PAPER DOILIES",139.78,67
"23091","METAL HERB GERDEN CONTAINER",139.68,24
"23463","VINTAGE ZINC WATERING CAN",139.4,13
"22876","NUMBER TILE COTTAGE GARDEN 8",138.81,61
"75011","BLUE DAISY MOBILE",138.76,172
"84192","ASSORTED COLOUR METAL CAT",138.75,111
"35922","EASTER BUNNY WREATH",138.6,28
"23304","SET 4 PICNIC CUTLERY CHERRY",138.45,71
"79191B","RETRO PLASTIC POLKA TRAY",138.3,159
"22877","NUMBER TILE COTTAGE GARDEN 9",138.11,63
"90181B","AMETHYST GLASS/SHELL/PEARL NECKLACE",137.63,15
"22602","CHRISTMAS RETROSPOT HEART WOOD",137.59,139
"21736","GOLD SCROLL GLASS T-LIGHT HOLDER",137.22,80
"20757","RED DAISY POCKET BOOK",136.64,158
"21637","ASSORTED SANSKRIT MINI NOTEBOOK",136.25,109
"20758","ABSTRACT CIRCLES POCKET BOOK",135.15,159
"84660c","PINK STITCHED WALL CLOCK",134.92,18
"90073","VINTAGE ENAMEL & CRYSTAL EARRINGS",134.7,27
"90115","SUMMER BUTTERFLIES BAG CHARM",134.53,54
"21943","CAKES AND RABBITS DESIGN FLANNEL",134.49,119
"90028","NEW BAROQUE LARGE NECKLACE BLK/WHIT",134.16,16
"46000U","POLYESTER FILLER PAD 30CMx30CM",133.75,107
"72130","COLUMBIAN CANDLE ROUND",133.34,219
"35921","EASTER BUNNY HANGING GARLAND",133.23,68
"90208","PAIR OF PINK FLOWER CLUSTER SLIDE",132.7,53
"62096A","PINK/YELLOW FLOWERS HANDBAG",132.5,106
"21518","BANK ACCOUNT  GREETING  CARD",132.44,318
"90210D","PURPLE ACRYLIC FACETED BANGLE",132.05,107
"23066","SMALL JEWELLERY STAND",132,16
"23081","GREEN METAL BOX TOP SECRET",132,16
"85039a","SET/4 RED MINI ROSE CANDLE IN BOWL",131.81,40
"90185A","AMBER DIAMANTE EXPANDABLE RING",131.03,31
"90164A","PINK ROSEBUD PEARL BRACELET",130.67,27
"90210C","RED   ACRYLIC FACETED BANGLE",130.51,99
"84510a","SET OF 4 ENGLISH ROSE COASTERS",130.48,53
"37467","PIG MUG IN TWO COLOUR DESIGNS",130.27,159
"90000D","COPPER/OLIVE GREEN FLOWER NECKLACE",129.85,21
"21281","VINTAGE KITCHEN PRINT SEAFOOD",129.63,43
"20823","GOLD WINE GOBLET",129.56,164
"47590b","PINK HAPPY BIRTHDAY BUNTING",129.48,12
"72799C","PINK PILLAR CANDLE SILVER FLOCK",129.47,81
"21400","RED PUDDING SPOON",128.63,881
"20826","SILVER APERITIF GLASS",128.4,276
"35638B","PINK/BLUE STRING CURTAIN",128.33,57
"90180A","BLACK+WHITE NECKLACE W TASSEL",127.24,17
"85130A","BEADED PEARL HEART WHITE LARGE",127.05,77
"79190D","RETRO PLASTIC DAISY TRAY",126.98,265
"22887","NUMBER TILE VINTAGE FONT 8",126.78,78
"23303","SET 4 PICNIC CUTLERY FONDANT",126.75,65
"23020","GLASS SONGBIRD STORAGE JAR",126.7,11
"85067","CREAM SWEETHEART WALL CABINET",126.65,7
"84846A","SCENTED CANDLE IN DIGITALIS TIN",126.04,56
"23578","SNACK TRAY RED GINGHAM",125.72,60
"84968a","SET OF 16 VINTAGE ROSE CUTLERY",125.33,5
"23065","LARGE JEWELLERY STAND",125,10
"22888","NUMBER TILE VINTAGE FONT 9",124.98,76
"85185B","PINK HORSE SOCK PUPPET KIT",123.9,42
"23477","WOODLAND LARGE BLUE FELT HEART",123.47,92
"37343","POLKADOT MUG PINK",123.3,72
"23454","SET OF 3 MINI HANGING PORTRAITS",123.2,32
"90058A","CRYSTAL STUD EARRINGS CLEAR DISPLAY",123.12,324
"23457","LARGE PARLOUR FRAME",122.85,27
"90195A","PURPLE GEMSTONE BRACELET",122.84,19
"90070","RUBY GLASS CLUSTER BRACELET",122.64,20
"85086A","CANDY SPOT HEART DECORATION",122.08,146
"90129B","TURQUOISE GLASS TASSLE BAG CHARM",121.38,57
"37333","RETRO ""TEA FOR ONE""",120.99,21
"20845","ZINC HEART LATTICE 2 WALL PLANTER",120.65,19
"21420","OYSTER TRINKET BOX",120.41,53
"90173","PAIR BUTTERFLY HAIR CLIPS",120.34,32
"90199C","5 STRAND GLASS NECKLACE CRYSTAL",120.29,19
"23467","VINTAGE ZINC PLANTER",120.08,32
"84800S","SMALL WHITE/PINK ROSE ART FLOWER",120.07,107
"23438","GIFT BAG LARGE SPOT",120,96
"35972","DAISY FOLKART HEART DECORATION",120,96
"90161A","ANT COPPER RED BOUDICCA BRACELET",119.91,24
"90124B","BLUE MURANO TWIST NECKLACE",119.89,12
"90003C","MIDNIGHT BLUE PAIR HEART HAIR SLIDE",119.84,32
"23209","LUNCH BAG VINTAGE DOILEY",119.63,71
"90122C","TURQUOISE CRYSTAL+GLASS BRACELET",119.23,24
"10080","GROOVY CACTUS INFLATABLE",119.09,303
"84709B","PINK OVAL JEWELLED MIRROR",119,20
"23359","SET OF 12 T-LIGHTS VINTAGE DOILEY",118.95,61
"23280","FOLDING MIRROR HOT PINK",118.92,156
"85114b","IVORY ENCHANTED FOREST PLACEMAT",118.86,36
"21095","SET/6 POSIES PAPER PLATES",118.73,125
"84507B","STRIPES DESIGN MONKEY DOLL",118.73,39
"84569B","PACK 3 FIRE ENGINE/CAR PATCHES",118.4,85
"84228","HEN HOUSE W CHICK STANDING",118.21,283
"21032","SPACE CADET WHITE",117.78,97
"90184A","AMBER CHUNKY BEAD BRACELET W STRAP",117.73,13
"90183A","AMBER DROP EARRINGS W LONG BEADS",117.24,40
"23244","STORAGE TIN VINTAGE LEAF",117,60
"84741C","CITRUS GARLAND FELT FLOWERS",117,60
"72780","BLACK SILOUETTE CANDLE PLATE",116.45,137
"51020A","SUMMER FUN DESIGN SHOWER CAP",116.33,325
"72812","LARGE ZINC GLASS CANDLEHOLDER",116.06,34
"84809A","WHITE CHRYSANTHEMUMS ART FLOWER",115.5,55
"16052","TEATIME PUSH DOWN RUBBER",115.3,479
"23185","FRENCH STYLE STORAGE JAR JAM",114.85,317
"23151","ZINC SWEETHEART SOAP DISH",114.33,61
"23535","WALL ART BICYCLE SAFTEY",114.15,21
"90130B","TURQ STONE/CRYSTAL EARRINGS",113.97,39
"47518F","ICON PLACEMAT POP ART ELVIS",113.64,827
"72801D","4 SKY BLUE DINNER CANDLES",113.21,75
"20795","LARGE BLUE PROVENCAL CERAMIC BALL",113.05,49
"84457","SET/3 RABBITS FLOWER SKIPPPING ROPE",112.56,126
"90003D","CRYSTAL PAIR HEART HAIR SLIDES",112.26,30
"90096","NECKLACE+BRACELET SET BLUE BLOSSOM",112.21,45
"21678","PAISLEY PATTERN  STICKERS",111.86,125
"21814","HEART T-LIGHT HOLDER",111.77,74
"90214A","LETTER ""A"" BLING KEY RING",111.66,130
"90036E","FLOWER GLASS GARLD NECKL36""AMETHYST",110.95,14
"47503H","ASS FLORAL PRINT SPIRIT LEVEL",110.86,100
"90185C","BLACK DIAMANTE EXPANDABLE RING",110.09,26
"90125D","PURPLE BERTIE GLASS BEAD BAG CHARM",110.03,95
"20731","POSY CANDY BAG",109.96,92
"85167B","BLACK GRAND BAROQUE PHOTO FRAME",109.94,50
"84925F","PSYCHEDELIC WALL THERMOMETER",109.93,79
"90124C","GREEN MURANO TWIST NECKLACE",109.54,11
"85096","HILDA CANDY SPOT RABBIT",109.23,25
"20894","HANGING BAUBLE T-LIGHT HOLDER LARGE",108.71,33
"23041","PAPER LANTERN 6 POINT SNOW STAR",107.9,26
"21372","MIRRORED WALL ART TABLE LAMP",107.75,75
"35916C","PINK FELT HANGING HEART W FLOWER",107.72,106
"17090A","LAVENDER INCENSE 40 CONES IN TIN",107.45,109
"85129C","BEADED CRYSTAL HEART BLUE SMALL",107.31,80
"23626","SET 10 CARDS DINKY TREE 17076",107.07,43
"23455","SMALL PARLOUR FRAME",106.98,42
"90125A","PINK BERTIE GLASS BEAD BAG CHARM",106.24,115
"35819B","ACRYLIC HANGING JEWEL,BLUE",106.05,268
"20657","TROPICAL LUGGAGE TAG",105.91,73
"35818P","ACRYLIC JEWEL ICICLE, PINK",105.83,263
"20898","VINTAGE NOTEBOOK TRAVELOGUE",105.73,38
"90016A","SILVER/M.O.P PENDANT ORBIT NECKLACE",105.71,17
"85040a","S/4 PINK FLOWER CANDLES IN BOWL",105.28,32
"21904","HOUSE WRECKING METAL SIGN",105,50
"22039","BOTANICAL LILY GIFT WRAP",105,250
"23574","PACKING CHARGE",105,14
"35920","FOUR RABBIT EASTER DECORATIONS",104.84,72
"84661C","PINK SQUARE TABLE CLOCK",104.84,71
"84461","12 PINK HEN+CHICKS IN BASKET",104.55,41
"90122A","PINK CRYSTAL+GLASS BRACELET",104.53,21
"17084P","DRAGONS BLOOD INCENSE",104.44,423
"20796","SMALL BLUE PROVENCAL CERAMIC BALL",103.94,62
"79144B","PAINTED LIGHTBULB STAR+ MOON",103.23,180
"90032","IVORY SHELL HEART NECKLACE",103.13,21
"22879","NUMBER TILE VINTAGE FONT 0",102.46,70
"90063A","WHITE VINT ART DECO CRYSTAL NECKLAC",102,12
"90196A","PURPLE GEMSTONE NECKLACE 45CM",102,8
"90148","LONG SILVER NECKLACE PASTEL FLOWER",101.73,8
"21109","LARGE CAKE TOWEL, CHOCOLATE SPOTS",101.53,11
"20701","PINK CAT FLORAL CUSHION COVER",100.97,25
"35637C","PINK STRING CURTAIN WITH POLE",100.86,30
"16033","MINI HIGHLIGHTER PENS",100.8,840
"35911B","PINK/FLOWER RABBIT EGG WARMER",100.76,119
"gift_0001_40","Dotcomgiftshop Gift Voucher £40.00",100.7,3
"21370","MIRRORED WALL ART FOXY",100.66,16
"84247E","PACK/12 XMAS FUN CARD",100.3,34
"90010B","BLACK/WHITE GLASS/SILVER BRACELET",100.09,11
"23611","SET 10 CARDS RED RIDING HOOD 17214",99.6,40
"90081C","LILY BROOCH OLIVE COLOUR",99.6,20
"23464","VINTAGE ZINC WATERING CAN SMALL",99.2,18
"23465","TUSCAN VILLA FEEDING STATION",99,12
"23466","TUSCAN VILLA DOVECOTE",99,12
"23191","BUNDLE OF 3 RETRO EXERCISE BOOKS",99,60
"17091A","LAVENDER INCENSE IN TIN",98.91,171
"84510c","SET OF 4 POLKADOT COASTERS",98.7,40
"84898F","YELLOW FLOWERS FELT HANDBAG KIT",98.63,46
"79144C","PAINTED LIGHTBULB RAINBOW DESIGN",98.12,152
"90101","WHITE FRANGIPANI NECKLACE",98.07,39
"84723","CHERRY BLOSSOM CANVAS ART PICTURE",97.95,41
"47369B","BLUE GREEN EMBROIDERY COSMETIC BAG",97.13,35
"90185B","AMETHYST DIAMANTE EXPANDABLE RING",97.02,23
"84806A","PINK CANDYSTUFT ARTIFICIAL FLOWER",96.89,137
"90204","PAIR OF ENAMEL BUTTERFLY HAIRCLIP",96.86,29
"84801A","PINK HYDRANGEA ART FLOWER",96.6,46
"90019B","GOLD M.O.P ORBIT BRACELET",96.52,18
"72801c","4 ROSE PINK DINNER CANDLES",95.94,39
"21722","SWEET PUDDING STICKER SHEET",95.53,98
"90174","BUTTERFLY HAIR BAND",95.42,38
"21777","RECIPE BOX WITH METAL HEART",95.4,12
"90036D","FLOWER GLASS GARLAND NECKL.36""BLACK",95.35,12
"90146","FINE SILVER NECKLACE W PASTEL FLOWE",95.35,17
"90178A","AMBER CHUNKY GLASS+BEAD NECKLACE",95.25,8
"20653","CHERRY BLOSSOM LUGGAGE TAG",95.18,73
"84527","FLAMES SUNGLASSES PINK LENSES",95.1,52
"84666","SQUARE CHERRY BLOSSOM CABINET",94.8,24
"90133","TEAL/FUSCHIA COL BEAD NECKLACE",94.43,19
"20622","VIP PASSPORT COVER",94.04,43
"23402","HOME SWEEET HOME 3 PEG HANGER",93.75,25
"47369A","PINK GREEN EMBROIDERY COSMETIC BAG",93.19,33
"20773","BLUE PAISLEY NOTEBOOK",92.4,56
"82613A","METAL SIGN,CUPCAKE SINGLE HOOK",92.38,71
"90018B","GOLD M.O.P ORBIT DROP EARRINGS",92.28,22
"35933","PINK STOCKING CHRISTMAS DECORATION",92.21,226
"85132a","CHARLIE + LOLA BISCUITS TINS",92.2,8
"82615","PINK MARSHMALLOW SCARF KNITTING KIT",91.8,36
"90030C","BROWN KUKUI COCONUT SEED NECKLACE",91.7,77
"90175B","PINK GLASS CHUNKY CHARM BRACELET",91.68,10
"23075","DOUBLE CERAMIC PARLOUR HOOK",91.3,22
"20662","FIRST CLASS HOLIDAY PURSE",90.42,31
"85230F","JASMINE VOTIVE CANDLE",90.34,338
"90163A","PINK ROSEBUD & PEARL NECKLACE",90.32,12
"90022","EDWARDIAN DROP EARRINGS JET BLACK",90.2,24
"72051S","BAG OF SILVER STONES",89.53,130
"35400","WOODEN BOX ADVENT CALENDAR",89.5,10
"20892","SET/3 TALL GLASS CANDLE HOLDER PINK",89.22,4
"90123A","PINK HEART OF GLASS BRACELET",89.12,15
"35833P","4 PINK FLOCK CHRISTMAS BALLS",88.47,49
"84984A","GREEN PEONY CUSHION COVER",88.35,19
"84306","S/3 PINK SQUARE PLANTERS ROSES",88.22,10
"90166","PINK & WHITE ROSEBUD RING",88.04,21
"90129F","RED GLASS TASSLE BAG CHARM",88.03,40
"84989a","75 GREEN FAIRY CAKE CASES",87.51,42
"20869","GOLD FABRIC MIRROR",86.76,180
"21038","SET/4 MODERN VINTAGE COTTON NAPKINS",86.75,77
"23614","SET 10 CARDS 12 DAYS WRAP  17058",86.58,26
"90003E","GREEN PAIR HEART HAIR SLIDES",86.11,23
"84531B","BLUE KNITTED EGG COSY",85.61,155
"79403","FROSTED WHITE BASE",85.52,95
"75172","PAINTED SEA SHELL METAL WINDCHIME",85.31,93
"20901","VINTAGE KEEPSAKE BOX PINK FLOWER",85.13,19
"79051A","SMOKEY GREY COLOUR GLASS",84.76,236
"20821","GOLDIE LOOKING MIRROR",84.15,17
"23456","MEDIUM PARLOUR FRAME",84.1,22
"79030D","TUMBLER, BAROQUE",84.04,56
"16169K","WRAP FOLK ART",84,200
"20941","FROG CANDLE",83.78,64
"90072","RUBY DROP CHANDELIER EARRINGS",83.42,21
"22016","Dotcomgiftshop Gift Voucher £100.00",83.33,1
"90123C","GREEN HEART OF GLASS BRACELET",83.29,14
"23442","12 HANGING EGGS HAND PAINTED",83.2,40
"90129A","PINK GLASS TASSLE BAG CHARM",82.98,45
"84881","BLUE WIRE SPIRAL CANDLE HOLDER",82.57,12
"21690","SILVER  CANDLEPOT JARDIN",82.5,22
"35638A","PINK AND BLACK STRING CURTAIN",82.1,38
"35968","FOLK ART METAL HEART T-LIGHT HOLDER",82.1,163
"16049","TEATIME GEL PENS ASST",82.08,504
"90108","BLUE BLOSSOM HAIR CLIP",81.96,70
"20664","TROPICAL HOLIDAY PURSE",81.66,32
"71496A","A4 WALL TIDY BLUE OFFICE",80.96,127
"21226","POCKET MIRROR WOODLAND",80.55,93
"90175C","BLUE GLASS CHUNKY CHARM BRACELET",80.55,9
"84249A","GREETING CARD,SQUARE, DOUGHNUTS",80.46,174
"84927E","FLOWERS TILE HOOK",80.16,59
"23370","SET 36 COLOUR PENCILS DOILEY",80,64
"90129C","GREEN GLASS TASSLE BAG CHARM",79.76,35
"90124A","PINK MURANO TWIST NECKLACE",79.66,8
"90162B","ANT SILVER LIME GREEN BOUDICCA RING",79.65,27
"84984B","RED PEONY CUSHION COVER",79.05,17
"21278","VINTAGE KITCHEN PRINT PUDDINGS",79.05,31
"72811","SMALL ZINC/GLASS CANDLEHOLDER",78.93,53
"90039D","FIRE POLISHED GLASS BRACELET GREEN",78.69,21
"84906","PINK B'FLY C/COVER W BOBBLES",78.17,12
"37479B","CUBIC MUG FLOCK BLUE ON BROWN",78.09,131
"90000A","RASPBERRY ANT COPPER FLOWER NECKLAC",77.91,13
"90086","CRYSTAL FROG PHONE CHARM",77.79,102
"23497","CLASSIC CROME BICYCLE BELL",77.4,60
"90129E","PURPLE GLASS TASSLE BAG CHARM",77.04,42
"20980","36 PENCILS TUBE POSY",76.91,79
"84531A","PINK KNITTED EGG COSY",76.69,147
"46000P","POLYESTER FILLER PAD 65CMx65CM",76.5,18
"84840","SWEETHEART CARRY-ALL BASKET",76.44,6
"90099","NECKLACE+BRACELET SET BLUE HIBISCUS",76.38,27
"90063B","BLACK VINT ART DEC CRYSTAL NECKLACE",76.32,9
"90177C","DROP DIAMANTE EARRINGS CRYSTAL",76.23,26
"16207B","PINK HEART RED HANDBAG",76.14,29
"20798","CLEAR MILKSHAKE GLASS",75.6,36
"22416","SET OF 36 SPACEBOY PAPER DOILIES",75.42,51
"21946","PARTY TIME DESIGN FLANNEL",75.35,86
"21413","PERIWINKLE T-LIGHT HOLDER",75.02,48
"23061","VINTAGE ENGRAVED HEART",75,60
"84847","FLORAL BATHROOM SET",75,20
"gift_0001_10","Dotcomgiftshop Gift Voucher £10.00",74.97,9
"84968d","SET OF 16 VINTAGE RED CUTLERY",74.88,3
"23044","PAPER LANTERN 9 POINT HOLLY STAR 23",74.7,18
"23068","ALUMINIUM HEART",74.7,30
"84251G","GREETING CARD, OVERCROWDED POOL.",74.7,270
"90118","PINK DAISY BAG CHARM",74.64,30
"85132b","CHARLIE AND LOLA TABLE TINS",74.61,9
"85198","ASSORTED FARMYARD ANIMALS IN BUCKET",74.58,90
"21087","SET/6 POSIES PAPER CUPS",74.57,141
"90059A","DIAMANTE HAIR GRIP PACK/2 CRYSTAL",74.53,45
"22285","DECORATION HEN ON NEST, HANGING",74.43,42
"90081A","LILY BROOCH AMETHYST COLOUR",74.25,15
"90098","NECKLACE+BRACELET PINK BUTTERFLY",73.95,29
"90177D","DROP DIAMANTE EARRINGS PURPLE",73.53,25
"90214C","LETTER ""C"" BLING KEY RING",72.77,91
"90103","PURPLE FRANGIPANI NECKLACE",72.66,29
"84231","EASTER BUNNY WITH BASKET ON BACK",72.63,108
"20960","WATERMELON BATH SPONGE",72.49,29
"90030A","SPOTTED WHITE NATURAL SEED NECKLACE",72,72
"85197","SET OF 12 MINI BUNNIES IN A BUCKET",71.4,34
"90036C","FLOWER GLASS GARLAND NECKL.36""BLUE",71.4,9
"22950","SET OF 36 VINTAGE CHRISTMAS DOILIES",71.27,38
"17014A","ORIGAMI VANILLA INCENSE CONES",71.19,155
"23413","DECROTIVEVINTAGE COFFEE GRINDER BOX",71.08,12
"20933","YELLOW POT PLANT CANDLE",71.05,23
"90214S","LETTER ""S"" BLING KEY RING",71,94
"90211A","DIAMOND LAS VEGAS NECKLACE 45CM",70.97,12
"47589","CONGRATULATIONS BUNTING",70.85,13
"84251B","GREETING CARD, STICKY GORDON",70.78,245
"51020B","STRIPY DESIGN SHOWER CAP",70.57,197
"84927A","WAKE UP COCKEREL TILE HOOK",70.45,50
"85026B","EAU DE NILE JEWELLED T-LIGHT HOLDER",70.27,79
"90051","CRACKED GLAZE NECKLACE RED",70.16,10
"16161G","WRAP BAD HAIR DAY",70,700
"16020C","CLEAR STATIONERY BOX SET",69.9,84
"90125C","TURQUOISE BERTIE GLASS BEAD CHARM",69.85,77
"46126A","ELVIS WALLHANGING / CURTAIN",69.84,52
"22949","SET OF 36 DOLLY GIRL PAPER DOILIES",69.66,45
"90199A","5 STRAND GLASS NECKLACE BLACK",69.63,11
"84549","CROCHET WHITE RABBIT KEYRING",69.38,38
"81952V","ROUND PURPLE CLOCK WITH SUCKER",69.35,365
"90019C","SILVER BLACK ORBIT BRACELET",68.73,13
"85188B","PINK METAL SWINGING BUNNY",68.7,78
"90151","SILVER/NATURAL SHELL NECKLACE",68,8
"22597","CHRISTMAS MUSICAL ZINC HEART",67.9,58
"90194","SILVER LARIAT BLACK STONE EARRINGS",67.87,16
"90000B","MIDNIGHT BLUE COPPER FLOWER NECKLAC",67.83,11
"90155","RESIN NECKLACE W PASTEL BEADS",67.62,9
"84874B","BLUE TRAVEL FIRST AID KIT",67.51,41
"82011A","BATHROOM SCALES, TROPICAL BEACH",67.5,18
"85049B","LUSH GREENS RIBBONS",67.5,54
"35916A","YELLOW FELT HANGING HEART W FLOWER",67.39,87
"90144","SILVER DROP EARRINGS WITH FLOWER",67.36,18
"90024B","NEW BAROQUE B'FLY NECKLACE RED",67.28,8
"90040B","MURANO STYLE GLASS BRACELET BLACK",66.7,18
"35819P","ACRYLIC HANGING JEWEL,PINK",66.55,95
"84686","BEACH HUT MIRROR",66.39,49
"17011F","ORIGAMI SANDLEWOOD INCENSE+FLOWER",66.36,81
"37444A","YELLOW BREAKFAST CUP AND SAUCER",66.35,53
"72807a","SET/3 ROSE CANDLE IN JEWELLED BOX",66.32,8
"20663","QUEEN OF THE SKIES HOLIDAY PURSE",66.26,25
"85008","SET OF 3 CONEY ISLAND OVAL BOXES",66.12,13
"20835","FRENCH LATTICE CUSHION COVER",65.8,67
"90214L","LETTER ""L"" BLING KEY RING",65.04,94
"84247K","FOLK ART GREETING CARD,pack/12",64.9,22
"84247N","PACK/12 BLUE FOLKART CARDS",64.9,22
"84859B","BLUE DISCO HANDBAG",64.81,31
"90186B","CRYSTAL HOOP EARRING FLORAL LEAF",64.58,22
"23235","BISCUIT TIN VINTAGE LEAF",64.56,24
"90202D","PINK ENAMEL FLOWER HAIR TIE",64.46,22
"90202A","PURPLE ENAMEL FLOWER HAIR TIE",64.28,22
"21031","SPACE CADET BLACK",64.24,52
"90036F","FLOWER GLASS GARLD NECKL36""TURQUOIS",64.08,8
"90181A","AMBER GLASS/SHELL/PEARL NECKLACE",64.04,7
"23253","16 PC CUTLERY SET PANTRY DESIGN",63.8,4
"21692","SILVER LATTICE VANILLA CANDLE POT",63.75,17
"84875D","BLUE SQUARE COMPACT MIRROR",63.75,51
"84673A","PINK FLY SWAT",63.72,92
"72133","COLUMBIAN CANDLE RECTANGLE",63.51,45
"90196B","BLACK GEMSTONE NECKLACE 45CM",63.48,5
"35815P","ACRYLIC JEWEL SNOWFLAKE, PINK",63.28,162
"62094B","TURQ ICE CREAM BUM BAG",63.21,19
"90141A","GREEN PENDANT TRIPLE SHELL NECKLACE",63.11,12
"S","SAMPLES",63.05,2
"22145","CHRISTMAS CRAFT HEART STOCKING",63,30
"84452","METAL RABBIT LADDER EASTER",62.9,74
"17012E","ORIGAMI OPIUM INCENSE/CANDLE SET",62.64,44
"22407","MONEY BOX FIRST ADE DESIGN",62.5,50
"40046A","RED DAISY PAPER LAMPSHADE",62.5,50
"84760S","SMALL HANGING GLASS+ZINC LANTERN",62.35,43
"72351a","SET/6 TURQUOISE BUTTERFLY T-LIGHTS",62.27,15
"85160B","BLACK BIRD GARDEN DESIGN MUG",62.24,106
"84247L","FAWN AND MUSHROOM GREETING CARD",62.06,128
"20848","ZINC HEART LATTICE CHARGER SMALL",61.95,21
"90210B","CLEAR ACRYLIC FACETED BANGLE",61.56,41
"90087","CRYSTAL SEA HORSE PHONE CHARM",61.46,107
"16151A","FLOWERS HANDBAG blue and orange",61.25,49
"23541","WALL ART ,PUDDINGS",61.2,8
"90183B","AMETHYST DROP EARRINGS W LONG BEADS",61.08,21
"71495B","CD WALL TIDY RED FLOWERS",61.05,163
"21655","HANGING RIDGE GLASS T-LIGHT HOLDER",60.84,36
"90214K","LETTER ""K"" BLING KEY RING",60.7,78
"84984D","ORIENTAL RED CUSHION COVER",60.45,13
"84805A","CREAM CLIMBING HYDRANGA ART FLOWER",60,32
"90031","BILI NUT AND WOOD NECKLACE",59.89,50
"90206A","GOLD DIAMANTE STAR BROOCH",59.8,12
"22847","BREAD BIN, DINER STYLE, IVORY",59.8,4
"22849","BREAD BIN, DINER STYLE, MINT",59.8,4
"23629","SET 10 CARDS DRESSING UP 17077",59.76,24
"84985A","SET OF 72 GREEN PAPER DOILIES",59.45,41
"23537","I LOVE LONDON WALL ART",59.4,12
"21910","WAY OUT METAL SIGN",59.4,36
"23325","RUSTIC STRAWBERRY JAMPOT SMALL",59.4,36
"79071B","ENGLISH ROSE METAL WASTE BIN",59,20
"90202C","GREEN ENAMEL FLOWER HAIR TIE",58.71,20
"20760","GARDEN PATH POCKET BOOK",58.65,69
"84798A","PINK FOXGLOVE ARTIIFCIAL FLOWER",58.65,23
"72134","COLUMBIAN  CUBE CANDLE",58.62,105
"90190C","SILVER/AMETHYST DROP EARRINGS LEAF",58.43,20
"84877A","PINK ROUND COMPACT MIRROR",58.16,40
"90082D","DIAMANTE BOW BROOCH BLACK COLOUR",58.03,9
"72802a","ROSE SCENT CANDLE IN JEWELLED BOX",58.03,7
"71406C","BLACK ORANGE SQUEEZER",57.96,138
"90210A","GREY ACRYLIC FACETED BANGLE",57.55,34
"84466","TOP SECRET PEN SET",57.5,46
"84597C","RETRO PINK BALL ASHTRAY",57.5,46
"72801G","4 BURGUNDY WINE DINNER CANDLES",57.46,45
"85006","SET 4 NURSERY DES ROUND BOXES",57.25,55
"90214J","LETTER ""J"" BLING KEY RING",57.21,71
"21460","GREEN EASTER EGG HUNT START POST",56.78,28
"90199B","5 STRAND GLASS NECKLACE AMETHYST",56.59,9
"44236","PINK/PURPLE CIRCLE CURTAIN",56.52,52
"90003B","ROSE COLOUR PAIR HEART HAIR SLIDES",56.31,15
"47341B","BLUE TABLE RUN FLOWER",56.25,45
"90038A","GLASS AND PAINTED BEADS BRACELET TO",56.15,15
"90050","CRACKED GLAZE NECKLACE IVORY",55.72,8
"84679","CLASSICAL ROSE TABLE LAMP",55.7,6
"16046","TEATIME PEN CASE & PENS",55.25,65
"90023","FILIGREE DIAMANTE EARRINGS",55.02,13
"84750B","BLACK SMALL GLASS CAKE STAND",54.99,61
"90014A","SILVER M.O.P. ORBIT NECKLACE",54.8,11
"90071","RUBY GLASS CLUSTER EARRINGS",54.62,44
"72132","COLUMBIAN CUBE CANDLE",54.6,28
"21336","GOLD WASHBAG",54.57,27
"90040C","MURANO STYLE GLASS BRACELET GOLD",54.42,15
"20759","CHRYSANTHEMUM POCKET BOOK",54.4,64
"90040A","MURANO STYLE GLASS BRACELET RED",54.29,14
"20793","BLUE TILED TRAY",54,8
"79323B","BLACK CHERRY LIGHTS",54,8
"23389","SPACEBOY MINI RUCKSACK",53.95,13
"84251C","GREETING CARD, TWO SISTERS.",53.88,127
"90012A","MIDNIGHT BLUE DROP CRYSTAL NECKLACE",53.76,11
"90035A","PEARL & SHELL 42""NECKL. GREEN",53.62,5
"20851","ZINC HEART LATTICE TRAY OVAL",53.55,9
"20756","GREEN FERN POCKET BOOK",53.55,63
"47586A","PINK FAIRY CAKE CUSHION COVER",53.55,21
"90123B","TURQUOISE HEART OF GLASS BRACELET",53.42,9
"90211B","JET BLACK LAS VEGAS NECKLACE 45CM",53.26,9
"90214E","LETTER ""E"" BLING KEY RING",53.2,72
"20857","BLUE ROSE PATCH PURSE PINK BUTTERFL",52.8,32
"90163B","WHITE ROSEBUD & PEARL NECKLACE",52.72,7
"90168","2 DAISIES HAIR COMB",52.56,18
"84805B","BLUE CLIMBING HYDRANGA ART FLOWER",52.5,38
"84842","HELLO SAILOR BATHROOM SET",52.5,14
"90176D","DIAMANTE NECKLACE PURPLE",52.5,7
"90138","WHITE/PINK MINI CRYSTALS NECKLACE",52.42,10
"90141C","TURQ PENDANT TRIPLE SHELL NECKLACE",52.31,10
"35265","COLOURFUL FLOWER FRUIT BOWL",52.2,17
"23035","DOORKNOB CERAMIC IVORY",52.2,36
"23196","RETO LEAVES MAGNETIC SHOPPING LIST",52.2,36
"84927D","LA PALMIERA TILE HOOK",51.86,47
"85028S","FRENCH CHATEAU SMALL FRUITBOWL",51.6,24
"90205A","LARGE MINT DIAMANTE HAIRSLIDE",51.51,31
"84597B","RETRO BROWN BALL ASHTRAY",51.25,41
"20910","VINTAGE PHOTO ALBUM PARIS DAYS",50.8,8
"84534B","FAIRY CAKE NOTEBOOK A5 SIZE",50.72,53
"35916B","BLUE FELT HANGING HEART WITH FLOWER",50.57,75
"17007B","S/3 POT POURI CUSHIONS BLUE COLOURS",50.4,24
"90018C","SILVER BLACK ORBIT DROP EARRINGS",50.4,12
"47348A","FUSCHIA VOILE POINTY SHOE DEC",50.31,97
"44242B","PINK FEATHERS CURTAIN",50.28,52
"90214D","LETTER ""D"" BLING KEY RING",49.9,68
"90214M","LETTER ""M"" BLING KEY RING",49.82,60
"90180B","PURPLE AMETHYST NECKLACE W TASSEL",49.81,5
"23603","SET 10 CARD KRAFT REINDEER 17084",49.8,20
"23197","VEGETABLE MAGNETIC  SHOPPING LIST",49.8,36
"90079","VINTAGE ENAMEL & CRYSTAL NECKLACE",49.76,10
"20667","CHERRY BLOSSOM PURSE",49.69,20
"90202B","WHITE ENAMEL FLOWER HAIR TIE",49.65,17
"90142D","MOP PENDANT SHELL NECKLACE",49.64,10
"90157","RIVIERA NECKLACE",49.59,10
"23015","CORDIAL JUG",49.5,6
"21089","SET/6 GREEN SPRING PAPER CUPS",48.99,233
"90038B","GLASS AND PAINTED BEADS BRACELET OL",48.77,13
"84497","BUTTONS AND STRIPES NOTEBOOK",48.75,13
"90002D","FLOWER BURST SILVER RING CRYSTAL",48.71,13
"20697","LITTLE GREEN MONSTER SOFT TOY",48.45,19
"21720","CAKE SHOP  STICKER SHEET",48.45,57
"DCGS0076","SUNJAR LED NIGHT NIGHT LIGHT",48.39,3
"84559a","3D SHEET OF DOG STICKERS",48.38,29
"84510E","SET OF 4 GREEN CAROUSEL COASTERS",48.29,34
"90205C","LARGE CRYSTAL DIAMANTE HAIRSLIDE",48.21,29
"84402B","PURPLE DRESS JEWELLERY STAND",48.19,61
"90125B","AQUA BERTIE GLASS BEAD BAG CHARM",48.06,30
"21816","CHRISTMAS TREE T-LIGHT HOLDER",47.85,33
"90169","DAISY HAIR COMB",47.84,19
"90036A","FLOWER GARLAND NECKLACE RED",47.7,6
"23539","WALL ART , LOVES' SECRET",47.6,8
"90165B","WHITE ROSEBUD  PEARL EARRINGS",47.43,19
"17084J","LOVE POTION MASALA INCENSE",47.25,225
"90065A","WHITE VINTAGE CRYSTAL BRACELET",47.25,7
"84086B","YELLOW/BLUE RETRO RADIO",47.2,16
"84706F","RED PEONY TABLE CLOCK",47.2,16
"84715","SET OF 6 ICE CREAM SKITTLES",47.2,16
"84750A","PINK SMALL GLASS CAKE STAND",46.8,24
"84857B","BLUE MONTE CARLO HANDBAG",46.8,24
"90190A","SILVER/CRYSTAL DROP EARRINGS W LEAF",46.76,16
"21392","RED POLKADOT PUDDING BOWL",46.39,34
"23107","WHITE WIRE PLANT POT HOLDER",46.24,16
"84801B","WHITE HYDRANGEA ART FLOWER",46.2,22
"23047","PAPER LANTERN 5 POINT STUDDED STAR",46,8
"85031A","ROMANTIC IMAGES SCRAP BOOK SET",45.9,16
"90012B","BLACK DROP CRYSTAL NECKLACE",45.35,13
"90064B","BLACK VINTAGE  CRYSTAL EARRINGS",45,12
"23625","SET 6 CARDS SPARKLY REINDEER 17262",44.91,9
"90141B","IVORY PENDANT TRIPLE SHELL NECKLACE",44.86,9
"84906","PINK BUTTERFLY CUSHION COVER",44.85,23
"85185D","FROG SOCK PUPPET",44.25,15
"20670","VIP HOLIDAY PURSE",44.04,14
"47344B","BLUE FLOWER DES PURSE",43.66,44
"79063C","RETRO PILL BOX KEY CHAIN,THE KING",43.65,235
"90056","CHUNKY CRACKED GLAZE NECKLACE IVORY",43.51,4
"20698","LITTLE PINK MONSTER SOFT TOY",43.35,17
"46138B","BLUE CHENILLE SHAGGY CUSHION COVER",43.15,43
"23038","T-LIGHT HOLDER SILVER SAUCER",42.92,44
"84539","KNITTED RABBIT DOLL",42.9,26
"22987","WRAP SUMMER ROSE DESIGN",42.84,102
"20818","GOLD TEDDY BEAR",42.7,15
"16254","TRANSPARENT ACRYLIC TAPE DISPENSER",42.58,40
"84922","PINK BUTTERFLY WASHBAG",42.29,9
"37444C","PINK BREAKFAST CUP AND SAUCER",42.27,21
"90029","NEW BAROQUE SMALL NECKLACE BLACK",42.14,5
"90024F","NEW BAROQUE B'FLY NECKLACE CRYSTAL",42.13,5
"47570b","TEA TIME TABLE CLOTH",42.02,2
"16156L","WRAP, CAROUSEL",42,100
"17084A","TRANQUILITY MASALA INCENSE",42,200
"23231","WRAP  VINTAGE DOILEY",42,100
"90120D","WHITE MURANO TWIST BRACELET",41.79,10
"20666","ECONOMY HOLIDAY PURSE",41.53,30
"23045","PAPER LANTERN 5 POINT STAR MOON 30",41.5,10
"15030","FAN BLACK FRAME",41.47,143
"72807c","SET/3 VANILLA SCENTED CANDLE IN BOX",41.45,5
"84997a","GREEN 3 PIECE POLKADOT CUTLERY SET",41.45,5
"90059D","DIAMANTE HAIR GRIP PACK/2 PERIDOT",41.45,25
"90059E","DIAMANTE HAIR GRIP PACK/2 RUBY",41.37,25
"90039B","FIRE POLISHED GLASS BRACELET MONTAN",41.31,11
"90162C","ANT SILVER FUSCHIA BOUDICCA RING",41.3,14
"84921","CREAM AND PINK FLOWERS PONY",41.25,11
"23448","CREAM BUNNY EASTER EGG BASKET",41.25,25
"75013B","STRING OF 8 BUTTERFLIES,PINK",41.25,25
"90067A","PINK VINTAGE VICTORIAN EARRINGS",41.15,14
"90177E","DROP DIAMANTE EARRINGS GREEN",41.08,14
"90177B","DROP DIAMANTE EARRINGS BLACK DIAMON",41.01,14
"90182C","BLACK 3 BEAD DROP EARRINGS",40.96,14
"90130C","GREEN STONE/CRYSTAL EARRINGS",40.95,14
"90177A","CLASSIC DIAMANTE EARRINGS JET",40.9,14
"23148","MINITURE ANTIQUE ROSE HOOK IVORY",40.8,48
"71495A","CD WALL TIDY BLUE OFFICE",40.38,103
"10120","DOGGY RUBBER",40.32,192
"90214G","LETTER ""G"" BLING KEY RING",40.2,60
"85092","CANDY SPOT TEA COSY",40.05,27
"90187B","GREEN DROP EARRINGS W BEAD CLUSTER",40.03,12
"90165A","PINK ROSEBUD PEARL EARRINGS",39.98,16
"72369A","PINK CLEAR GLASS CANDLE PLATE",39.92,30
"23462","ROCOCO WALL MIROR",39.9,2
"90135","ORANGE/WHT/FUSCHIA STONES NECKLACE",39.66,8
"84725","FREESTYLE CANVAS ART PICTURE",39.65,41
"22972","CHILDRENS SPACEBOY MUG",39.6,24
"84596f","SMALL MARSHMALLOWS PINK BOWL",39.36,16
"84575A","PINK DOG CANNISTER",39.3,14
"21307","SET/4 BUTTERFLY MIRROR MAGNETS",39.2,79
"35910A","MULTICOLOUR EASTER RABBIT",39,20
"47341A","FUSCHIA TABLE RUN FLOWER",38.75,27
"90064A","WHITE VINTAGE CRYSTAL EARRINGS",38.7,10
"21393","BLUE POLKADOT PUDDING BOWL",38.67,29
"85089","CANDY SPOT BUNNY",38.35,13
"84559b","3D SHEET OF CAT STICKERS",38.33,23
"84746","PINK EASTER HENS+FLOWER",38.31,14
"84617","NEW BAROQUE BLACK BOXES",38.25,3
"84925D","LA PALMIERA WALL THERMOMETER",38.25,15
"90190B","GOLD/AMBER DROP EARRINGS W LEAF",38.18,13
"81952B","ROUND BLUE CLOCK WITH SUCKER",38,200
"84033","FLAG OF ST GEORGE",37.95,23
"84809B","PINK CHRYSANTHEMUMS ART FLOWER",37.8,18
"90075","MONTANA DIAMOND CLUSTER NECKLACE",37.66,4
"90199D","5 STRAND GLASS NECKLACE AMBER",37.62,6
"90212B","JET BLACK LAS VEGAS BRACELET ROUND",37.62,10
"79191D","RETRO PLASTIC DAISY TRAY",37.61,35
"23043","PAPER LANTERN 9 POINT HOLLY STAR 40",37.5,6
"72709","IVORY SCULPTED RND CANDLE",37.4,44
"35809a","ENAMEL PINK TEA CONTAINER",37.33,9
"84509b","SET OF 4 FAIRY CAKE PLACEMATS",37.3,5
"47420","ASSORTED COLOUR SUCTION CUP HOOK",37.24,196
"90074","BLACK DIAMOND CLUSTER NECKLACE",37.24,4
"22837","HOT WATER BOTTLE BABUSHKA LARGE",37.2,8
"84751B","BLACK MEDIUM GLASS CAKE STAND",37.11,17
"22407","MONEY BOX FIRST AID DESIGN",36.78,44
"84522","PINK PARTY SUNGLASSES",36.76,20
"90085","CRYSTAL STILETTO PHONE CHARM",36.76,34
"90214H","LETTER ""H"" BLING KEY RING",36.76,48
"71510","SQUARE METAL CANDLEHOLDER BASE",36.52,52
"84548","CROCHET BEAR RED/BLUE  KEYRING",36.3,22
"17090D","VANILLA INCENSE 40 CONES IN TIN",36.25,29
"84226","HEN HOUSE W FAMILY IN BARN & NEST",36.21,51
"85216","ASSORTED CAKES FRIDGE MAGNETS",35.75,55
"90094","NECKLACE+BRACELET SET FRUIT SALAD",35.7,14
"35913B","WHITE/PINK CHICK EASTER DECORATION",35.48,36
"90179C","BLACK FINE BEAD NECKLACE W TASSEL",35.44,6
"90123D","WHITE HEART OF GLASS BRACELET",35.31,6
"90179A","AMBER FINE BEAD NECKLACE W TASSEL",35.31,6
"90011B","BLACK CRYSTAL DROP EARRINGS",35.27,12
"90060F","FIRE POLISHED GLASS NECKL GREEN",35.16,6
"79063D","RETRO PILL BOX , REVOLUTIONARY",35.14,189
"90131","PINK/AMETHYST/GOLD NECKLACE",34.87,5
"23196","LEAVES MAGNETIC  SHOPPING LIST",34.8,24
"90049","IVORY GOLD METAL BAG CHARM",34.77,5
"90059F","DIAMANTE HAIR GRIP PACK/2 LT ROSE",34.69,21
"20827","GOLD APERITIF GLASS",34.32,88
"79406","FROSTED WHITE BASE",34.12,144
"84873A","FUNKY FLOWER PICNIC BAG FOR 4",33.9,2
"90026C","GLASS BEAD HOOP NECKLACE GREEN",33.82,4
"90024C","NEW BAROQUE B'FLY NECKLACE GREEN",33.81,4
"90038C","GLASS AND BEADS BRACELET IVORY",33.69,9
"81950B","FLOWER BLUE CLOCK WITH SUCKER",33.64,116
"72783","BLACK SIL'T SQU CANDLE PLATE",33.6,16
"90129D","AMBER GLASS TASSLE BAG CHARM",33.44,14
"23390","DOLLY GIRL MINI RUCKSACK",33.2,8
"37423","WHITE WITH BLACK CATS PLATE",33.18,78
"72807b","SET/3 OCEAN SCENT CANDLE JEWEL BOX",33.16,4
"35610C","WHITE CHRISTMAS FLOCK DROPLET",32.51,25
"17109D","FLOWER FAIRY INCENSE BOUQUET",32.35,61
"90186A","AMETHYST HOOP EARRING FLORAL LEAF",32.16,11
"37468","HARDMAN MUG 3 ASSORTED",32.03,64
"84824","DANISH ROSE UMBRELLA STAND",31.9,2
"90036B","FLOWER GLASS GARLAND NECKL.36""GREEN",31.8,4
"23366","SET 12 COLOUR PENCILS DOILEY",31.2,48
"23632","SET 10 CARDS CHEERFUL ROBIN 17065",31.2,15
"22937","BAKING MOULD CHOCOLATE CUP CAKES",30.6,12
"22937","BAKING MOULD CUPCAKE CHOCOLATE",30.6,12
"44228","CANNABIS LEAF BEAD CURTAIN",30.6,36
"85018D","YULETIDE IMAGES S/6 PAPER BOXES",30.6,12
"37471","MULTICOLOUR POLKADOT PLATE",30.43,29
"90176B","DIAMANTE NECKLACE BLACK",30.12,4
"20878","SET/9 CHRISTMAS T-LIGHTS SCENTED",30,24
"22953","BIRTHDAY BANNER TAPE",30,24
"23250","ENAMEL BOWL PANTRY",30,24
"23252","ENAMEL JUG PANTRY",30,8
"23396","BUTTERFLY CUSHION COVER",30,8
"23437","GIFT BAG LARGE 50'S CHRISTMAS",30,24
"35610B","BLACK CHRISTMAS FLOCK DROPLET",30,24
"90176E","DIAMANTE NECKLACE GREEN",29.98,4
"90195B","BLACK GEMSTONE BRACELET",29.98,4
"90039A","FIRE POLISHED GLASS BRACELET RED",29.96,8
"21310","CAPIZ CHANDELIER",29.95,1
"90122B","JADE CRYSTAL+GLASS BRACELET",29.93,6
"21667","GLASS CAKE COVER AND PLATE",29.9,2
"90014C","SILVER/BLACK ORBIT NECKLACE",29.85,3
"90136","PALE PINK/AMETHYST STONE NECKLACE",29.85,3
"84660a","WHITE STITCHED WALL CLOCK",29.84,4
"90159","COTE D'AZURE NECKLACE",29.79,6
"90001D","ANTIQUE OLIVE GREEN FLOWER EARRINGS",29.73,7
"90120A","PINK MURANO TWIST BRACELET",29.73,7
"21757","LIGHTHOUSE PRINTED METAL SIGN",29.7,6
"23530","WALL ART,ONLY ONE PERSON",29.7,6
"21040","MODERN VINTAGE COTTON SHOPPING BAG",29.7,22
"35816P","ACRYLIC JEWEL ANGEL,PINK",29.64,78
"90214I","LETTER ""I"" BLING KEY RING",29.62,38
"84706D","CHERRY BLOSSOM TABLE CLOCK",29.6,8
"17136A","BLUE STONES ON WIRE FOR CANDLE",29.59,352
"90162D","ANT SILVER PURPLE BOUDICCA RING",29.5,10
"84465","15 PINK FLUFFY CHICKS IN BOX",29.5,10
"82605","OLD DOC RUSSEL METAL SIGN",29.4,14
"84558a","3D DOG PICTURE PLAYING CARDS",29.31,5
"85030","FRENCH CHATEAU OVAL PLATTER",29.25,15
"90214N","LETTER ""N"" BLING KEY RING",29.23,41
"21011","GLITTER SNOW PEAR TREE DECORATION",29,20
"84199","GLOW IN DARK DOLPHINS",28.98,138
"46776f","WOVEN ROSE GARDEN CUSHION COVER",28.91,7
"90152A","SILVER/NAT SHELL NECKLACE W PENDANT",28.76,5
"84803B","WHITE ALLIUM  ARTIFICIAL FLOWER",28.73,17
"90093","CLEAR CRYSTAL STAR PHONE CHARM",28.57,52
"90027D","GLASS BEAD HOOP EARRINGS AMETHYST",28.4,9
"17165D","ASS COL LARGE SAND FROG P'WEIGHT",28.35,27
"23380","PACK OF 12 DOILEY TISSUES",28.08,72
"84798B","PURPLE FOXGLOVE ARTIIFCIAL FLOWER",28.05,11
"90005A","JADE GREEN ENAMEL HAIR COMB",28.02,14
"90214R","LETTER ""R"" BLING KEY RING",28.01,41
"84613A","PINK NEW BAROQUE FLOCK CANDLESTICK",27.9,6
"79066k","RETRO MOD TRAY",27.77,17
"23613","SET 10 XMAS CARDS & BADGES 17070",27.39,11
"23637","SET 10 CARDS OUT OF ORDER 17216",27.39,11
"85126","LARGE ROUND CUTGLASS CANDLESTICK",27.14,2
"23702","High Resolution Image",27,4
"79323P","PINK CHERRY LIGHTS",27,4
"44235","ASSORTED COLOURED CIRCLE MOBILE",26.88,64
"84993a","75 GREEN PETIT FOUR CASES",26.56,32
"35598A","DUSTY PINK CHRISTMAS TREE 60CM",26.55,9
"84675","FROG KING WATERING CAN",26.55,9
"90059B","DIAMANTE HAIR GRIP PACK/2 BLACK DIA",26.52,16
"21836","GINGHAM OVEN GLOVE RED HEART",26.49,5
"72140E","BEST DAD CANDLE LETTERS",26.35,31
"90212C","PURPLE LAS VEGAS BRACELET ROUND",26.25,7
"23636","SET 10 CARDS WISHING TREE 17116",26.19,9
"85017C","ENVELOPE 50 CURIOUS IMAGES",26.17,49
"90183C","BLACK DROP EARRINGS W LONG BEADS",26.15,9
"35916B","BLUE FELT HANGING HEART W FLOWER",26.11,16
"84968B","SET OF 16 VINTAGE IVORY CUTLERY",25.5,2
"90026D","GLASS BEAD HOOP NECKLACE AMETHYST",25.5,3
"84968f","SET OF 16 VINTAGE SKY BLUE CUTLERY",25.49,1
"35910B","PINK FLOWERS RABBIT EASTER",25.35,13
"90026B","GLASS BEAD HOOP NECKLACE MONTANA",25.32,3
"90037B","TINY CRYSTAL BRACELET GREEN",25.28,10
"90013D","PURPLE VINTAGE EARRINGS",25.17,6
"84596e","SMALL LICORICE DES PINK BOWL",25.1,10
"90033","IVORY SHELL HEART EARRINGS",25.07,10
"23104","IVORY PANTRY HANGING LAMP",25,2
"22135","LADLE LOVE HEART PINK",24.98,39
"23214","BELL HEART ANTIQUE GOLD",24.96,12
"90016C","SILVER/BLACK PENDANT ORBIT NECKLACE",24.96,3
"23240","SET OF 4 KNICK KNACK TINS  DOILEY",24.9,6
"23620","SET 10 CARDS PERFECT POST 17090",24.9,10
"15060b","FAIRY CAKE DESIGN UMBRELLA",24.87,3
"85034a","3 GARDENIA MORRIS BOXED CANDLES",24.87,3
"85115B","S/4 BLACK DISCO PARTITION PANEL",24.87,3
"85132c","CHARLIE AND LOLA FIGURES TINS",24.87,3
"90043","COPPER AND BRASS BAG CHARM",24.81,4
"90059C","DIAMANTE HAIR GRIP PACK/2 MONTANA",24.79,15
"90214B","LETTER ""B"" BLING KEY RING",24.77,37
"20820","SILVER LOOKING MIRROR",24.75,5
"84854","GIRLY PINK TOOL SET",24.75,5
"90141E","ORANGE PENDANT TRIPLE SHELL NECKLAC",24.75,5
"20778","GARDEN PATH NOTEBOOK",24.75,15
"84993B","75 BLACK PETIT FOUR CASES",24.36,58
"90076","MONTANA DIAMOND CLUSTER EARRINGS",24.12,9
"21461","BLUE EASTER EGG HUNT START POST",23.86,10
"47503J","SET/3 FLORAL GARDEN TOOLS IN BAG",23.85,3
"84562A","PINK/WHITE RIBBED MELAMINE JUG",23.85,3
"21357","TOAST ITS - DINOSAUR",23.75,19
"35909A","RABBIT EASTER DECORATION",23.6,8
"35909B","PINK FLOWERS RABBIT EASTER",23.6,8
"90083","CRYSTAL CZECH CROSS PHONE CHARM",23.47,25
"22246","GARLAND, MAGIC GARDEN 1.8M",23.4,12
"23244","CANNISTER VINTAGE LEAF DESIGN",23.4,12
"90176C","DIAMANTE NECKLACE",23.32,3
"23623","SET 10 CARD CHRISTMAS WELCOME 17112",23.28,8
"90182A","AMBER 3 BEAD DROP EARRINGS",23.2,8
"90104","PURPLE FRANGIPANI HAIRCLIP",23.16,28
"23236","STORAGE TIN VINTAGE DOILEY",23.13,7
"23106","ZINC PLANT POT HOLDER",23.12,8
"85195","HANGING HEART BASKET",23.1,11
"85206B","PINK FELT EASTER EGG BASKET",23.1,14
"22351","DOTCOMGIFTSHOP TEA TOWEL",23.09,13
"90214Y","LETTER ""Y"" BLING KEY RING",22.84,66
"23145","ZINC T-LIGHT HOLDER STARS LARGE",22.8,24
"90054","CRACKED GLAZE EARRINGS RED",22.58,9
"90188","DROP EARRINGS W FLOWER & LEAF",22.58,9
"90039C","FIRE POLISHED GLASS BRACELET BLACK",22.48,6
"90176A","CLASSIC DIAMANTE NECKLACE JET",22.48,3
"23640","SET 10 CARDS SCOTTIE DOG 17211",22.41,9
"23645","SET 10 CHRISTMAS CARDS HOHOHO 16956",22.41,9
"21018","BIRD BOX CHRISTMAS TREE DECORATION",22.06,24
"90035C","PEARL & SHELL 42""NECKL. IVORY",21.5,2
"84387A","BIRD ON BRANCH CANVAS SCREEN",21.45,11
"84551","CROCHET DOG KEYRING",21.45,13
"20695","FLORAL BLUE MONSTER",21.25,5
"90001B","ANTIQUE MID BLUE FLOWER EARRINGS",21.15,5
"90001C","ANTIQUE OPAL WHITE FLOWER EARRINGS",21.13,5
"90125E","AMBER BERTIE GLASS BEAD BAG CHARM",21.05,11
"16169P","WRAP GREEN RUSSIAN FOLKART",21,50
"23691","KEEP CALM BIRTHDAY WRAP",21,50
"23692","WRAP A PRETTY THANK YOU",21,50
"90001A","ANTIQUE RASPBERRY FLOWER EARRINGS",20.95,5
"17001","HEAVENS SCENT FRAGRANCE OILS ASSTD",20.88,72
"23388","WOODLAND MINI RUCKSACK",20.75,5
"47518f","ICON PLACEMAT POP ART ELVIS",20.73,5
"46776a","WOVEN BUBBLE GUM CUSHION COVER",20.65,5
"90141D","ROSE PENDANT TRIPLE SHELL NECKLACE",20.36,4
"90214P","LETTER ""P"" BLING KEY RING",20.23,39
"90034","WHITE SILVER NECKLACE SHELL GLASS",20.17,2
"84415B","BLUE FLOCK CUSHION COVER",20,8
"23601","SET 10 CARDS SNOWY SNOWDROPS  17100",19.92,8
"23616","SET 10 CARDS JINGLE BELLS 17217",19.92,8
"23646","SET 10 CARDS JINGLE BELLS 16957",19.92,8
"21681","GIANT MEDINA STAMPED METAL BOWL",19.9,2
"22776","CAKESTAND, 3 TIER, LOVEHEART",19.9,2
"37491A","YELLOW/PINK CERAMIC CANDLE HOLDER",19.81,6
"90156","RESIN BRACELET W PASTEL BEADS",19.8,4
"23029","DOORKNOB CRACKED GLAZE GREEN",19.8,12
"23031","DOORKNOB CRACKED GLAZE PINK",19.8,12
"23249","ENAMEL DINNER PLATE PANTRY",19.8,12
"85024C","PINK SMALL JEWELLED PHOTOFRAME",19.8,12
"37487B","YELLOW/ORANGE FLOWER DESIGN PLATE",19.72,68
"85028L","FRENCH CHATEAU LARGE FRUIT BOWL",19.5,10
"79062D","RETRO TIN ASHTRAY,REVOLUTIONARY",19.4,52
"85047","WHITE BEADED GARLAND STRING 20LIGHT",19.05,3
"21416","CLAM SHELL LARGE",18.75,5
"21538","DAIRY MAID  PUDDING BOWL",18.75,5
"23056","CRYSTAL CHANDELIER T-LIGHT HOLDER",18.75,3
"84856S","SMALL TAHITI BEACH BAG",18.6,4
"90041","PEARL AND CHERRY QUARTZ BRACLET",18.27,5
"35607B","BLACK FEATHER CHRISTMAS DECORATION",18.24,96
"72821","CUPID SCENTED CANDLE IN GLASS",18.15,11
"21661","VINTAGE GLASS TEA CADDY",17.85,3
"90060D","FIRE POLISHED GLASS NECKL BRONZE",17.85,3
"22134","LADLE LOVE HEART RED",17.82,24
"84856L","LARGE TAHITI BEACH BAG",17.82,2
"20935","ROUND CACTUS CANDLE",17.7,6
"90162A","ANT SILVER TURQUOISE BOUDICCA RING",17.7,6
"90027A","GLASS BEAD HOOP EARRINGS BLACK",17.66,6
"90179B","PURPLE FINE BEAD NECKLACE W TASSEL",17.59,3
"84596b","SMALL DOLLY MIX DESIGN ORANGE BOWL",17.57,7
"90011A","MIDNIGHT BLUE CRYSTAL DROP EARRINGS",17.51,6
"79331","PINK FLOCK GLASS CANDLEHOLDER",17.5,26
"90130A","WHITE STONE/CRYSTAL EARRINGS",17.5,6
"35597D","PINK/WHITE CHRISTMAS TREE 30CM",17.48,46
"23627","SET 10 CARDS XMAS GRAPHIC  17218",17.43,7
"22963","JAM JAR WITH BLUE LID",17.28,24
"37489D","PINK/GREEN FLOWER DESIGN BIG MUG",17.16,40
"22777","GLASS BELL JAR LARGE",17,2
"23342","MINT DINER CLOCK",17,2
"35645","VINTAGE BEAD PINK JEWEL BOX",17,4
"44092C","PURPLE/COPPER HANGING LAMPSHADE",17,20
"47574B","ENGLISH ROSE SCENTED HANGING HEART",17,4
"85084","HOLLY TOP CHRISTMAS STOCKING",17,20
"90026A","GLASS BEAD HOOP NECKLACE BLACK",17,2
"21120","*Boombox Ipod Classic",16.98,1
"20954","*USB Office Mirror Ball",16.94,2
"21595","Dad's Cab Electronic Meter",16.94,2
"85035a","GARDENIA 3 WICK MORRIS BOXED CANDLE",16.94,2
"90024D","NEW BAROQUE B'FLY NECKLACE PINK",16.82,2
"90024E","NEW BAROQUE B'FLY NECKLACE MONTANA",16.81,2
"21144","PINK POODLE HANGING DECORATION",16.8,5
"37489B","BLUE/YELLOW FLOWER DESIGN BIG MUG",16.77,31
"23644","SET 10 CARDS CHRISTMAS TREE 16955",16.65,5
"84031a","CHARLIE+LOLA RED HOT WATER BOTTLE",16.63,1
"84031b","CHARLIE LOLA BLUE HOT WATER BOTTLE",16.63,1
"DCGS0004","HAYNES CAMPER SHOULDER BAG",16.63,1
"85036a","GARDENIA 1 WICK MORRIS BOXED CANDLE",16.58,2
"90137","PINK COMBO MINI CRYSTALS NECKLACE",16.31,3
"16248B","BLUE HOLE PUNCH",16.25,13
"23502","PLAYING CARDS VINTAGE DOILEY",16.25,13
"35647","VINTAGE BEAD PINK SHADE",16.25,13
"85160a","WHITE BIRD GARDEN DESIGN MUG",16.13,1
"90214V","LETTER ""V"" BLING KEY RING",15.98,26
"72815","3 WICK CHRISTMAS BRIAR CANDLE",15.97,3
"84795C","OCEAN STRIPE HAMMOCK",15.9,2
"85136B","BLUE SHARK HELICOPTER",15.9,2
"22778","GLASS BELL JAR SMALL",15.8,4
"DCGS0069","OOH LA LA DOGS COLLAR",15.79,1
"20816","GOLD FLOWER CUSHION COVER",15.6,8
"78034B","BLUE NETTING STORAGE HANGER",15.6,8
"90214F","LETTER ""F"" BLING KEY RING",15.43,27
"17107D","FLOWER FAIRY 5 SUMMER DRAW LINERS",15.3,6
"22932","BAKING MOULD TOFFEE CUP  CHOCOLATE",15.3,6
"35817P","ACRYLIC JEWEL SNOWFLAKE,PINK",15.3,6
"90132","LIGHT TOPAZ TEAL/AQUA COL NECKLACE",15.16,3
"72024U","LILAC VOTIVE CANDLE",15.12,72
"90140","PINK SWEETIE NECKLACE",15.12,2
"84660b","BLACK STITCHED WALL CLOCK",15.08,2
"35610A","PINK CHRISTMAS FLOCK DROPLET",15.02,10
"17191A","ROSE FLOWER CANDLE+INCENSE 16X16CM",15,4
"23212","PAINTED HEART WREATH WITH BELL",15,12
"23251","ENAMEL MUG PANTRY",15,12
"23449","SET OF 6 EASTER RAINBOW CHICKS",15,12
"84415A","PINK FLOCK SUEDE CUSHION COVER",15,12
"84462","3 PINK HEN+CHICKS IN BASKET",15,12
"84705C","PINK FLOCK PHOTO FRAME",15,12
"90069","RUBY GLASS CLUSTER NECKLACE",15,2
"90078","PINK/WHITE GLASS DEMI CHOKER",15,2
"90189A","SILVER 2 STRAND NECKLACE-LEAF CHARM",15,2
"90025F","BAROQUE BUTTERFLY EARRINGS CRYSTAL",14.96,4
"23621","SET 10 CARDS DAVID'S MADONNA 17074",14.94,6
"23281","FOLDING MIRROR RED",14.94,18
"23282","FOLDING MIRROR IVORY",14.94,18
"84509g","SET OF 4 FAIRY CAKE PLACEMATS",14.92,2
"84989A","75 GREEN FAIRY CAKE CASES",14.85,27
"85031C","CURIOUS IMAGES SCRAP BOOK SET",14.85,3
"90046","WHITE WITH METAL BAG CHARM",14.85,3
"90048","GREEN WITH METAL BAG CHARM",14.85,3
"84593","CROCHET ROSE DES CLOTHES HANGER",14.75,5
"23634","SET 10 CARDS XMAS CHOIR 17068",14.55,5
"16202B","PASTEL BLUE PHOTO ALBUM",14.5,29
"90027C","GLASS BEAD HOOP EARRINGS GREEN",14.5,5
"90182B","AMETHYST 3 BEAD DROP EARRINGS",14.5,5
"37489A","YELLOW/PINK FLOWER DESIGN BIG MUG",14.43,33
"47593A","CAROUSEL PONIES BABY BIB",14.37,33
"90052","CRACKED GLAZE NECKLACE BROWN",14.14,2
"62043B","BLUE CHECK BAG W HANDLE 34X20CM",14.11,17
"71143","ANTIQUE SILVER BOOK MARK WITH BEADS",14.11,17
"90089","PINK CRYSTAL SKULL PHONE CHARM",13.94,20
"23540","WALL ART , THE MAGIC FOREST",13.9,2
"79336","LIGHT PINK FLOCK GLASS CANDLEHOLDER",13.68,36
"37489C","GREEN/BLUE FLOWER DESIGN BIG MUG",13.65,23
"85017A","ENVELOPE 50 ROMANTIC IMAGES",13.58,16
"90065B","BLACK VINT ART DEC CRYSTAL BRACELET",13.5,2
"90214T","LETTER ""T"" BLING KEY RING",13.46,24
"84745A","PINK HANGING GINGHAM EASTER HEN",13.44,32
"84745B","BLUE HANGING GINGHAM EASTER HEN",13.44,32
"90014C","SILVER AND BLACK ORBIT NECKLACE",13.35,2
"23639","SET 10 CARDS MAGICAL TREE 17086",13.32,4
"23271","CHRISTMAS TABLE CANDLE SILVER SPIKE",13.28,16
"23607","SET 10 CARDS HATS & STOCKINGS 17081",13.28,8
"22952","72 CAKE CASES VINTAGE CHRISTMAS",13.2,24
"37491C","GREEN/BLUE CERAMIC CANDLE HOLDER",13.2,8
"84388","WISE MAN STAR SHAPE EGG PAN",13.14,24
"37462E","PET MUG, GOLDFISH",13.1,36
"16162L","THE KING GIFT BAG",13,20
"47013C","WINE BOTTLE DRESSING DARK BLUE",12.97,52
"18097A","PINK TALL PORCELAIN T-LIGHT HOLDER",12.75,5
"21895","POTTING SHED SOW 'N' GROW SET",12.72,2
"DCGS0070","CAMOUFLAGE DOG COLLAR",12.72,1
"90042C","FRESHWATER PEARL BRACELET IVORY",12.7,5
"90055","CRACKED GLAZE EARRINGS BROWN",12.53,5
"90037C","TINY CRYSTAL BRACELET BLUE",12.52,5
"20671","BLUE TEATIME PRINT BOWL",12.5,10
"23071","MARIE ANTOIENETT TRINKET BOX GOLD",12.5,1
"23635","SET 10 CARDS CHRISTMAS HOLLY  17259",12.48,3
"90020","FILIGREE DIAMANTE CHAIN",12.48,1
"23654","SET 10 CARD SNOWMAN 16965",12.45,5
"82613c","METAL SIGN,CUPCAKE SINGLE HOOK",12.4,5
"79329","PINK FLOCK GLASS CANDLEHOLDER",12.18,12
"84016","FLAG OF ST GEORGE CAR FLAG",12.16,27
"90021","LASER CUT MULTI STRAND NECKLACE",11.95,1
"90178B","PURPLE CHUNKY GLASS+BEAD NECKLACE",11.95,1
"84614A","PINK BAROQUE FLOCK CANDLE HOLDER",11.9,2
"84620","BLUE GINGHAM ROSE CUSHION COVER",11.9,2
"44092B","BLUE WHITE PLASTIC RINGS LAMPSHADE",11.9,14
"90214Z","LETTER ""Z"" BLING KEY RING",11.84,22
"37444B","BLUE BREAKFAST CUP AND SAUCER",11.8,4
"35818B","ACRYLIC JEWEL ICICLE, BLUE",11.78,31
"16162M","THE KING GIFT BAG 25x24x12cm",11.76,28
"16043","POP ART PUSH DOWN RUBBER",11.76,98
"23605","SET 10 CARDS 12 DAYS OF XMAS 17059",11.64,4
"23608","SET 10 CARDS RUDOLPHS NOSE 17097",11.64,4
"85184c","SET 4 VALENTINE DECOUPAGE HEART BOX",11.58,2
"71050","SMALL SINGLE FLAME CANDLE HOLDER",11.55,33
"72798C","SET/4 GARDEN ROSE DINNER CANDLE",11.55,7
"90152B","BLUE/GREEN SHELL NECKLACE W PENDANT",11.46,2
"17164B","ASS COL SMALL SAND GECKO P'WEIGHT",11.34,27
"23299","FOOD COVER WITH BEADS , SET 2 SIZES",11.25,3
"90025D","BAROQUE BUTTERFLY EARRINGS PINK",11.19,3
"84536a","ENGLISH ROSE NOTEBOOK A7 SIZE",11.06,14
"37488A","YELLOW PINK FLOWER DESIGN BIG BOWL",10.92,28
"79026B","S/4 ICON COASTER,ELVIS LIVES",10.61,25
"16161M","WRAP  PINK FLOCK",10.5,25
"16169N","WRAP BLUE RUSSIAN FOLKART",10.5,25
"35966","FOLKART CHRISTMAS TREE T-LIGHT HOLD",10.26,27
"35958","FOLKART ZINC STAR CHRISTMAS DEC",10.2,12
"40005B","BLUE ORGANDY ROUND LAMPSHADE W BEA",10.2,12
"85109","PINK BOUDOIR T-LIGHT HOLDER",10.2,12
"44089C","LILAC GAUZE BUTTERFLY LAMPSHADE",10.08,24
"23086","ZINC STAR T-LIGHT HOLDER",10,8
"90053","CRACKED GLAZE EARRINGS IVORY",9.99,4
"23615","SET 10 CARDS PRINTED GRAPHIC 17219",9.96,4
"23619","SET 10 CARDS POINSETTIA 17093",9.96,4
"23624","SET 10 CARD PERFECT NATIVITY 17089",9.96,4
"23650","SET 10 CARDS FILIGREE BAUBLE 16961",9.96,4
"37474","SET/4 2 TONE EGG SHAPE MIXING BOWLS",9.95,1
"84689","S/2 BEACH HUT TREASURE CHESTS",9.95,3
"82613b","METAL SIGN,CUPCAKE SINGLE HOOK",9.94,4
"DCGS0003","BOXED GLASS ASHTRAY",9.94,4
"37491D","PURPLE/BLUE CERAMIC CANDLE HOLDER",9.88,4
"85231g","ORANGE SCENTED SET/9 T-LIGHTS",9.78,6
"44242A","LILAC FEATHERS CURTAIN",9.48,12
"23441","HAND PAINTED HANGING EASTER EGG",9.24,22
"35809B","ENAMEL BLUE RIM TEA CONTAINER",9.18,8
"90181C","BLACK GLASS/SHELL/PEARL NECKLACE",9.15,1
"90184c","BLACK CHUNKY BEAD BRACELET W STRAP",9.15,1
"37351","ORANGE FLOWER MUG",9.06,10
"20906","VINTAGE NOTEBOOK BEAUTY GIRL",8.85,3
"45013","FOLDING SHOE TIDY",8.85,3
"84773","RED ROSE AND LACE C/COVER",8.85,3
"90077","BLACK DIAMOND CLUSTER EARRINGS",8.82,3
"90011D","PURPLE CRYSTAL DROP EARRINGS",8.76,3
"90011E","AMBER CRYSTAL DROP EARRINGS",8.76,3
"90027B","GLASS BEAD HOOP EARRINGS MONTANA",8.76,3
"16206B","RED PURSE WITH PINK HEART",8.75,7
"90130D","RED STONE/CRYSTAL EARRINGS",8.7,3
"84732B","CUTE BIRD CEATURE SCREEN",8.58,22
"44265","M/COLOUR POM-POM CURTAIN",8.5,2
"90102","WHITE FRANGIPANI HAIR CLIP",8.5,10
"90167","BEADED LOVE HEART JEWELLERY SET",8.5,10
"21410","COUNTRY COTTAGE  DOORSTOP GREEN",8.47,1
"72803b","OCEAN SCENT CANDLE JEWELLED DRAWER",8.47,1
"85035b","CHOCOLATE 3 WICK MORRIS BOX CANDLE",8.47,1
"85035c","ROSE 3 WICK MORRIS BOX CANDLE",8.47,1
"85036b","CHOCOLATE 1 WICK MORRIS BOX CANDLE",8.47,1
"84975","HEART SHAPED MIRROR",8.45,5
"20871","OPULENT VELVET SET/3 CANDLES",8.42,2
"21594","Dr. Jam's Arouzer Stress Ball",8.34,2
"23612","SET 10 MINICARDS CUTE SNOWMAN 17071",8.3,5
"72802c","VANILLA SCENT CANDLE JEWELLED BOX",8.29,1
"85034b","3 WHITE CHOC MORRIS BOXED CANDLES",8.29,1
"84924F","PSYCHEDELIC METAL SIGN CALENDAR",7.9,10
"16244B","MAXWELL 2 TONE BLUE 60 PAGE PHOTO A",7.85,7
"35607A","PINK FLUFFY CHRISTMAS DECORATION",7.82,26
"85189","HANGING BUTTERFLY  EGG",7.65,9
"90042A","FRESHWATER PEARL BRACELET GOLD",7.65,3
"79149B","SILICON STAR BULB  BLUE",7.56,18
"16202E","BLACK PHOTO ALBUM",7.5,15
"21827","EIGHT PIECE CREEPY CRAWLIE SET",7.5,6
"37379A","PINK CHERRY BLOSSOM CUP & SAUCER",7.5,6
"85160A","WHITE BIRD GARDEN DESIGN MUG",7.5,6
"90025A","BAROQUE BUTTERFLY EARRINGS BLACK",7.5,2
"90068","RUBY GLASS NECKLACE 42""",7.5,1
"23633","SET 10 CARDS WORLD CHILDREN 17067",7.47,3
"62097B","BLUE STRIPES SHOULDER BAG",7.47,9
"90128A","PINK LEAVES AND BEADS PHONE CHARM",7.43,3
"84596g","SMALL CHOCOLATES PINK BOWL",7.38,3
"71496B","A4 WALL TIDY RED FLOWERS",7.37,13
"85144","JARDIN ETCHED GLASS BUTTER DISH",7.25,1
"10124G","ARMY CAMO BOOKCOVER TAPE",7.14,17
"90214O","LETTER ""O"" BLING KEY RING",6.82,16
"90214W","LETTER ""W"" BLING KEY RING",6.82,16
"35443","RASTA IN BATH W SPLIFF ASHTRAY",6.8,8
"84802B","PURPLE ANEMONE ARTIFICIAL FLOWER",6.76,4
"10124A","SPOTS ON RED BOOKCOVER TAPE",6.72,16
"21186","WHITE DOVE HONEYCOMB PAPER GARLAND",6.72,2
"35833G","4 GOLD FLOCK CHRISTMAS BALLS",6.72,2
"62074B","ELEPHANT CLIP W SUCTION CUP",6.72,16
"23604","SET 10 MINI SANTA & SNOWMAN  17087",6.64,4
"20678","LARGE BLACK DIAMANTE HAIRSLIDE",6.6,4
"37491B","BLUE/YELLOW CERAMIC CANDLE HOLDER",6.6,4
"90126C","AMBER BERTIE MOBILE PHONE CHARM",6.58,2
"85224","ASSORTED COLOUR SILK GLASSES CASE",6.3,3
"44089A","PINK GAUZE BUTTERFLY LAMPSHADE",6.3,15
"21228","POCKET MIRROR ""GLAMOROUS""",6.25,5
"35591T","TURQUOISE CHRISTMAS TREE",6.25,5
"85225","BLING KEY RING STAND",6.25,6
"23610","SET 10 CARDS CHRISTMAS ROBIN 17095",6.24,3
"90060B","FIRE POLISHED GLASS NECKL GOLD",5.95,1
"90152C","BLUE/NAT SHELL NECKLACE W PENDANT",5.95,1
"84499","BLACK FLOWER CANDLE PLATE",5.95,7
"35598C","WHITE CHRISTMAS TREE 60CM",5.9,2
"79161A","ST GEORGE SET OF 10 PARTY LIGHTS",5.9,2
"90014B","GOLD M.O.P. ORBIT NECKLACE",5.9,2
"84228","HEN HOUSE WITH CHICK STANDING",5.88,14
"23617","SET 10 CARDS SWIRLY XMAS TREE 17104",5.82,2
"23638","SET 10 CARDS ROBIN WATERPUMP  17096",5.82,2
"23652","SET 10 CARD CHRISTMAS STAMPS 16963",5.82,2
"90011C","GREEN CRYSTAL DROP EARRINGS",5.8,2
"90067B","BROWN VINTAGE VICTORIAN EARRINGS",5.8,2
"23630","SET 10 CARDS HANGING BAUBLES 17080",5.48,2
"21839","MUMMY MOUSE RED GINGHAM RIBBON",5.45,1
"35004P","SET OF 3 PINK FLYING DUCKS",5.45,1
"81953P","ROUND ARTICULATED PINK CLOCK W/SUCK",5.32,28
"20964","POLYESTER FILLER PAD 60x40cm",5.1,2
"37509","NEW ENGLAND MUG W GIFT BOX",5.1,2
"90142A","GREEN PENDANT SHELL NECKLACE",5.09,1
"84803A","PINK ALLIUM  ARTIFICIAL FLOWER",5.07,3
"22034","ROBIN CHRISTMAS CARD",5.02,10
"23649","SET 10 CARDS DECK THE HALLS 16960",4.98,2
"90135A","ORANGE/FUSCHIA STONES NECKLACE",4.98,1
"47593b","SCOTTIE DOGS BABY BIB",4.98,6
"90128C","GREEN LEAVES AND BEADS PHONE CHARM",4.97,2
"90128D","PURPLE LEAVES AND BEADS PHONE CHAR",4.97,2
"84661a","WHITE SQUARE TABLE CLOCK",4.96,1
"84661b","BLACK SQUARE TABLE CLOCK",4.96,1
"35650","VINTAGE BEAD PINK JEWEL STAND",4.95,1
"85031B","BLOSSOM IMAGES SCRAP BOOK SET",4.95,1
"90081B","LILY BROOCH WHITE/SILVER COLOUR",4.95,1
"84971l","LARGE HEART FLOWERS HOOK",4.92,2
"85049b","LUSH GREENS RIBBONS",4.92,2
"85049d","BRIGHT BLUES RIBBONS",4.92,2
"85231b","CINAMMON SET OF 9 T-LIGHTS",4.92,3
"90127A","PINK BEADS+HAND PHONE CHARM",4.92,2
"84613C","BLUE NEW BAROQUE FLOCK CANDLESTICK",4.65,1
"71215","METAL BASE FOR CANDLES",4.62,11
"79151B","SILICON CUBE 25W, BLUE",4.62,11
"35817P","PINK ACRYLIC JEWEL SNOWFLAKE",4.56,12
"84206A","3 BLACK CATS W HEARTS BLANK CARD",4.56,24
"81950V","FLOWER PURPLE CLOCK WITH SUCKER",4.35,15
"84732D","CUTE RABBIT CEATURE SCREEN",4.29,11
"20703","BLUE PADDED SOFT MOBILE",4.25,1
"22199","FRYING PAN RED POLKADOT",4.25,1
"22218","CAKE STAND LACE WHITE",4.25,1
"79157V","UBO-LIGHT TRIOBASE PURPLE",4.25,5
"81950V","FLOWER PURPLE CLOCK W/SUCKER",4.25,5
"20861","GOLD COSMETIC BAG PINK STAR",4.2,2
"47016","LIGHT DECORATION BATTERY OPERATED",4.2,2
"22206","MUG , DOTCOMGIFTSHOP.COM",4.17,5
"23391","I LOVE LONDON MINI RUCKSACK",4.15,1
"46776b","WOVEN BERRIES CUSHION COVER",4.13,1
"46776e","WOVEN CANDY CUSHION COVER",4.13,1
"47591b","SCOTTIES CHILDRENS APRON",4.13,1
"84536b","FAIRY CAKES NOTEBOOK A7 SIZE",4.05,5
"17174","ASSTD RASTA KEY-CHAINS",3.78,9
"44091A","BLUE CRUSOE CHECK LAMPSHADE",3.78,9
"90128B","BLUE LEAVES AND BEADS PHONE CHARM",3.76,2
"37464","ROBOT MUG IN DISPLAY BOX",3.75,3
"79192A","RETRO PLASTIC 70'S TRAY",3.75,3
"90025B","BAROQUE BUTTERFLY EARRINGS RED",3.73,1
"90025E","BAROQUE BUTTERFLY EARRINGS MONTANA",3.73,1
"35271S","GOLD PRINT PAPER BAG",3.61,19
"16010","FOLDING CAMPING SCISSOR W/KNIF & S",3.6,30
"84270","ASSTD DESIGN BUBBLE GUM RING",3.57,17
"16202A","PASTEL PINK PHOTO ALBUM",3.5,7
"90214U","LETTER ""U"" BLING KEY RING",3.48,12
"79157B","UBO-LIGHT TRIOBASE BLUE",3.4,4
"84802A","WHITE ANEMONE ARTIFICIAL FLOWER",3.38,2
"21160","KEEP OUT GIRLS DOOR HANGER",3.36,1
"22528","GARDENERS KNEELING PAD",3.36,1
"85119","WATERING CAN SINGLE HOOK PISTACHIO",3.36,1
"90126A","PINK BERTIE MOBILE PHONE CHARM",3.36,1
"23643","SET 10 CARDS CHRISTMAS BAUBLE 16954",3.33,1
"84534b","FAIRY CAKE NOTEBOOK A5 SIZE",3.32,2
"90187A","BLUE DROP EARRINGS W BEAD CLUSTER",3.32,1
"10123C","HEARTS WRAPPING TAPE",3.25,5
"47013A","WINE BOTTLE DRESSING LT.BLUE",3.04,14
"23602","SET 10 CARDS 3 WISE MEN 17107",2.91,1
"23609","SET 10 CARDS SNOWY ROBIN 17099",2.91,1
"23628","SET 10 CARDS TRIANGLE ICONS  17220",2.91,1
"90183c","BLACK DROP EARRINGS W LONG BEADS",2.9,1
"90100","NECKLACE+BRACELET SET PINK DAISY",2.55,1
"m","Manual",2.55,1
"17028J","INCENSE BAZAAR PEACH",2.52,6
"35609A","PINK FEATHER CHRISTMAS DECORATION",2.51,1
"62096B","PURPLE/TURQ FLOWERS HANDBAG",2.5,2
"90037A","TINY CRYSTAL BRACELET RED",2.48,1
"84201B","HAPPY BIRTHDAY CARD STRIPEY TEDDY",2.47,13
"82613a","METAL SIGN,CUPCAKE SINGLE HOOK",2.46,1
"84510e","SET OF 4 GREEN CAROUSEL COASTERS",2.46,1
"84596l","BISCUITS SMALL BOWL LIGHT BLUE",2.46,1
"85049c","ROMANTIC PINKS RIBBONS",2.46,1
"85179a","GREEN BITTY LIGHT CHAIN",2.46,1
"37330","BIG POLKADOT MUG",2.34,6
"46115B","GREEN POP ART MAO CUSHION COVER",2.28,12
"77079","DOLPHIN WINDMILL",2.12,1
"20860","GOLD COSMETICS BAG WITH BUTTERFLY",2.1,1
"21414","SCALLOP SHELL SOAP DISH",2.1,1
"47579","TEA TIME BREAKFAST BASKET",2.1,1
"85170A","SET/6 IVORY BIRD T-LIGHT CANDLES",2.1,1
"90112","PINK DOLLY HAIR CLIPS",2.1,2
"81953B","ROUND BLUE CLOCK WITH SUCKER",2.09,11
"84731","3 BIRDS CANVAS SCREEN",2.04,2
"21491","SET OF THREE VINTAGE GIFT WRAPS",1.95,1
"22146","EASTER CRAFT IVY WREATH WITH CHICK",1.95,1
"22323","PINK POLKADOT KIDS BAG",1.95,1
"90092","BLUE CRYSTAL BOOT PHONE CHARM",1.66,1
"23664","FLOWER SHOP DESIGN MUG",1.65,1
"84550","CROCHET LILAC/RED BEAR KEYRING",1.65,1
"84206C","CHAMPAGNE TRAY BLANK CARD",1.52,8
"21009","ETCHED GLASS STAR TREE DECORATION",1.25,1
"23370","SET 36 COLOURING PENCILS DOILEY",1.25,1
"35597A","DUSTY PINK CHRISTMAS TREE 30CM",1.25,1
"35597B","BLACKCHRISTMAS TREE 30CM",1.25,1
"37461","FUNKY MONKEY MUG",1.25,1
"84569C","PACK 4 FLOWER/BUTTERFLY PATCHES",1.25,1
"84743C","ORANGE FELT VASE + FLOWERS",1.25,1
"84977","WIRE FLOWER T-LIGHT HOLDER",1.25,1
"84990","60 GOLD AND SILVER FAIRY CAKE CASES",1.1,2
"84201C","HAPPY BIRTHDAY CARD TEDDY/CAKE",0.95,5
"84206B","CAT WITH SUNGLASSES BLANK CARD",0.95,5
"90084","PINK CRYSTAL GUITAR PHONE CHARM",0.85,1
"21268","VINTAGE BLUE TINSEL REEL",0.84,2
"51014c","FEATHER PEN,COAL BLACK",0.83,1
"23366","SET 12 COLOURING PENCILS DOILEY",0.65,1
"84227","HEN HOUSE W CHICK IN NEST",0.42,1
"PADS","PADS TO MATCH ALL CUSHIONS",0.003,3
